
> national-material-master-backend@1.0.0 dev
> nodemon src/server.js

[33m[nodemon] 3.1.14[39m
[33m[nodemon] to restart at any time, enter `rs`[39m
[33m[nodemon] watching path(s): *.*[39m
[33m[nodemon] watching extensions: js,mjs,cjs,json[39m
[32m[nodemon] starting `node src/server.js`[39m
Node.js/Express Backend running on http://localhost:5000
Database sync connector ready.
Connected to the MySQL database.
Database tables initialized successfully.
Materials table migration check completed.
ML pipeline run error: connect ECONNREFUSED ::1:8000; connect ECONNREFUSED 127.0.0.1:8000
[32m[nodemon] restarting due to changes...[39m
[32m[nodemon] starting `node src/server.js`[39m
Node.js/Express Backend running on http://localhost:5000
Database sync connector ready.
Connected to the MySQL database.
Database tables initialized successfully.
Materials table migration check completed.
Failed to parse comparison for match 1900: {
  grade: 'MATCH',
  length: 'MATCH',
  material: 'MATCH',
  pressure: 'MISSING',
  standard: 'MATCH',
  dimension: 'MATCH',
  product_type: 'MATCH',
  dimension_unit: 'MATCH'
}
Failed to parse comparison for match 1901: {
  grade: 'MATCH',
  length: 'MATCH',
  material: 'MATCH',
  pressure: 'MISSING',
  standard: 'MATCH',
  dimension: 'MATCH',
  product_type: 'MATCH',
  dimension_unit: 'MATCH'
}
Failed to parse comparison for match 1905: {
  grade: 'MISSING',
  length: 'MISSING',
  material: 'MISSING',
  pressure: 'MISSING',
  standard: 'MISSING',
  dimension: 'MISSING',
  product_type: 'MISSING',
  dimension_unit: 'MISSING'
}
Failed to parse comparison for match 1906: {
  grade: 'MISSING',
  length: 'MISSING',
  material: 'MISSING',
  pressure: 'MISSING',
  standard: 'MISSING',
  dimension: 'MISSING',
  product_type: 'MISSING',
  dimension_unit: 'MISSING'
}
Failed to parse comparison for match 1907: {
  grade: 'MISSING',
  length: 'MISSING',
  material: 'MISSING',
  pressure: 'MISSING',
  standard: 'MISSING',
  dimension: 'MISSING',
  product_type: 'MISSING',
  dimension_unit: 'MISSING'
}
Failed to parse comparison for match 1908: {
  grade: 'MISSING',
  length: 'MISSING',
  material: 'MISSING',
  pressure: 'MISSING',
  standard: 'MISSING',
  dimension: 'MISSING',
  product_type: 'MISSING',
  dimension_unit: 'MISSING'
}
Failed to parse comparison for match 1909: {
  grade: 'MISSING',
  length: 'MISSING',
  material: 'MISSING',
  pressure: 'MISSING',
  standard: 'MISSING',
  dimension: 'MISSING',
  product_type: 'MISSING',
  dimension_unit: 'MISSING'
}
Failed to parse comparison for match 1910: {
  grade: 'MISSING',
  length: 'MISSING',
  material: 'MISSING',
  pressure: 'MISSING',
  standard: 'MISSING',
  dimension: 'MISSING',
  product_type: 'MISSING',
  dimension_unit: 'MISSING'
}
Failed to parse comparison for match 1911: {
  grade: 'MISSING',
  length: 'MISSING',
  material: 'MISSING',
  pressure: 'MISSING',
  standard: 'MISSING',
  dimension: 'MISSING',
  product_type: 'MISSING',
  dimension_unit: 'MISSING'
}
Failed to parse comparison for match 1912: {
  grade: 'MISSING',
  length: 'MISSING',
  material: 'MISSING',
  pressure: 'MISSING',
  standard: 'MISSING',
  dimension: 'MISSING',
  product_type: 'MISSING',
  dimension_unit: 'MISSING'
}
Failed to parse comparison for match 1913: {
  grade: 'MISSING',
  length: 'MISSING',
  material: 'MISSING',
  pressure: 'MISSING',
  standard: 'MISSING',
  dimension: 'MISSING',
  product_type: 'MISSING',
  dimension_unit: 'MISSING'
}
Failed to parse comparison for match 1914: {
  grade: 'MISSING',
  length: 'MISSING',
  material: 'MISSING',
  pressure: 'MISSING',
  standard: 'MISSING',
  dimension: 'MISSING',
  product_type: 'MISSING',
  dimension_unit: 'MISSING'
}
Failed to parse comparison for match 1915: {
  grade: 'MISSING',
  length: 'MISSING',
  material: 'MISSING',
  pressure: 'MISSING',
  standard: 'MISSING',
  dimension: 'MISSING',
  product_type: 'MISSING',
  dimension_unit: 'MISSING'
}
Failed to parse comparison for match 1916: {
  grade: 'MISSING',
  length: 'MISSING',
  material: 'MISSING',
  pressure: 'MISSING',
  standard: 'MISSING',
  dimension: 'MISSING',
  product_type: 'MISSING',
  dimension_unit: 'MISSING'
}
Failed to parse comparison for match 1917: {
  grade: 'MISSING',
  length: 'MISSING',
  material: 'MISSING',
  pressure: 'MISSING',
  standard: 'MISSING',
  dimension: 'MISSING',
  product_type: 'MISSING',
  dimension_unit: 'MISSING'
}
Failed to parse comparison for match 1918: {
  grade: 'MISSING',
  length: 'MISSING',
  material: 'MISSING',
  pressure: 'MISSING',
  standard: 'MISSING',
  dimension: 'MISSING',
  product_type: 'MISSING',
  dimension_unit: 'MISSING'
}
Failed to parse comparison for match 1919: {
  grade: 'MISSING',
  length: 'MISSING',
  material: 'MISSING',
  pressure: 'MISSING',
  standard: 'MISSING',
  dimension: 'MISSING',
  product_type: 'MISSING',
  dimension_unit: 'MISSING'
}
Failed to parse comparison for match 1920: {
  grade: 'MISSING',
  length: 'MISSING',
  material: 'MISSING',
  pressure: 'MISSING',
  standard: 'MISSING',
  dimension: 'MISSING',
  product_type: 'MISSING',
  dimension_unit: 'MISSING'
}
Failed to parse comparison for match 1921: {
  grade: 'MISSING',
  length: 'MISSING',
  material: 'MISSING',
  pressure: 'MISSING',
  standard: 'MISSING',
  dimension: 'MISSING',
  product_type: 'MISSING',
  dimension_unit: 'MISSING'
}
Failed to parse comparison for match 1922: {
  grade: 'MISSING',
  length: 'MISSING',
  material: 'MISSING',
  pressure: 'MISSING',
  standard: 'MISSING',
  dimension: 'MISSING',
  product_type: 'MISSING',
  dimension_unit: 'MISSING'
}
Failed to parse comparison for match 1923: {
  grade: 'MISSING',
  length: 'MISSING',
  material: 'MISSING',
  pressure: 'MISSING',
  standard: 'MISSING',
  dimension: 'MISSING',
  product_type: 'MISSING',
  dimension_unit: 'MISSING'
}
Failed to parse comparison for match 1924: {
  grade: 'MISSING',
  length: 'MISSING',
  material: 'MISSING',
  pressure: 'MISSING',
  standard: 'MISSING',
  dimension: 'MISSING',
  product_type: 'MISSING',
  dimension_unit: 'MISSING'
}
Failed to parse comparison for match 1925: {
  grade: 'MISSING',
  length: 'MISSING',
  material: 'MISSING',
  pressure: 'MISSING',
  standard: 'MISSING',
  dimension: 'MISSING',
  product_type: 'MISSING',
  dimension_unit: 'MISSING'
}
Failed to parse comparison for match 1926: {
  grade: 'MISSING',
  length: 'MISSING',
  material: 'MISSING',
  pressure: 'MISSING',
  standard: 'MISSING',
  dimension: 'MISSING',
  product_type: 'MISSING',
  dimension_unit: 'MISSING'
}
Failed to parse comparison for match 1927: {
  grade: 'MISSING',
  length: 'MISSING',
  material: 'MISSING',
  pressure: 'MISSING',
  standard: 'MISSING',
  dimension: 'MISSING',
  product_type: 'MISSING',
  dimension_unit: 'MISSING'
}
Failed to parse comparison for match 1928: {
  grade: 'MISSING',
  length: 'MISSING',
  material: 'MISSING',
  pressure: 'MISSING',
  standard: 'MISSING',
  dimension: 'MISSING',
  product_type: 'MISSING',
  dimension_unit: 'MISSING'
}
Failed to parse comparison for match 1929: {
  grade: 'MISSING',
  length: 'MISSING',
  material: 'MISSING',
  pressure: 'MISSING',
  standard: 'MISSING',
  dimension: 'MISSING',
  product_type: 'MISSING',
  dimension_unit: 'MISSING'
}
Failed to parse comparison for match 1930: {
  grade: 'MISSING',
  length: 'MISSING',
  material: 'MISSING',
  pressure: 'MISSING',
  standard: 'MISSING',
  dimension: 'MISSING',
  product_type: 'MISSING',
  dimension_unit: 'MISSING'
}
Failed to parse comparison for match 1931: {
  grade: 'MISSING',
  length: 'MISSING',
  material: 'MISSING',
  pressure: 'MISSING',
  standard: 'MISSING',
  dimension: 'MISSING',
  product_type: 'MISSING',
  dimension_unit: 'MISSING'
}
Failed to parse comparison for match 1932: {
  grade: 'MISSING',
  length: 'MISSING',
  material: 'MISSING',
  pressure: 'MISSING',
  standard: 'MISSING',
  dimension: 'MISSING',
  product_type: 'MISSING',
  dimension_unit: 'MISSING'
}
Failed to parse comparison for match 1933: {
  grade: 'MISSING',
  length: 'MISSING',
  material: 'MISSING',
  pressure: 'MISSING',
  standard: 'MISSING',
  dimension: 'MISSING',
  product_type: 'MISSING',
  dimension_unit: 'MISSING'
}
Failed to parse comparison for match 1934: {
  grade: 'MISSING',
  length: 'MISSING',
  material: 'MISSING',
  pressure: 'MISSING',
  standard: 'MISSING',
  dimension: 'MISSING',
  product_type: 'MISSING',
  dimension_unit: 'MISSING'
}
Failed to parse comparison for match 1935: {
  grade: 'MISSING',
  length: 'MISSING',
  material: 'MISSING',
  pressure: 'MISSING',
  standard: 'MISSING',
  dimension: 'MISSING',
  product_type: 'MISSING',
  dimension_unit: 'MISSING'
}
Failed to parse comparison for match 1936: {
  grade: 'MISSING',
  length: 'MISSING',
  material: 'MISSING',
  pressure: 'MISSING',
  standard: 'MISSING',
  dimension: 'MISSING',
  product_type: 'MISSING',
  dimension_unit: 'MISSING'
}
Failed to parse comparison for match 1937: {
  grade: 'MISSING',
  length: 'MISSING',
  material: 'MISSING',
  pressure: 'MISSING',
  standard: 'MISSING',
  dimension: 'MISSING',
  product_type: 'MISSING',
  dimension_unit: 'MISSING'
}
Failed to parse comparison for match 1938: {
  grade: 'MISSING',
  length: 'MISSING',
  material: 'MISSING',
  pressure: 'MISSING',
  standard: 'MISSING',
  dimension: 'MISSING',
  product_type: 'MISSING',
  dimension_unit: 'MISSING'
}
Failed to parse comparison for match 1939: {
  grade: 'MISSING',
  length: 'MISSING',
  material: 'MISSING',
  pressure: 'MISSING',
  standard: 'MISSING',
  dimension: 'MISSING',
  product_type: 'MISSING',
  dimension_unit: 'MISSING'
}
Failed to parse comparison for match 1940: {
  grade: 'MISSING',
  length: 'MISSING',
  material: 'MISSING',
  pressure: 'MISSING',
  standard: 'MISSING',
  dimension: 'MISSING',
  product_type: 'MISSING',
  dimension_unit: 'MISSING'
}
Failed to parse comparison for match 1941: {
  grade: 'MISSING',
  length: 'MISSING',
  material: 'MISSING',
  pressure: 'MISSING',
  standard: 'MISSING',
  dimension: 'MISSING',
  product_type: 'MISSING',
  dimension_unit: 'MISSING'
}
Failed to parse comparison for match 1942: {
  grade: 'MISSING',
  length: 'MISSING',
  material: 'MISSING',
  pressure: 'MISSING',
  standard: 'MISSING',
  dimension: 'MISSING',
  product_type: 'MISSING',
  dimension_unit: 'MISSING'
}
Failed to parse comparison for match 1943: {
  grade: 'MISSING',
  length: 'MISSING',
  material: 'MISSING',
  pressure: 'MISSING',
  standard: 'MISSING',
  dimension: 'MISSING',
  product_type: 'MISSING',
  dimension_unit: 'MISSING'
}
Failed to parse comparison for match 1944: {
  grade: 'MISSING',
  length: 'MISSING',
  material: 'MISSING',
  pressure: 'MISSING',
  standard: 'MISSING',
  dimension: 'MISSING',
  product_type: 'MISSING',
  dimension_unit: 'MISSING'
}
Failed to parse comparison for match 1945: {
  grade: 'MISSING',
  length: 'MISSING',
  material: 'MISSING',
  pressure: 'MISSING',
  standard: 'MISSING',
  dimension: 'MISSING',
  product_type: 'MISSING',
  dimension_unit: 'MISSING'
}
Failed to parse comparison for match 1946: {
  grade: 'MISSING',
  length: 'MISSING',
  material: 'MISSING',
  pressure: 'MISSING',
  standard: 'MISSING',
  dimension: 'MISSING',
  product_type: 'MISSING',
  dimension_unit: 'MISSING'
}
Failed to parse comparison for match 1947: {
  grade: 'MISSING',
  length: 'MISSING',
  material: 'MISSING',
  pressure: 'MISSING',
  standard: 'MISSING',
  dimension: 'MISSING',
  product_type: 'MISSING',
  dimension_unit: 'MISSING'
}
Failed to parse comparison for match 1948: {
  grade: 'MISSING',
  length: 'MISSING',
  material: 'MISSING',
  pressure: 'MISSING',
  standard: 'MISSING',
  dimension: 'MISSING',
  product_type: 'MISSING',
  dimension_unit: 'MISSING'
}
Failed to parse comparison for match 1949: {
  grade: 'MISSING',
  length: 'MISSING',
  material: 'MISSING',
  pressure: 'MISSING',
  standard: 'MISSING',
  dimension: 'MISSING',
  product_type: 'MISSING',
  dimension_unit: 'MISSING'
}
Failed to parse comparison for match 1950: {
  grade: 'MISSING',
  length: 'MISSING',
  material: 'MISSING',
  pressure: 'MISSING',
  standard: 'MISSING',
  dimension: 'MISSING',
  product_type: 'MISSING',
  dimension_unit: 'MISSING'
}
Failed to parse comparison for match 1951: {
  grade: 'MISSING',
  length: 'MISSING',
  material: 'MISSING',
  pressure: 'MISSING',
  standard: 'MISSING',
  dimension: 'MISSING',
  product_type: 'MISSING',
  dimension_unit: 'MISSING'
}
Failed to parse comparison for match 1952: {
  grade: 'MISSING',
  length: 'MISSING',
  material: 'MISSING',
  pressure: 'MISSING',
  standard: 'MISSING',
  dimension: 'MISSING',
  product_type: 'MISSING',
  dimension_unit: 'MISSING'
}
Failed to parse comparison for match 1953: {
  grade: 'MISSING',
  length: 'MISSING',
  material: 'MISSING',
  pressure: 'MISSING',
  standard: 'MISSING',
  dimension: 'MISSING',
  product_type: 'MISSING',
  dimension_unit: 'MISSING'
}
Failed to parse comparison for match 1954: {
  grade: 'MISSING',
  length: 'MISSING',
  material: 'MISSING',
  pressure: 'MISSING',
  standard: 'MISSING',
  dimension: 'MISSING',
  product_type: 'MISSING',
  dimension_unit: 'MISSING'
}
Failed to parse comparison for match 1955: {
  grade: 'MISSING',
  length: 'MISSING',
  material: 'MISSING',
  pressure: 'MISSING',
  standard: 'MISSING',
  dimension: 'MISSING',
  product_type: 'MISSING',
  dimension_unit: 'MISSING'
}
Failed to parse comparison for match 1956: {
  grade: 'MISSING',
  length: 'MISSING',
  material: 'MISSING',
  pressure: 'MISSING',
  standard: 'MISSING',
  dimension: 'MISSING',
  product_type: 'MISSING',
  dimension_unit: 'MISSING'
}
Failed to parse comparison for match 1957: {
  grade: 'MISSING',
  length: 'MISSING',
  material: 'MISSING',
  pressure: 'MISSING',
  standard: 'MISSING',
  dimension: 'MISSING',
  product_type: 'MISSING',
  dimension_unit: 'MISSING'
}
Failed to parse comparison for match 1958: {
  grade: 'MISSING',
  length: 'MISSING',
  material: 'MISSING',
  pressure: 'MISSING',
  standard: 'MISSING',
  dimension: 'MISSING',
  product_type: 'MISSING',
  dimension_unit: 'MISSING'
}
Failed to parse comparison for match 1959: {
  grade: 'MISSING',
  length: 'MISSING',
  material: 'MISSING',
  pressure: 'MISSING',
  standard: 'MISSING',
  dimension: 'MISSING',
  product_type: 'MISSING',
  dimension_unit: 'MISSING'
}
Failed to parse comparison for match 1960: {
  grade: 'MISSING',
  length: 'MISSING',
  material: 'MISSING',
  pressure: 'MISSING',
  standard: 'MISSING',
  dimension: 'MISSING',
  product_type: 'MISSING',
  dimension_unit: 'MISSING'
}
Failed to parse comparison for match 1961: {
  grade: 'MISSING',
  length: 'MISSING',
  material: 'MISSING',
  pressure: 'MISSING',
  standard: 'MISSING',
  dimension: 'MISSING',
  product_type: 'MISSING',
  dimension_unit: 'MISSING'
}
Failed to parse comparison for match 1962: {
  grade: 'MISSING',
  length: 'MISSING',
  material: 'MISSING',
  pressure: 'MISSING',
  standard: 'MISSING',
  dimension: 'MISSING',
  product_type: 'MISSING',
  dimension_unit: 'MISSING'
}
Failed to parse comparison for match 1963: {
  grade: 'MISSING',
  length: 'MISSING',
  material: 'MISSING',
  pressure: 'MISSING',
  standard: 'MISSING',
  dimension: 'MISSING',
  product_type: 'MISSING',
  dimension_unit: 'MISSING'
}
Failed to parse comparison for match 1964: {
  grade: 'MISSING',
  length: 'MISSING',
  material: 'MISSING',
  pressure: 'MISSING',
  standard: 'MISSING',
  dimension: 'MISSING',
  product_type: 'MISSING',
  dimension_unit: 'MISSING'
}
Failed to parse comparison for match 1965: {
  grade: 'MISSING',
  length: 'MISSING',
  material: 'MISSING',
  pressure: 'MISSING',
  standard: 'MISSING',
  dimension: 'MISSING',
  product_type: 'MISSING',
  dimension_unit: 'MISSING'
}
Failed to parse comparison for match 1966: {
  grade: 'MISSING',
  length: 'MISSING',
  material: 'MISSING',
  pressure: 'MISSING',
  standard: 'MISSING',
  dimension: 'MISSING',
  product_type: 'MISSING',
  dimension_unit: 'MISSING'
}
Failed to parse comparison for match 1967: {
  grade: 'MISSING',
  length: 'MISSING',
  material: 'MISSING',
  pressure: 'MISSING',
  standard: 'MISSING',
  dimension: 'MISSING',
  product_type: 'MISSING',
  dimension_unit: 'MISSING'
}
Failed to parse comparison for match 1968: {
  grade: 'MISSING',
  length: 'MISSING',
  material: 'MISSING',
  pressure: 'MISSING',
  standard: 'MISSING',
  dimension: 'MISSING',
  product_type: 'MISSING',
  dimension_unit: 'MISSING'
}
Failed to parse comparison for match 1969: {
  grade: 'MISSING',
  length: 'MISSING',
  material: 'MISSING',
  pressure: 'MISSING',
  standard: 'MISSING',
  dimension: 'MISSING',
  product_type: 'MISSING',
  dimension_unit: 'MISSING'
}
Failed to parse comparison for match 1970: {
  grade: 'MISSING',
  length: 'MISSING',
  material: 'MISSING',
  pressure: 'MISSING',
  standard: 'MISSING',
  dimension: 'MISSING',
  product_type: 'MISSING',
  dimension_unit: 'MISSING'
}
Failed to parse comparison for match 1971: {
  grade: 'MISSING',
  length: 'MISSING',
  material: 'MISSING',
  pressure: 'MISSING',
  standard: 'MISSING',
  dimension: 'MISSING',
  product_type: 'MISSING',
  dimension_unit: 'MISSING'
}
Failed to parse comparison for match 1972: {
  grade: 'MISSING',
  length: 'MISSING',
  material: 'MISSING',
  pressure: 'MISSING',
  standard: 'MISSING',
  dimension: 'MISSING',
  product_type: 'MISSING',
  dimension_unit: 'MISSING'
}
Failed to parse comparison for match 1973: {
  grade: 'MISSING',
  length: 'MISSING',
  material: 'MISSING',
  pressure: 'MISSING',
  standard: 'MISSING',
  dimension: 'MISSING',
  product_type: 'MISSING',
  dimension_unit: 'MISSING'
}
Failed to parse comparison for match 1974: {
  grade: 'MISSING',
  length: 'MISSING',
  material: 'MISSING',
  pressure: 'MISSING',
  standard: 'MISSING',
  dimension: 'MISSING',
  product_type: 'MISSING',
  dimension_unit: 'MISSING'
}
Failed to parse comparison for match 1975: {
  grade: 'MISSING',
  length: 'MISSING',
  material: 'MISSING',
  pressure: 'MISSING',
  standard: 'MISSING',
  dimension: 'MISSING',
  product_type: 'MISSING',
  dimension_unit: 'MISSING'
}
Failed to parse comparison for match 1976: {
  grade: 'MISSING',
  length: 'MISSING',
  material: 'MISSING',
  pressure: 'MISSING',
  standard: 'MISSING',
  dimension: 'MISSING',
  product_type: 'MISSING',
  dimension_unit: 'MISSING'
}
Failed to parse comparison for match 1977: {
  grade: 'MISSING',
  length: 'MISSING',
  material: 'MISSING',
  pressure: 'MISSING',
  standard: 'MISSING',
  dimension: 'MISSING',
  product_type: 'MISSING',
  dimension_unit: 'MISSING'
}
Failed to parse comparison for match 1978: {
  grade: 'MISSING',
  length: 'MISSING',
  material: 'MISSING',
  pressure: 'MISSING',
  standard: 'MISSING',
  dimension: 'MISSING',
  product_type: 'MISSING',
  dimension_unit: 'MISSING'
}
Failed to parse comparison for match 1979: {
  grade: 'MISSING',
  length: 'MISSING',
  material: 'MISSING',
  pressure: 'MISSING',
  standard: 'MISSING',
  dimension: 'MISSING',
  product_type: 'MISSING',
  dimension_unit: 'MISSING'
}
Failed to parse comparison for match 1980: {
  grade: 'MISSING',
  length: 'MISSING',
  material: 'MISSING',
  pressure: 'MISSING',
  standard: 'MISSING',
  dimension: 'MISSING',
  product_type: 'MISSING',
  dimension_unit: 'MISSING'
}
Failed to parse comparison for match 1981: {
  grade: 'MISSING',
  length: 'MISSING',
  material: 'MISSING',
  pressure: 'MISSING',
  standard: 'MISSING',
  dimension: 'MISSING',
  product_type: 'MISSING',
  dimension_unit: 'MISSING'
}
Failed to parse comparison for match 1982: {
  grade: 'MISSING',
  length: 'MISSING',
  material: 'MISSING',
  pressure: 'MISSING',
  standard: 'MISSING',
  dimension: 'MISSING',
  product_type: 'MISSING',
  dimension_unit: 'MISSING'
}
Failed to parse comparison for match 1983: {
  grade: 'MISSING',
  length: 'MISSING',
  material: 'MISSING',
  pressure: 'MISSING',
  standard: 'MISSING',
  dimension: 'MISSING',
  product_type: 'MISSING',
  dimension_unit: 'MISSING'
}
Failed to parse comparison for match 1984: {
  grade: 'MISSING',
  length: 'MISSING',
  material: 'MISSING',
  pressure: 'MISSING',
  standard: 'MISSING',
  dimension: 'MISSING',
  product_type: 'MISSING',
  dimension_unit: 'MISSING'
}
Failed to parse comparison for match 1985: {
  grade: 'MISSING',
  length: 'MISSING',
  material: 'MISSING',
  pressure: 'MISSING',
  standard: 'MISSING',
  dimension: 'MISSING',
  product_type: 'MISSING',
  dimension_unit: 'MISSING'
}
Failed to parse comparison for match 1986: {
  grade: 'MISSING',
  length: 'MISSING',
  material: 'MISSING',
  pressure: 'MISSING',
  standard: 'MISSING',
  dimension: 'MISSING',
  product_type: 'MISSING',
  dimension_unit: 'MISSING'
}
Failed to parse comparison for match 1987: {
  grade: 'MISSING',
  length: 'MISSING',
  material: 'MISSING',
  pressure: 'MISSING',
  standard: 'MISSING',
  dimension: 'MISSING',
  product_type: 'MISSING',
  dimension_unit: 'MISSING'
}
Failed to parse comparison for match 1988: {
  grade: 'MISSING',
  length: 'MISSING',
  material: 'MISSING',
  pressure: 'MISSING',
  standard: 'MISSING',
  dimension: 'MISSING',
  product_type: 'MISSING',
  dimension_unit: 'MISSING'
}
Failed to parse comparison for match 1989: {
  grade: 'MISSING',
  length: 'MISSING',
  material: 'MISSING',
  pressure: 'MISSING',
  standard: 'MISSING',
  dimension: 'MISSING',
  product_type: 'MISSING',
  dimension_unit: 'MISSING'
}
Failed to parse comparison for match 1990: {
  grade: 'MISSING',
  length: 'MISSING',
  material: 'MISSING',
  pressure: 'MISSING',
  standard: 'MISSING',
  dimension: 'MISSING',
  product_type: 'MISSING',
  dimension_unit: 'MISSING'
}
Failed to parse comparison for match 1991: {
  grade: 'MISSING',
  length: 'MISSING',
  material: 'MISSING',
  pressure: 'MISSING',
  standard: 'MISSING',
  dimension: 'MISSING',
  product_type: 'MISSING',
  dimension_unit: 'MISSING'
}
Failed to parse comparison for match 1992: {
  grade: 'MISSING',
  length: 'MISSING',
  material: 'MISSING',
  pressure: 'MISSING',
  standard: 'MISSING',
  dimension: 'MISSING',
  product_type: 'MISSING',
  dimension_unit: 'MISSING'
}
Failed to parse comparison for match 1993: {
  grade: 'MISSING',
  length: 'MISSING',
  material: 'MISSING',
  pressure: 'MISSING',
  standard: 'MISSING',
  dimension: 'MISSING',
  product_type: 'MISSING',
  dimension_unit: 'MISSING'
}
Failed to parse comparison for match 1994: {
  grade: 'MISSING',
  length: 'MISSING',
  material: 'MISSING',
  pressure: 'MISSING',
  standard: 'MISSING',
  dimension: 'MISSING',
  product_type: 'MISSING',
  dimension_unit: 'MISSING'
}
Failed to parse comparison for match 1995: {
  grade: 'MISSING',
  length: 'MISSING',
  material: 'MISSING',
  pressure: 'MISSING',
  standard: 'MISSING',
  dimension: 'MISSING',
  product_type: 'MISSING',
  dimension_unit: 'MISSING'
}
Failed to parse comparison for match 1996: {
  grade: 'MISSING',
  length: 'MISSING',
  material: 'MISSING',
  pressure: 'MISSING',
  standard: 'MISSING',
  dimension: 'MISSING',
  product_type: 'MISSING',
  dimension_unit: 'MISSING'
}
Failed to parse comparison for match 1997: {
  grade: 'MISSING',
  length: 'MISSING',
  material: 'MISSING',
  pressure: 'MISSING',
  standard: 'MISSING',
  dimension: 'MISSING',
  product_type: 'MISSING',
  dimension_unit: 'MISSING'
}
Failed to parse comparison for match 1998: {
  grade: 'MISSING',
  length: 'MISSING',
  material: 'MISSING',
  pressure: 'MISSING',
  standard: 'MISSING',
  dimension: 'MISSING',
  product_type: 'MISSING',
  dimension_unit: 'MISSING'
}
Failed to parse comparison for match 1999: {
  grade: 'MISSING',
  length: 'MISSING',
  material: 'MISSING',
  pressure: 'MISSING',
  standard: 'MISSING',
  dimension: 'MISSING',
  product_type: 'MISSING',
  dimension_unit: 'MISSING'
}
Failed to parse comparison for match 2000: {
  grade: 'MISSING',
  length: 'MISSING',
  material: 'MISSING',
  pressure: 'MISSING',
  standard: 'MISSING',
  dimension: 'MISSING',
  product_type: 'MISSING',
  dimension_unit: 'MISSING'
}
Failed to parse comparison for match 2001: {
  grade: 'MISSING',
  length: 'MISSING',
  material: 'MISSING',
  pressure: 'MISSING',
  standard: 'MISSING',
  dimension: 'MISSING',
  product_type: 'MISSING',
  dimension_unit: 'MISSING'
}
Failed to parse comparison for match 2002: {
  grade: 'MISSING',
  length: 'MISSING',
  material: 'MISSING',
  pressure: 'MISSING',
  standard: 'MISSING',
  dimension: 'MISSING',
  product_type: 'MISSING',
  dimension_unit: 'MISSING'
}
Failed to parse comparison for match 2003: {
  grade: 'MISSING',
  length: 'MISSING',
  material: 'MISSING',
  pressure: 'MISSING',
  standard: 'MISSING',
  dimension: 'MISSING',
  product_type: 'MISSING',
  dimension_unit: 'MISSING'
}
Failed to parse comparison for match 2004: {
  grade: 'MISSING',
  length: 'MISSING',
  material: 'MISSING',
  pressure: 'MISSING',
  standard: 'MISSING',
  dimension: 'MISSING',
  product_type: 'MISSING',
  dimension_unit: 'MISSING'
}
Failed to parse comparison for match 2005: {
  grade: 'MISSING',
  length: 'MISSING',
  material: 'MISSING',
  pressure: 'MISSING',
  standard: 'MISSING',
  dimension: 'MISSING',
  product_type: 'MISSING',
  dimension_unit: 'MISSING'
}
Failed to parse comparison for match 2006: {
  grade: 'MISSING',
  length: 'MISSING',
  material: 'MISSING',
  pressure: 'MISSING',
  standard: 'MISSING',
  dimension: 'MISSING',
  product_type: 'MISSING',
  dimension_unit: 'MISSING'
}
Failed to parse comparison for match 2007: {
  grade: 'MISSING',
  length: 'MISSING',
  material: 'MISSING',
  pressure: 'MISSING',
  standard: 'MISSING',
  dimension: 'MISSING',
  product_type: 'MISSING',
  dimension_unit: 'MISSING'
}
Failed to parse comparison for match 2008: {
  grade: 'MISSING',
  length: 'MISSING',
  material: 'MISSING',
  pressure: 'MISSING',
  standard: 'MISSING',
  dimension: 'MISSING',
  product_type: 'MISSING',
  dimension_unit: 'MISSING'
}
Failed to parse comparison for match 2009: {
  grade: 'MISSING',
  length: 'MISSING',
  material: 'MISSING',
  pressure: 'MISSING',
  standard: 'MISSING',
  dimension: 'MISSING',
  product_type: 'MISSING',
  dimension_unit: 'MISSING'
}
Failed to parse comparison for match 2010: {
  grade: 'MISSING',
  length: 'MISSING',
  material: 'MISSING',
  pressure: 'MISSING',
  standard: 'MISSING',
  dimension: 'MISSING',
  product_type: 'MISSING',
  dimension_unit: 'MISSING'
}
Failed to parse comparison for match 2011: {
  grade: 'MISSING',
  length: 'MISSING',
  material: 'MISSING',
  pressure: 'MISSING',
  standard: 'MISSING',
  dimension: 'MISSING',
  product_type: 'MISSING',
  dimension_unit: 'MISSING'
}
Failed to parse comparison for match 2012: {
  grade: 'MISSING',
  length: 'MISSING',
  material: 'MISSING',
  pressure: 'MISSING',
  standard: 'MISSING',
  dimension: 'MISSING',
  product_type: 'MISSING',
  dimension_unit: 'MISSING'
}
Failed to parse comparison for match 2013: {
  grade: 'MISSING',
  length: 'MISSING',
  material: 'MISSING',
  pressure: 'MISSING',
  standard: 'MISSING',
  dimension: 'MISSING',
  product_type: 'MISSING',
  dimension_unit: 'MISSING'
}
Failed to parse comparison for match 2014: {
  grade: 'MISSING',
  length: 'MISSING',
  material: 'MISSING',
  pressure: 'MISSING',
  standard: 'MISSING',
  dimension: 'MISSING',
  product_type: 'MISSING',
  dimension_unit: 'MISSING'
}
Failed to parse comparison for match 2015: {
  grade: 'MISSING',
  length: 'MISSING',
  material: 'MISSING',
  pressure: 'MISSING',
  standard: 'MISSING',
  dimension: 'MISSING',
  product_type: 'MISSING',
  dimension_unit: 'MISSING'
}
Failed to parse comparison for match 2016: {
  grade: 'MISSING',
  length: 'MISSING',
  material: 'MISSING',
  pressure: 'MISSING',
  standard: 'MISSING',
  dimension: 'MISSING',
  product_type: 'MISSING',
  dimension_unit: 'MISSING'
}
Failed to parse comparison for match 2017: {
  grade: 'MISSING',
  length: 'MISSING',
  material: 'MISSING',
  pressure: 'MISSING',
  standard: 'MISSING',
  dimension: 'MISSING',
  product_type: 'MISSING',
  dimension_unit: 'MISSING'
}
Failed to parse comparison for match 2018: {
  grade: 'MISSING',
  length: 'MISSING',
  material: 'MISSING',
  pressure: 'MISSING',
  standard: 'MISSING',
  dimension: 'MISSING',
  product_type: 'MISSING',
  dimension_unit: 'MISSING'
}
Failed to parse comparison for match 2019: {
  grade: 'MISSING',
  length: 'MISSING',
  material: 'MISSING',
  pressure: 'MISSING',
  standard: 'MISSING',
  dimension: 'MISSING',
  product_type: 'MISSING',
  dimension_unit: 'MISSING'
}
Failed to parse comparison for match 2020: {
  grade: 'MISSING',
  length: 'MISSING',
  material: 'MISSING',
  pressure: 'MISSING',
  standard: 'MISSING',
  dimension: 'MISSING',
  product_type: 'MISSING',
  dimension_unit: 'MISSING'
}
Failed to parse comparison for match 2021: {
  grade: 'MISSING',
  length: 'MISSING',
  material: 'MISSING',
  pressure: 'MISSING',
  standard: 'MISSING',
  dimension: 'MISSING',
  product_type: 'MISSING',
  dimension_unit: 'MISSING'
}
Failed to parse comparison for match 2022: {
  grade: 'MISSING',
  length: 'MISSING',
  material: 'MISSING',
  pressure: 'MISSING',
  standard: 'MISSING',
  dimension: 'MISSING',
  product_type: 'MISSING',
  dimension_unit: 'MISSING'
}
Failed to parse comparison for match 2023: {
  grade: 'MISSING',
  length: 'MISSING',
  material: 'MISSING',
  pressure: 'MISSING',
  standard: 'MISSING',
  dimension: 'MISSING',
  product_type: 'MISSING',
  dimension_unit: 'MISSING'
}
Failed to parse comparison for match 2024: {
  grade: 'MISSING',
  length: 'MISSING',
  material: 'MISSING',
  pressure: 'MISSING',
  standard: 'MISSING',
  dimension: 'MISSING',
  product_type: 'MISSING',
  dimension_unit: 'MISSING'
}
Failed to parse comparison for match 2025: {
  grade: 'MISSING',
  length: 'MISSING',
  material: 'MISSING',
  pressure: 'MISSING',
  standard: 'MISSING',
  dimension: 'MISSING',
  product_type: 'MISSING',
  dimension_unit: 'MISSING'
}
Failed to parse comparison for match 2026: {
  grade: 'MISSING',
  length: 'MISSING',
  material: 'MISSING',
  pressure: 'MISSING',
  standard: 'MISSING',
  dimension: 'MISSING',
  product_type: 'MISSING',
  dimension_unit: 'MISSING'
}
Failed to parse comparison for match 2027: {
  grade: 'MISSING',
  length: 'MISSING',
  material: 'MISSING',
  pressure: 'MISSING',
  standard: 'MISSING',
  dimension: 'MISSING',
  product_type: 'MISSING',
  dimension_unit: 'MISSING'
}
Failed to parse comparison for match 2028: {
  grade: 'MISSING',
  length: 'MISSING',
  material: 'MISSING',
  pressure: 'MISSING',
  standard: 'MISSING',
  dimension: 'MISSING',
  product_type: 'MISSING',
  dimension_unit: 'MISSING'
}
Failed to parse comparison for match 2029: {
  grade: 'MISSING',
  length: 'MISSING',
  material: 'MISSING',
  pressure: 'MISSING',
  standard: 'MISSING',
  dimension: 'MISSING',
  product_type: 'MISSING',
  dimension_unit: 'MISSING'
}
Failed to parse comparison for match 2030: {
  grade: 'MISSING',
  length: 'MISSING',
  material: 'MISSING',
  pressure: 'MISSING',
  standard: 'MISSING',
  dimension: 'MISSING',
  product_type: 'MISSING',
  dimension_unit: 'MISSING'
}
Failed to parse comparison for match 2031: {
  grade: 'MISSING',
  length: 'MISSING',
  material: 'MISSING',
  pressure: 'MISSING',
  standard: 'MISSING',
  dimension: 'MISSING',
  product_type: 'MISSING',
  dimension_unit: 'MISSING'
}
Failed to parse comparison for match 2032: {
  grade: 'MISSING',
  length: 'MISSING',
  material: 'MISSING',
  pressure: 'MISSING',
  standard: 'MISSING',
  dimension: 'MISSING',
  product_type: 'MISSING',
  dimension_unit: 'MISSING'
}
Failed to parse comparison for match 2033: {
  grade: 'MISSING',
  length: 'MISSING',
  material: 'MISSING',
  pressure: 'MISSING',
  standard: 'MISSING',
  dimension: 'MISSING',
  product_type: 'MISSING',
  dimension_unit: 'MISSING'
}
Failed to parse comparison for match 2034: {
  grade: 'MISSING',
  length: 'MISSING',
  material: 'MISSING',
  pressure: 'MISSING',
  standard: 'MISSING',
  dimension: 'MISSING',
  product_type: 'MISSING',
  dimension_unit: 'MISSING'
}
Failed to parse comparison for match 2035: {
  grade: 'MISSING',
  length: 'MISSING',
  material: 'MISSING',
  pressure: 'MISSING',
  standard: 'MISSING',
  dimension: 'MISSING',
  product_type: 'MISSING',
  dimension_unit: 'MISSING'
}
Failed to parse comparison for match 2036: {
  grade: 'MISSING',
  length: 'MISSING',
  material: 'MISSING',
  pressure: 'MISSING',
  standard: 'MISSING',
  dimension: 'MISSING',
  product_type: 'MISSING',
  dimension_unit: 'MISSING'
}
Failed to parse comparison for match 2037: {
  grade: 'MISSING',
  length: 'MISSING',
  material: 'MISSING',
  pressure: 'MISSING',
  standard: 'MISSING',
  dimension: 'MISSING',
  product_type: 'MISSING',
  dimension_unit: 'MISSING'
}
Failed to parse comparison for match 2038: {
  grade: 'MISSING',
  length: 'MISSING',
  material: 'MISSING',
  pressure: 'MISSING',
  standard: 'MISSING',
  dimension: 'MISSING',
  product_type: 'MISSING',
  dimension_unit: 'MISSING'
}
Failed to parse comparison for match 2039: {
  grade: 'MISSING',
  length: 'MISSING',
  material: 'MISSING',
  pressure: 'MISSING',
  standard: 'MISSING',
  dimension: 'MISSING',
  product_type: 'MISSING',
  dimension_unit: 'MISSING'
}
Failed to parse comparison for match 2040: {
  grade: 'MISSING',
  length: 'MISSING',
  material: 'MISSING',
  pressure: 'MISSING',
  standard: 'MISSING',
  dimension: 'MISSING',
  product_type: 'MISSING',
  dimension_unit: 'MISSING'
}
Failed to parse comparison for match 2041: {
  grade: 'MISSING',
  length: 'MISSING',
  material: 'MISSING',
  pressure: 'MISSING',
  standard: 'MISSING',
  dimension: 'MISSING',
  product_type: 'MISSING',
  dimension_unit: 'MISSING'
}
Failed to parse comparison for match 2042: {
  grade: 'MISSING',
  length: 'MISSING',
  material: 'MISSING',
  pressure: 'MISSING',
  standard: 'MISSING',
  dimension: 'MISSING',
  product_type: 'MISSING',
  dimension_unit: 'MISSING'
}
Failed to parse comparison for match 2043: {
  grade: 'MISSING',
  length: 'MISSING',
  material: 'MISSING',
  pressure: 'MISSING',
  standard: 'MISSING',
  dimension: 'MISSING',
  product_type: 'MISSING',
  dimension_unit: 'MISSING'
}
Failed to parse comparison for match 2044: {
  grade: 'MISSING',
  length: 'MISSING',
  material: 'MISSING',
  pressure: 'MISSING',
  standard: 'MISSING',
  dimension: 'MISSING',
  product_type: 'MISSING',
  dimension_unit: 'MISSING'
}
Failed to parse comparison for match 2045: {
  grade: 'MISSING',
  length: 'MISSING',
  material: 'MISSING',
  pressure: 'MISSING',
  standard: 'MISSING',
  dimension: 'MISSING',
  product_type: 'MISSING',
  dimension_unit: 'MISSING'
}
Failed to parse comparison for match 2046: {
  grade: 'MISSING',
  length: 'MISSING',
  material: 'MISSING',
  pressure: 'MISSING',
  standard: 'MISSING',
  dimension: 'MISSING',
  product_type: 'MISSING',
  dimension_unit: 'MISSING'
}
Failed to parse comparison for match 2047: {
  grade: 'MISSING',
  length: 'MISSING',
  material: 'MISSING',
  pressure: 'MISSING',
  standard: 'MISSING',
  dimension: 'MISSING',
  product_type: 'MISSING',
  dimension_unit: 'MISSING'
}
Failed to parse comparison for match 2048: {
  grade: 'MISSING',
  length: 'MISSING',
  material: 'MISSING',
  pressure: 'MISSING',
  standard: 'MISSING',
  dimension: 'MISSING',
  product_type: 'MISSING',
  dimension_unit: 'MISSING'
}
Failed to parse comparison for match 2049: {
  grade: 'MISSING',
  length: 'MISSING',
  material: 'MISSING',
  pressure: 'MISSING',
  standard: 'MISSING',
  dimension: 'MISSING',
  product_type: 'MISSING',
  dimension_unit: 'MISSING'
}
Failed to parse comparison for match 2050: {
  grade: 'MISSING',
  length: 'MISSING',
  material: 'MISSING',
  pressure: 'MISSING',
  standard: 'MISSING',
  dimension: 'MISSING',
  product_type: 'MISSING',
  dimension_unit: 'MISSING'
}
Failed to parse comparison for match 2051: {
  grade: 'MISSING',
  length: 'MISSING',
  material: 'MISSING',
  pressure: 'MISSING',
  standard: 'MISSING',
  dimension: 'MISSING',
  product_type: 'MISSING',
  dimension_unit: 'MISSING'
}
Failed to parse comparison for match 2052: {
  grade: 'MISSING',
  length: 'MISSING',
  material: 'MISSING',
  pressure: 'MISSING',
  standard: 'MISSING',
  dimension: 'MISSING',
  product_type: 'MISSING',
  dimension_unit: 'MISSING'
}
Failed to parse comparison for match 2053: {
  grade: 'MISSING',
  length: 'MISSING',
  material: 'MISSING',
  pressure: 'MISSING',
  standard: 'MISSING',
  dimension: 'MISSING',
  product_type: 'MISSING',
  dimension_unit: 'MISSING'
}
Failed to parse comparison for match 2054: {
  grade: 'MISSING',
  length: 'MISSING',
  material: 'MISSING',
  pressure: 'MISSING',
  standard: 'MISSING',
  dimension: 'MISSING',
  product_type: 'MISSING',
  dimension_unit: 'MISSING'
}
Failed to parse comparison for match 2055: {
  grade: 'MISSING',
  length: 'MISSING',
  material: 'MISSING',
  pressure: 'MISSING',
  standard: 'MISSING',
  dimension: 'MISSING',
  product_type: 'MISSING',
  dimension_unit: 'MISSING'
}
Failed to parse comparison for match 2056: {
  grade: 'MISSING',
  length: 'MISSING',
  material: 'MISSING',
  pressure: 'MISSING',
  standard: 'MISSING',
  dimension: 'MISSING',
  product_type: 'MISSING',
  dimension_unit: 'MISSING'
}
Failed to parse comparison for match 2057: {
  grade: 'MISSING',
  length: 'MISSING',
  material: 'MISSING',
  pressure: 'MISSING',
  standard: 'MISSING',
  dimension: 'MISSING',
  product_type: 'MISSING',
  dimension_unit: 'MISSING'
}
Failed to parse comparison for match 2058: {
  grade: 'MISSING',
  length: 'MISSING',
  material: 'MISSING',
  pressure: 'MISSING',
  standard: 'MISSING',
  dimension: 'MISSING',
  product_type: 'MISSING',
  dimension_unit: 'MISSING'
}
Failed to parse comparison for match 2059: {
  grade: 'MISSING',
  length: 'MISSING',
  material: 'MISSING',
  pressure: 'MISSING',
  standard: 'MISSING',
  dimension: 'MISSING',
  product_type: 'MISSING',
  dimension_unit: 'MISSING'
}
Failed to parse comparison for match 2060: {
  grade: 'MISSING',
  length: 'MISSING',
  material: 'MISSING',
  pressure: 'MISSING',
  standard: 'MISSING',
  dimension: 'MISSING',
  product_type: 'MISSING',
  dimension_unit: 'MISSING'
}
Failed to parse comparison for match 2061: {
  grade: 'MISSING',
  length: 'MISSING',
  material: 'MISSING',
  pressure: 'MISSING',
  standard: 'MISSING',
  dimension: 'MISSING',
  product_type: 'MISSING',
  dimension_unit: 'MISSING'
}
Failed to parse comparison for match 2062: {
  grade: 'MISSING',
  length: 'MISSING',
  material: 'MISSING',
  pressure: 'MISSING',
  standard: 'MISSING',
  dimension: 'MISSING',
  product_type: 'MISSING',
  dimension_unit: 'MISSING'
}
Failed to parse comparison for match 2063: {
  grade: 'MISSING',
  length: 'MISSING',
  material: 'MISSING',
  pressure: 'MISSING',
  standard: 'MISSING',
  dimension: 'MISSING',
  product_type: 'MISSING',
  dimension_unit: 'MISSING'
}
Failed to parse comparison for match 2064: {
  grade: 'MISSING',
  length: 'MISSING',
  material: 'MISSING',
  pressure: 'MISSING',
  standard: 'MISSING',
  dimension: 'MISSING',
  product_type: 'MISSING',
  dimension_unit: 'MISSING'
}
Failed to parse comparison for match 2065: {
  grade: 'MISSING',
  length: 'MISSING',
  material: 'MISSING',
  pressure: 'MISSING',
  standard: 'MISSING',
  dimension: 'MISSING',
  product_type: 'MISSING',
  dimension_unit: 'MISSING'
}
Failed to parse comparison for match 2066: {
  grade: 'MISSING',
  length: 'MISSING',
  material: 'MISSING',
  pressure: 'MISSING',
  standard: 'MISSING',
  dimension: 'MISSING',
  product_type: 'MISSING',
  dimension_unit: 'MISSING'
}
Failed to parse comparison for match 2067: {
  grade: 'MISSING',
  length: 'MISSING',
  material: 'MISSING',
  pressure: 'MISSING',
  standard: 'MISSING',
  dimension: 'MISSING',
  product_type: 'MISSING',
  dimension_unit: 'MISSING'
}
Failed to parse comparison for match 2068: {
  grade: 'MISSING',
  length: 'MISSING',
  material: 'MISSING',
  pressure: 'MISSING',
  standard: 'MISSING',
  dimension: 'MISSING',
  product_type: 'MISSING',
  dimension_unit: 'MISSING'
}
Failed to parse comparison for match 2069: {
  grade: 'MISSING',
  length: 'MISSING',
  material: 'MISSING',
  pressure: 'MISSING',
  standard: 'MISSING',
  dimension: 'MISSING',
  product_type: 'MISSING',
  dimension_unit: 'MISSING'
}
Failed to parse comparison for match 2070: {
  grade: 'MISSING',
  length: 'MISSING',
  material: 'MISSING',
  pressure: 'MISSING',
  standard: 'MISSING',
  dimension: 'MISSING',
  product_type: 'MISSING',
  dimension_unit: 'MISSING'
}
Failed to parse comparison for match 2071: {
  grade: 'MISSING',
  length: 'MISSING',
  material: 'MISSING',
  pressure: 'MISSING',
  standard: 'MISSING',
  dimension: 'MISSING',
  product_type: 'MISSING',
  dimension_unit: 'MISSING'
}
Failed to parse comparison for match 2072: {
  grade: 'MISSING',
  length: 'MISSING',
  material: 'MISSING',
  pressure: 'MISSING',
  standard: 'MISSING',
  dimension: 'MISSING',
  product_type: 'MISSING',
  dimension_unit: 'MISSING'
}
Failed to parse comparison for match 2073: {
  grade: 'MISSING',
  length: 'MISSING',
  material: 'MISSING',
  pressure: 'MISSING',
  standard: 'MISSING',
  dimension: 'MISSING',
  product_type: 'MISSING',
  dimension_unit: 'MISSING'
}
Failed to parse comparison for match 2074: {
  grade: 'MISSING',
  length: 'MISSING',
  material: 'MISSING',
  pressure: 'MISSING',
  standard: 'MISSING',
  dimension: 'MISSING',
  product_type: 'MISSING',
  dimension_unit: 'MISSING'
}
Failed to parse comparison for match 2075: {
  grade: 'MISSING',
  length: 'MISSING',
  material: 'MISSING',
  pressure: 'MISSING',
  standard: 'MISSING',
  dimension: 'MISSING',
  product_type: 'MISSING',
  dimension_unit: 'MISSING'
}
Failed to parse comparison for match 2076: {
  grade: 'MISSING',
  length: 'MISSING',
  material: 'MISSING',
  pressure: 'MISSING',
  standard: 'MISSING',
  dimension: 'MISSING',
  product_type: 'MISSING',
  dimension_unit: 'MISSING'
}
Failed to parse comparison for match 2077: {
  grade: 'MISSING',
  length: 'MISSING',
  material: 'MISSING',
  pressure: 'MISSING',
  standard: 'MISSING',
  dimension: 'MISSING',
  product_type: 'MISSING',
  dimension_unit: 'MISSING'
}
Failed to parse comparison for match 2078: {
  grade: 'MISSING',
  length: 'MISSING',
  material: 'MISSING',
  pressure: 'MISSING',
  standard: 'MISSING',
  dimension: 'MISSING',
  product_type: 'MISSING',
  dimension_unit: 'MISSING'
}
Failed to parse comparison for match 2079: {
  grade: 'MISSING',
  length: 'MISSING',
  material: 'MISSING',
  pressure: 'MISSING',
  standard: 'MISSING',
  dimension: 'MISSING',
  product_type: 'MISSING',
  dimension_unit: 'MISSING'
}
Failed to parse comparison for match 2080: {
  grade: 'MISSING',
  length: 'MISSING',
  material: 'MISSING',
  pressure: 'MISSING',
  standard: 'MISSING',
  dimension: 'MISSING',
  product_type: 'MISSING',
  dimension_unit: 'MISSING'
}
Failed to parse comparison for match 2081: {
  grade: 'MISSING',
  length: 'MISSING',
  material: 'MISSING',
  pressure: 'MISSING',
  standard: 'MISSING',
  dimension: 'MISSING',
  product_type: 'MISSING',
  dimension_unit: 'MISSING'
}
Failed to parse comparison for match 2082: {
  grade: 'MISSING',
  length: 'MISSING',
  material: 'MISSING',
  pressure: 'MISSING',
  standard: 'MISSING',
  dimension: 'MISSING',
  product_type: 'MISSING',
  dimension_unit: 'MISSING'
}
Failed to parse comparison for match 2083: {
  grade: 'MISSING',
  length: 'MISSING',
  material: 'MISSING',
  pressure: 'MISSING',
  standard: 'MISSING',
  dimension: 'MISSING',
  product_type: 'MISSING',
  dimension_unit: 'MISSING'
}
Failed to parse comparison for match 2084: {
  grade: 'MISSING',
  length: 'MISSING',
  material: 'MISSING',
  pressure: 'MISSING',
  standard: 'MISSING',
  dimension: 'MISSING',
  product_type: 'MISSING',
  dimension_unit: 'MISSING'
}
Failed to parse comparison for match 2085: {
  grade: 'MISSING',
  length: 'MISSING',
  material: 'MISSING',
  pressure: 'MISSING',
  standard: 'MISSING',
  dimension: 'MISSING',
  product_type: 'MISSING',
  dimension_unit: 'MISSING'
}
Failed to parse comparison for match 2086: {
  grade: 'MISSING',
  length: 'MISSING',
  material: 'MISSING',
  pressure: 'MISSING',
  standard: 'MISSING',
  dimension: 'MISSING',
  product_type: 'MISSING',
  dimension_unit: 'MISSING'
}
Failed to parse comparison for match 2087: {
  grade: 'MISSING',
  length: 'MISSING',
  material: 'MISSING',
  pressure: 'MISSING',
  standard: 'MISSING',
  dimension: 'MISSING',
  product_type: 'MISSING',
  dimension_unit: 'MISSING'
}
Failed to parse comparison for match 2088: {
  grade: 'MISSING',
  length: 'MISSING',
  material: 'MISSING',
  pressure: 'MISSING',
  standard: 'MISSING',
  dimension: 'MISSING',
  product_type: 'MISSING',
  dimension_unit: 'MISSING'
}
Failed to parse comparison for match 2089: {
  grade: 'MISSING',
  length: 'MISSING',
  material: 'MISSING',
  pressure: 'MISSING',
  standard: 'MISSING',
  dimension: 'MISSING',
  product_type: 'MISSING',
  dimension_unit: 'MISSING'
}
Failed to parse comparison for match 2090: {
  grade: 'MISSING',
  length: 'MISSING',
  material: 'MISSING',
  pressure: 'MISSING',
  standard: 'MISSING',
  dimension: 'MISSING',
  product_type: 'MISSING',
  dimension_unit: 'MISSING'
}
Failed to parse comparison for match 2091: {
  grade: 'MISSING',
  length: 'MISSING',
  material: 'MISSING',
  pressure: 'MISSING',
  standard: 'MISSING',
  dimension: 'MISSING',
  product_type: 'MISSING',
  dimension_unit: 'MISSING'
}
Failed to parse comparison for match 2092: {
  grade: 'MISSING',
  length: 'MISSING',
  material: 'MISSING',
  pressure: 'MISSING',
  standard: 'MISSING',
  dimension: 'MISSING',
  product_type: 'MISSING',
  dimension_unit: 'MISSING'
}
Failed to parse comparison for match 2093: {
  grade: 'MISSING',
  length: 'MISSING',
  material: 'MISSING',
  pressure: 'MISSING',
  standard: 'MISSING',
  dimension: 'MISSING',
  product_type: 'MISSING',
  dimension_unit: 'MISSING'
}
Failed to parse comparison for match 2094: {
  grade: 'MISSING',
  length: 'MISSING',
  material: 'MISSING',
  pressure: 'MISSING',
  standard: 'MISSING',
  dimension: 'MISSING',
  product_type: 'MISSING',
  dimension_unit: 'MISSING'
}
Failed to parse comparison for match 2095: {
  grade: 'MISSING',
  length: 'MISSING',
  material: 'MISSING',
  pressure: 'MISSING',
  standard: 'MISSING',
  dimension: 'MISSING',
  product_type: 'MISSING',
  dimension_unit: 'MISSING'
}
Failed to parse comparison for match 2096: {
  grade: 'MISSING',
  length: 'MISSING',
  material: 'MISSING',
  pressure: 'MISSING',
  standard: 'MISSING',
  dimension: 'MISSING',
  product_type: 'MISSING',
  dimension_unit: 'MISSING'
}
Failed to parse comparison for match 2097: {
  grade: 'MISSING',
  length: 'MISSING',
  material: 'MISSING',
  pressure: 'MISSING',
  standard: 'MISSING',
  dimension: 'MISSING',
  product_type: 'MISSING',
  dimension_unit: 'MISSING'
}
Failed to parse comparison for match 2098: {
  grade: 'MISSING',
  length: 'MISSING',
  material: 'MISSING',
  pressure: 'MISSING',
  standard: 'MISSING',
  dimension: 'MISSING',
  product_type: 'MISSING',
  dimension_unit: 'MISSING'
}
Failed to parse comparison for match 2099: {
  grade: 'MISSING',
  length: 'MISSING',
  material: 'MISSING',
  pressure: 'MISSING',
  standard: 'MISSING',
  dimension: 'MISSING',
  product_type: 'MISSING',
  dimension_unit: 'MISSING'
}
Failed to parse comparison for match 2100: {
  grade: 'MISSING',
  length: 'MISSING',
  material: 'MISSING',
  pressure: 'MISSING',
  standard: 'MISSING',
  dimension: 'MISSING',
  product_type: 'MISSING',
  dimension_unit: 'MISSING'
}
Failed to parse comparison for match 2101: {
  grade: 'MISSING',
  length: 'MISSING',
  material: 'MISSING',
  pressure: 'MISSING',
  standard: 'MISSING',
  dimension: 'MISSING',
  product_type: 'MISSING',
  dimension_unit: 'MISSING'
}
Failed to parse comparison for match 2102: {
  grade: 'MISSING',
  length: 'MISSING',
  material: 'MISSING',
  pressure: 'MISSING',
  standard: 'MISSING',
  dimension: 'MISSING',
  product_type: 'MISSING',
  dimension_unit: 'MISSING'
}
Failed to parse comparison for match 2103: {
  grade: 'MISSING',
  length: 'MISSING',
  material: 'MISSING',
  pressure: 'MISSING',
  standard: 'MISSING',
  dimension: 'MISSING',
  product_type: 'MISSING',
  dimension_unit: 'MISSING'
}
Failed to parse comparison for match 2104: {
  grade: 'MISSING',
  length: 'MISSING',
  material: 'MISSING',
  pressure: 'MISSING',
  standard: 'MISSING',
  dimension: 'MISSING',
  product_type: 'MISSING',
  dimension_unit: 'MISSING'
}
Failed to parse comparison for match 2105: {
  grade: 'MISSING',
  length: 'MISSING',
  material: 'MISSING',
  pressure: 'MISSING',
  standard: 'MISSING',
  dimension: 'MISSING',
  product_type: 'MISSING',
  dimension_unit: 'MISSING'
}
Failed to parse comparison for match 2106: {
  grade: 'MISSING',
  length: 'MISSING',
  material: 'MISSING',
  pressure: 'MISSING',
  standard: 'MISSING',
  dimension: 'MISSING',
  product_type: 'MISSING',
  dimension_unit: 'MISSING'
}
Failed to parse comparison for match 2107: {
  grade: 'MISSING',
  length: 'MISSING',
  material: 'MISSING',
  pressure: 'MISSING',
  standard: 'MISSING',
  dimension: 'MISSING',
  product_type: 'MISSING',
  dimension_unit: 'MISSING'
}
Failed to parse comparison for match 2108: {
  grade: 'MISSING',
  length: 'MISSING',
  material: 'MISSING',
  pressure: 'MISSING',
  standard: 'MISSING',
  dimension: 'MISSING',
  product_type: 'MISSING',
  dimension_unit: 'MISSING'
}
Failed to parse comparison for match 2109: {
  grade: 'MISSING',
  length: 'MISSING',
  material: 'MISSING',
  pressure: 'MISSING',
  standard: 'MISSING',
  dimension: 'MISSING',
  product_type: 'MISSING',
  dimension_unit: 'MISSING'
}
Failed to parse comparison for match 2110: {
  grade: 'MISSING',
  length: 'MISSING',
  material: 'MISSING',
  pressure: 'MISSING',
  standard: 'MISSING',
  dimension: 'MISSING',
  product_type: 'MISSING',
  dimension_unit: 'MISSING'
}
Failed to parse comparison for match 2111: {
  grade: 'MISSING',
  length: 'MISSING',
  material: 'MISSING',
  pressure: 'MISSING',
  standard: 'MISSING',
  dimension: 'MISSING',
  product_type: 'MISSING',
  dimension_unit: 'MISSING'
}
Failed to parse comparison for match 2112: {
  grade: 'MISSING',
  length: 'MISSING',
  material: 'MISSING',
  pressure: 'MISSING',
  standard: 'MISSING',
  dimension: 'MISSING',
  product_type: 'MISSING',
  dimension_unit: 'MISSING'
}
Failed to parse comparison for match 2113: {
  grade: 'MISSING',
  length: 'MISSING',
  material: 'MISSING',
  pressure: 'MISSING',
  standard: 'MISSING',
  dimension: 'MISSING',
  product_type: 'MISSING',
  dimension_unit: 'MISSING'
}
Failed to parse comparison for match 2114: {
  grade: 'MISSING',
  length: 'MISSING',
  material: 'MISSING',
  pressure: 'MISSING',
  standard: 'MISSING',
  dimension: 'MISSING',
  product_type: 'MISSING',
  dimension_unit: 'MISSING'
}
Failed to parse comparison for match 2115: {
  grade: 'MISSING',
  length: 'MISSING',
  material: 'MISSING',
  pressure: 'MISSING',
  standard: 'MISSING',
  dimension: 'MISSING',
  product_type: 'MISSING',
  dimension_unit: 'MISSING'
}
Failed to parse comparison for match 2116: {
  grade: 'MISSING',
  length: 'MISSING',
  material: 'MISSING',
  pressure: 'MISSING',
  standard: 'MISSING',
  dimension: 'MISSING',
  product_type: 'MISSING',
  dimension_unit: 'MISSING'
}
Failed to parse comparison for match 2117: {
  grade: 'MISSING',
  length: 'MISSING',
  material: 'MISSING',
  pressure: 'MISSING',
  standard: 'MISSING',
  dimension: 'MISSING',
  product_type: 'MISSING',
  dimension_unit: 'MISSING'
}
Failed to parse comparison for match 2118: {
  grade: 'MISSING',
  length: 'MISSING',
  material: 'MISSING',
  pressure: 'MISSING',
  standard: 'MISSING',
  dimension: 'MISSING',
  product_type: 'MISSING',
  dimension_unit: 'MISSING'
}
Failed to parse comparison for match 2119: {
  grade: 'MISSING',
  length: 'MISSING',
  material: 'MISSING',
  pressure: 'MISSING',
  standard: 'MISSING',
  dimension: 'MISSING',
  product_type: 'MISSING',
  dimension_unit: 'MISSING'
}
Failed to parse comparison for match 2120: {
  grade: 'MISSING',
  length: 'MISSING',
  material: 'MISSING',
  pressure: 'MISSING',
  standard: 'MISSING',
  dimension: 'MISSING',
  product_type: 'MISSING',
  dimension_unit: 'MISSING'
}
Failed to parse comparison for match 2121: {
  grade: 'MISSING',
  length: 'MISSING',
  material: 'MISSING',
  pressure: 'MISSING',
  standard: 'MISSING',
  dimension: 'MISSING',
  product_type: 'MISSING',
  dimension_unit: 'MISSING'
}
Failed to parse comparison for match 2122: {
  grade: 'MISSING',
  length: 'MISSING',
  material: 'MISSING',
  pressure: 'MISSING',
  standard: 'MISSING',
  dimension: 'MISSING',
  product_type: 'MISSING',
  dimension_unit: 'MISSING'
}
Failed to parse comparison for match 2123: {
  grade: 'MISSING',
  length: 'MISSING',
  material: 'MISSING',
  pressure: 'MISSING',
  standard: 'MISSING',
  dimension: 'MISSING',
  product_type: 'MISSING',
  dimension_unit: 'MISSING'
}
Failed to parse comparison for match 2124: {
  grade: 'MISSING',
  length: 'MISSING',
  material: 'MISSING',
  pressure: 'MISSING',
  standard: 'MISSING',
  dimension: 'MISSING',
  product_type: 'MISSING',
  dimension_unit: 'MISSING'
}
Failed to parse comparison for match 2125: {
  grade: 'MISSING',
  length: 'MISSING',
  material: 'MISSING',
  pressure: 'MISSING',
  standard: 'MISSING',
  dimension: 'MISSING',
  product_type: 'MISSING',
  dimension_unit: 'MISSING'
}
Failed to parse comparison for match 2126: {
  grade: 'MISSING',
  length: 'MISSING',
  material: 'MISSING',
  pressure: 'MISSING',
  standard: 'MISSING',
  dimension: 'MISSING',
  product_type: 'MISSING',
  dimension_unit: 'MISSING'
}
Failed to parse comparison for match 2127: {
  grade: 'MISSING',
  length: 'MISSING',
  material: 'MISSING',
  pressure: 'MISSING',
  standard: 'MISSING',
  dimension: 'MISSING',
  product_type: 'MISSING',
  dimension_unit: 'MISSING'
}
Failed to parse comparison for match 2128: {
  grade: 'MISSING',
  length: 'MISSING',
  material: 'MISSING',
  pressure: 'MISSING',
  standard: 'MISSING',
  dimension: 'MISSING',
  product_type: 'MISSING',
  dimension_unit: 'MISSING'
}
Failed to parse comparison for match 2129: {
  grade: 'MISSING',
  length: 'MISSING',
  material: 'MISSING',
  pressure: 'MISSING',
  standard: 'MISSING',
  dimension: 'MISSING',
  product_type: 'MISSING',
  dimension_unit: 'MISSING'
}
Failed to parse comparison for match 2130: {
  grade: 'MISSING',
  length: 'MISSING',
  material: 'MISSING',
  pressure: 'MISSING',
  standard: 'MISSING',
  dimension: 'MISSING',
  product_type: 'MISSING',
  dimension_unit: 'MISSING'
}
Failed to parse comparison for match 2131: {
  grade: 'MISSING',
  length: 'MISSING',
  material: 'MISSING',
  pressure: 'MISSING',
  standard: 'MISSING',
  dimension: 'MISSING',
  product_type: 'MISSING',
  dimension_unit: 'MISSING'
}
Failed to parse comparison for match 2132: {
  grade: 'MISSING',
  length: 'MISSING',
  material: 'MISSING',
  pressure: 'MISSING',
  standard: 'MISSING',
  dimension: 'MISSING',
  product_type: 'MISSING',
  dimension_unit: 'MISSING'
}
Failed to parse comparison for match 2133: {
  grade: 'MISSING',
  length: 'MISSING',
  material: 'MISSING',
  pressure: 'MISSING',
  standard: 'MISSING',
  dimension: 'MISSING',
  product_type: 'MISSING',
  dimension_unit: 'MISSING'
}
Failed to parse comparison for match 2134: {
  grade: 'MISSING',
  length: 'MISSING',
  material: 'MISSING',
  pressure: 'MISSING',
  standard: 'MISSING',
  dimension: 'MISSING',
  product_type: 'MISSING',
  dimension_unit: 'MISSING'
}
Failed to parse comparison for match 2135: {
  grade: 'MISSING',
  length: 'MISSING',
  material: 'MISSING',
  pressure: 'MISSING',
  standard: 'MISSING',
  dimension: 'MISSING',
  product_type: 'MISSING',
  dimension_unit: 'MISSING'
}
Failed to parse comparison for match 2136: {
  grade: 'MISSING',
  length: 'MISSING',
  material: 'MISSING',
  pressure: 'MISSING',
  standard: 'MISSING',
  dimension: 'MISSING',
  product_type: 'MISSING',
  dimension_unit: 'MISSING'
}
Failed to parse comparison for match 2137: {
  grade: 'MISSING',
  length: 'MISSING',
  material: 'MISSING',
  pressure: 'MISSING',
  standard: 'MISSING',
  dimension: 'MISSING',
  product_type: 'MISSING',
  dimension_unit: 'MISSING'
}
Failed to parse comparison for match 2138: {
  grade: 'MISSING',
  length: 'MISSING',
  material: 'MISSING',
  pressure: 'MISSING',
  standard: 'MISSING',
  dimension: 'MISSING',
  product_type: 'MISSING',
  dimension_unit: 'MISSING'
}
Failed to parse comparison for match 2139: {
  grade: 'MISSING',
  length: 'MISSING',
  material: 'MISSING',
  pressure: 'MISSING',
  standard: 'MISSING',
  dimension: 'MISSING',
  product_type: 'MISSING',
  dimension_unit: 'MISSING'
}
Failed to parse comparison for match 2140: {
  grade: 'MISSING',
  length: 'MISSING',
  material: 'MISSING',
  pressure: 'MISSING',
  standard: 'MISSING',
  dimension: 'MISSING',
  product_type: 'MISSING',
  dimension_unit: 'MISSING'
}
Failed to parse comparison for match 2141: {
  grade: 'MISSING',
  length: 'MISSING',
  material: 'MISSING',
  pressure: 'MISSING',
  standard: 'MISSING',
  dimension: 'MISSING',
  product_type: 'MISSING',
  dimension_unit: 'MISSING'
}
Failed to parse comparison for match 2142: {
  grade: 'MISSING',
  length: 'MISSING',
  material: 'MISSING',
  pressure: 'MISSING',
  standard: 'MISSING',
  dimension: 'MISSING',
  product_type: 'MISSING',
  dimension_unit: 'MISSING'
}
Failed to parse comparison for match 2143: {
  grade: 'MISSING',
  length: 'MISSING',
  material: 'MISSING',
  pressure: 'MISSING',
  standard: 'MISSING',
  dimension: 'MISSING',
  product_type: 'MISSING',
  dimension_unit: 'MISSING'
}
Failed to parse comparison for match 2144: {
  grade: 'MISSING',
  length: 'MISSING',
  material: 'MISSING',
  pressure: 'MISSING',
  standard: 'MISSING',
  dimension: 'MISSING',
  product_type: 'MISSING',
  dimension_unit: 'MISSING'
}
Failed to parse comparison for match 2145: {
  grade: 'MISSING',
  length: 'MISSING',
  material: 'MISSING',
  pressure: 'MISSING',
  standard: 'MISSING',
  dimension: 'MISSING',
  product_type: 'MISSING',
  dimension_unit: 'MISSING'
}
Failed to parse comparison for match 2146: {
  grade: 'MISSING',
  length: 'MISSING',
  material: 'MISSING',
  pressure: 'MISSING',
  standard: 'MISSING',
  dimension: 'MISSING',
  product_type: 'MISSING',
  dimension_unit: 'MISSING'
}
Failed to parse comparison for match 2147: {
  grade: 'MISSING',
  length: 'MISSING',
  material: 'MISSING',
  pressure: 'MISSING',
  standard: 'MISSING',
  dimension: 'MISSING',
  product_type: 'MISSING',
  dimension_unit: 'MISSING'
}
Failed to parse comparison for match 2148: {
  grade: 'MISSING',
  length: 'MISSING',
  material: 'MISSING',
  pressure: 'MISSING',
  standard: 'MISSING',
  dimension: 'MISSING',
  product_type: 'MISSING',
  dimension_unit: 'MISSING'
}
Failed to parse comparison for match 2149: {
  grade: 'MISSING',
  length: 'MISSING',
  material: 'MISSING',
  pressure: 'MISSING',
  standard: 'MISSING',
  dimension: 'MISSING',
  product_type: 'MISSING',
  dimension_unit: 'MISSING'
}
Failed to parse comparison for match 2150: {
  grade: 'MISSING',
  length: 'MISSING',
  material: 'MISSING',
  pressure: 'MISSING',
  standard: 'MISSING',
  dimension: 'MISSING',
  product_type: 'MISSING',
  dimension_unit: 'MISSING'
}
Failed to parse comparison for match 2151: {
  grade: 'MISSING',
  length: 'MISSING',
  material: 'MISSING',
  pressure: 'MISSING',
  standard: 'MISSING',
  dimension: 'MISSING',
  product_type: 'MISSING',
  dimension_unit: 'MISSING'
}
Failed to parse comparison for match 2152: {
  grade: 'MISSING',
  length: 'MISSING',
  material: 'MISSING',
  pressure: 'MISSING',
  standard: 'MISSING',
  dimension: 'MISSING',
  product_type: 'MISSING',
  dimension_unit: 'MISSING'
}
Failed to parse comparison for match 2153: {
  grade: 'MISSING',
  length: 'MISSING',
  material: 'MISSING',
  pressure: 'MISSING',
  standard: 'MISSING',
  dimension: 'MISSING',
  product_type: 'MISSING',
  dimension_unit: 'MISSING'
}
Failed to parse comparison for match 2154: {
  grade: 'MISSING',
  length: 'MISSING',
  material: 'MISSING',
  pressure: 'MISSING',
  standard: 'MISSING',
  dimension: 'MISSING',
  product_type: 'MISSING',
  dimension_unit: 'MISSING'
}
Failed to parse comparison for match 2155: {
  grade: 'MISSING',
  length: 'MISSING',
  material: 'MISSING',
  pressure: 'MISSING',
  standard: 'MISSING',
  dimension: 'MISSING',
  product_type: 'MISSING',
  dimension_unit: 'MISSING'
}
Failed to parse comparison for match 2156: {
  grade: 'MISSING',
  length: 'MISSING',
  material: 'MISSING',
  pressure: 'MISSING',
  standard: 'MISSING',
  dimension: 'MISSING',
  product_type: 'MISSING',
  dimension_unit: 'MISSING'
}
Failed to parse comparison for match 2157: {
  grade: 'MISSING',
  length: 'MISSING',
  material: 'MISSING',
  pressure: 'MISSING',
  standard: 'MISSING',
  dimension: 'MISSING',
  product_type: 'MISSING',
  dimension_unit: 'MISSING'
}
Failed to parse comparison for match 2158: {
  grade: 'MISSING',
  length: 'MISSING',
  material: 'MISSING',
  pressure: 'MISSING',
  standard: 'MISSING',
  dimension: 'MISSING',
  product_type: 'MISSING',
  dimension_unit: 'MISSING'
}
Failed to parse comparison for match 2159: {
  grade: 'MISSING',
  length: 'MISSING',
  material: 'MISSING',
  pressure: 'MISSING',
  standard: 'MISSING',
  dimension: 'MISSING',
  product_type: 'MISSING',
  dimension_unit: 'MISSING'
}
Failed to parse comparison for match 2160: {
  grade: 'MISSING',
  length: 'MISSING',
  material: 'MISSING',
  pressure: 'MISSING',
  standard: 'MISSING',
  dimension: 'MISSING',
  product_type: 'MISSING',
  dimension_unit: 'MISSING'
}
Failed to parse comparison for match 2161: {
  grade: 'MISSING',
  length: 'MISSING',
  material: 'MISSING',
  pressure: 'MISSING',
  standard: 'MISSING',
  dimension: 'MISSING',
  product_type: 'MISSING',
  dimension_unit: 'MISSING'
}
Failed to parse comparison for match 2162: {
  grade: 'MISSING',
  length: 'MISSING',
  material: 'MISSING',
  pressure: 'MISSING',
  standard: 'MISSING',
  dimension: 'MISSING',
  product_type: 'MISSING',
  dimension_unit: 'MISSING'
}
Failed to parse comparison for match 2163: {
  grade: 'MISSING',
  length: 'MISSING',
  material: 'MISSING',
  pressure: 'MISSING',
  standard: 'MISSING',
  dimension: 'MISSING',
  product_type: 'MISSING',
  dimension_unit: 'MISSING'
}
Failed to parse comparison for match 2164: {
  grade: 'MISSING',
  length: 'MISSING',
  material: 'MISSING',
  pressure: 'MISSING',
  standard: 'MISSING',
  dimension: 'MISSING',
  product_type: 'MISSING',
  dimension_unit: 'MISSING'
}
Failed to parse comparison for match 2165: {
  grade: 'MISSING',
  length: 'MISSING',
  material: 'MISSING',
  pressure: 'MISSING',
  standard: 'MISSING',
  dimension: 'MISSING',
  product_type: 'MISSING',
  dimension_unit: 'MISSING'
}
Failed to parse comparison for match 2166: {
  grade: 'MISSING',
  length: 'MISSING',
  material: 'MISSING',
  pressure: 'MISSING',
  standard: 'MISSING',
  dimension: 'MISSING',
  product_type: 'MISSING',
  dimension_unit: 'MISSING'
}
Failed to parse comparison for match 2167: {
  grade: 'MISSING',
  length: 'MISSING',
  material: 'MISSING',
  pressure: 'MISSING',
  standard: 'MISSING',
  dimension: 'MISSING',
  product_type: 'MISSING',
  dimension_unit: 'MISSING'
}
Failed to parse comparison for match 2168: {
  grade: 'MISSING',
  length: 'MISSING',
  material: 'MISSING',
  pressure: 'MISSING',
  standard: 'MISSING',
  dimension: 'MISSING',
  product_type: 'MISSING',
  dimension_unit: 'MISSING'
}
Failed to parse comparison for match 2169: {
  grade: 'MISSING',
  length: 'MISSING',
  material: 'MISSING',
  pressure: 'MISSING',
  standard: 'MISSING',
  dimension: 'MISSING',
  product_type: 'MISSING',
  dimension_unit: 'MISSING'
}
Failed to parse comparison for match 2170: {
  grade: 'MISSING',
  length: 'MISSING',
  material: 'MISSING',
  pressure: 'MISSING',
  standard: 'MISSING',
  dimension: 'MISSING',
  product_type: 'MISSING',
  dimension_unit: 'MISSING'
}
Failed to parse comparison for match 2171: {
  grade: 'MISSING',
  length: 'MISSING',
  material: 'MISSING',
  pressure: 'MISSING',
  standard: 'MISSING',
  dimension: 'MISSING',
  product_type: 'MISSING',
  dimension_unit: 'MISSING'
}
Failed to parse comparison for match 2172: {
  grade: 'MISSING',
  length: 'MISSING',
  material: 'MISSING',
  pressure: 'MISSING',
  standard: 'MISSING',
  dimension: 'MISSING',
  product_type: 'MISSING',
  dimension_unit: 'MISSING'
}
Failed to parse comparison for match 2173: {
  grade: 'MISSING',
  length: 'MISSING',
  material: 'MISSING',
  pressure: 'MISSING',
  standard: 'MISSING',
  dimension: 'MISSING',
  product_type: 'MISSING',
  dimension_unit: 'MISSING'
}
Failed to parse comparison for match 2174: {
  grade: 'MISSING',
  length: 'MISSING',
  material: 'MISSING',
  pressure: 'MISSING',
  standard: 'MISSING',
  dimension: 'MISSING',
  product_type: 'MISSING',
  dimension_unit: 'MISSING'
}
Failed to parse comparison for match 2175: {
  grade: 'MISSING',
  length: 'MISSING',
  material: 'MISSING',
  pressure: 'MISSING',
  standard: 'MISSING',
  dimension: 'MISSING',
  product_type: 'MISSING',
  dimension_unit: 'MISSING'
}
Failed to parse comparison for match 2176: {
  grade: 'MISSING',
  length: 'MISSING',
  material: 'MISSING',
  pressure: 'MISSING',
  standard: 'MISSING',
  dimension: 'MISSING',
  product_type: 'MISSING',
  dimension_unit: 'MISSING'
}
Failed to parse comparison for match 2177: {
  grade: 'MISSING',
  length: 'MISSING',
  material: 'MISSING',
  pressure: 'MISSING',
  standard: 'MISSING',
  dimension: 'MISSING',
  product_type: 'MISSING',
  dimension_unit: 'MISSING'
}
Failed to parse comparison for match 2178: {
  grade: 'MISSING',
  length: 'MISSING',
  material: 'MISSING',
  pressure: 'MISSING',
  standard: 'MISSING',
  dimension: 'MISSING',
  product_type: 'MISSING',
  dimension_unit: 'MISSING'
}
Failed to parse comparison for match 2179: {
  grade: 'MISSING',
  length: 'MISSING',
  material: 'MISSING',
  pressure: 'MISSING',
  standard: 'MISSING',
  dimension: 'MISSING',
  product_type: 'MISSING',
  dimension_unit: 'MISSING'
}
Failed to parse comparison for match 2180: {
  grade: 'MISSING',
  length: 'MISSING',
  material: 'MISSING',
  pressure: 'MISSING',
  standard: 'MISSING',
  dimension: 'MISSING',
  product_type: 'MISSING',
  dimension_unit: 'MISSING'
}
Failed to parse comparison for match 2181: {
  grade: 'MISSING',
  length: 'MISSING',
  material: 'MISSING',
  pressure: 'MISSING',
  standard: 'MISSING',
  dimension: 'MISSING',
  product_type: 'MISSING',
  dimension_unit: 'MISSING'
}
Failed to parse comparison for match 2182: {
  grade: 'MISSING',
  length: 'MISSING',
  material: 'MISSING',
  pressure: 'MISSING',
  standard: 'MISSING',
  dimension: 'MISSING',
  product_type: 'MISSING',
  dimension_unit: 'MISSING'
}
Failed to parse comparison for match 2183: {
  grade: 'MISSING',
  length: 'MISSING',
  material: 'MISSING',
  pressure: 'MISSING',
  standard: 'MISSING',
  dimension: 'MISSING',
  product_type: 'MISSING',
  dimension_unit: 'MISSING'
}
Failed to parse comparison for match 2184: {
  grade: 'MISSING',
  length: 'MISSING',
  material: 'MISSING',
  pressure: 'MISSING',
  standard: 'MISSING',
  dimension: 'MISSING',
  product_type: 'MISSING',
  dimension_unit: 'MISSING'
}
Failed to parse comparison for match 2185: {
  grade: 'MISSING',
  length: 'MISSING',
  material: 'MISSING',
  pressure: 'MISSING',
  standard: 'MISSING',
  dimension: 'MISSING',
  product_type: 'MISSING',
  dimension_unit: 'MISSING'
}
Failed to parse comparison for match 2186: {
  grade: 'MISSING',
  length: 'MISSING',
  material: 'MISSING',
  pressure: 'MISSING',
  standard: 'MISSING',
  dimension: 'MISSING',
  product_type: 'MISSING',
  dimension_unit: 'MISSING'
}
Failed to parse comparison for match 2187: {
  grade: 'MISSING',
  length: 'MISSING',
  material: 'MISSING',
  pressure: 'MISSING',
  standard: 'MISSING',
  dimension: 'MISSING',
  product_type: 'MISSING',
  dimension_unit: 'MISSING'
}
Failed to parse comparison for match 2188: {
  grade: 'MISSING',
  length: 'MISSING',
  material: 'MISSING',
  pressure: 'MISSING',
  standard: 'MISSING',
  dimension: 'MISSING',
  product_type: 'MISSING',
  dimension_unit: 'MISSING'
}
Failed to parse comparison for match 2189: {
  grade: 'MISSING',
  length: 'MISSING',
  material: 'MISSING',
  pressure: 'MISSING',
  standard: 'MISSING',
  dimension: 'MISSING',
  product_type: 'MISSING',
  dimension_unit: 'MISSING'
}
Failed to parse comparison for match 2190: {
  grade: 'MISSING',
  length: 'MISSING',
  material: 'MISSING',
  pressure: 'MISSING',
  standard: 'MISSING',
  dimension: 'MISSING',
  product_type: 'MISSING',
  dimension_unit: 'MISSING'
}
Failed to parse comparison for match 2191: {
  grade: 'MISSING',
  length: 'MISSING',
  material: 'MISSING',
  pressure: 'MISSING',
  standard: 'MISSING',
  dimension: 'MISSING',
  product_type: 'MISSING',
  dimension_unit: 'MISSING'
}
Failed to parse comparison for match 2192: {
  grade: 'MISSING',
  length: 'MISSING',
  material: 'MISSING',
  pressure: 'MISSING',
  standard: 'MISSING',
  dimension: 'MISSING',
  product_type: 'MISSING',
  dimension_unit: 'MISSING'
}
Failed to parse comparison for match 2193: {
  grade: 'MISSING',
  length: 'MISSING',
  material: 'MISSING',
  pressure: 'MISSING',
  standard: 'MISSING',
  dimension: 'MISSING',
  product_type: 'MISSING',
  dimension_unit: 'MISSING'
}
Failed to parse comparison for match 2194: {
  grade: 'MISSING',
  length: 'MISSING',
  material: 'MISSING',
  pressure: 'MISSING',
  standard: 'MISSING',
  dimension: 'MISSING',
  product_type: 'MISSING',
  dimension_unit: 'MISSING'
}
Failed to parse comparison for match 2195: {
  grade: 'MISSING',
  length: 'MISSING',
  material: 'MISSING',
  pressure: 'MISSING',
  standard: 'MISSING',
  dimension: 'MISSING',
  product_type: 'MISSING',
  dimension_unit: 'MISSING'
}
Failed to parse comparison for match 2196: {
  grade: 'MISSING',
  length: 'MISSING',
  material: 'MISSING',
  pressure: 'MISSING',
  standard: 'MISSING',
  dimension: 'MISSING',
  product_type: 'MISSING',
  dimension_unit: 'MISSING'
}
Failed to parse comparison for match 2197: {
  grade: 'MISSING',
  length: 'MISSING',
  material: 'MISSING',
  pressure: 'MISSING',
  standard: 'MISSING',
  dimension: 'MISSING',
  product_type: 'MISSING',
  dimension_unit: 'MISSING'
}
Failed to parse comparison for match 2198: {
  grade: 'MISSING',
  length: 'MISSING',
  material: 'MISSING',
  pressure: 'MISSING',
  standard: 'MISSING',
  dimension: 'MISSING',
  product_type: 'MISSING',
  dimension_unit: 'MISSING'
}
Failed to parse comparison for match 2199: {
  grade: 'MISSING',
  length: 'MISSING',
  material: 'MISSING',
  pressure: 'MISSING',
  standard: 'MISSING',
  dimension: 'MISSING',
  product_type: 'MISSING',
  dimension_unit: 'MISSING'
}
Failed to parse comparison for match 2200: {
  grade: 'MISSING',
  length: 'MISSING',
  material: 'MISSING',
  pressure: 'MISSING',
  standard: 'MISSING',
  dimension: 'MISSING',
  product_type: 'MISSING',
  dimension_unit: 'MISSING'
}
Failed to parse comparison for match 2201: {
  grade: 'MISSING',
  length: 'MISSING',
  material: 'MISSING',
  pressure: 'MISSING',
  standard: 'MISSING',
  dimension: 'MISSING',
  product_type: 'MISSING',
  dimension_unit: 'MISSING'
}
Failed to parse comparison for match 2202: {
  grade: 'MISSING',
  length: 'MISSING',
  material: 'MISSING',
  pressure: 'MISSING',
  standard: 'MISSING',
  dimension: 'MISSING',
  product_type: 'MISSING',
  dimension_unit: 'MISSING'
}
Failed to parse comparison for match 2203: {
  grade: 'MISSING',
  length: 'MISSING',
  material: 'MISSING',
  pressure: 'MISSING',
  standard: 'MISSING',
  dimension: 'MISSING',
  product_type: 'MISSING',
  dimension_unit: 'MISSING'
}
Failed to parse comparison for match 2204: {
  grade: 'MISSING',
  length: 'MISSING',
  material: 'MISSING',
  pressure: 'MISSING',
  standard: 'MISSING',
  dimension: 'MISSING',
  product_type: 'MISSING',
  dimension_unit: 'MISSING'
}
Failed to parse comparison for match 2205: {
  grade: 'MISSING',
  length: 'MISSING',
  material: 'MISSING',
  pressure: 'MISSING',
  standard: 'MISSING',
  dimension: 'MISSING',
  product_type: 'MISSING',
  dimension_unit: 'MISSING'
}
Failed to parse comparison for match 2206: {
  grade: 'MISSING',
  length: 'MISSING',
  material: 'MISSING',
  pressure: 'MISSING',
  standard: 'MISSING',
  dimension: 'MISSING',
  product_type: 'MISSING',
  dimension_unit: 'MISSING'
}
Failed to parse comparison for match 2207: {
  grade: 'MISSING',
  length: 'MISSING',
  material: 'MISSING',
  pressure: 'MISSING',
  standard: 'MISSING',
  dimension: 'MISSING',
  product_type: 'MISSING',
  dimension_unit: 'MISSING'
}
Failed to parse comparison for match 2208: {
  grade: 'MISSING',
  length: 'MISSING',
  material: 'MISSING',
  pressure: 'MISSING',
  standard: 'MISSING',
  dimension: 'MISSING',
  product_type: 'MISSING',
  dimension_unit: 'MISSING'
}
Failed to parse comparison for match 2209: {
  grade: 'MISSING',
  length: 'MISSING',
  material: 'MISSING',
  pressure: 'MISSING',
  standard: 'MISSING',
  dimension: 'MISSING',
  product_type: 'MISSING',
  dimension_unit: 'MISSING'
}
Failed to parse comparison for match 2210: {
  grade: 'MISSING',
  length: 'MISSING',
  material: 'MISSING',
  pressure: 'MISSING',
  standard: 'MISSING',
  dimension: 'MISSING',
  product_type: 'MISSING',
  dimension_unit: 'MISSING'
}
Failed to parse comparison for match 2211: {
  grade: 'MISSING',
  length: 'MISSING',
  material: 'MISSING',
  pressure: 'MISSING',
  standard: 'MISSING',
  dimension: 'MISSING',
  product_type: 'MISSING',
  dimension_unit: 'MISSING'
}
Failed to parse comparison for match 2212: {
  grade: 'MISSING',
  length: 'MISSING',
  material: 'MISSING',
  pressure: 'MISSING',
  standard: 'MISSING',
  dimension: 'MISSING',
  product_type: 'MISSING',
  dimension_unit: 'MISSING'
}
Failed to parse comparison for match 2213: {
  grade: 'MISSING',
  length: 'MISSING',
  material: 'MISSING',
  pressure: 'MISSING',
  standard: 'MISSING',
  dimension: 'MISSING',
  product_type: 'MISSING',
  dimension_unit: 'MISSING'
}
Failed to parse comparison for match 2214: {
  grade: 'MISSING',
  length: 'MISSING',
  material: 'MISSING',
  pressure: 'MISSING',
  standard: 'MISSING',
  dimension: 'MISSING',
  product_type: 'MISSING',
  dimension_unit: 'MISSING'
}
Failed to parse comparison for match 2215: {
  grade: 'MISSING',
  length: 'MISSING',
  material: 'MISSING',
  pressure: 'MISSING',
  standard: 'MISSING',
  dimension: 'MISSING',
  product_type: 'MISSING',
  dimension_unit: 'MISSING'
}
Failed to parse comparison for match 2216: {
  grade: 'MISSING',
  length: 'MISSING',
  material: 'MISSING',
  pressure: 'MISSING',
  standard: 'MISSING',
  dimension: 'MISSING',
  product_type: 'MISSING',
  dimension_unit: 'MISSING'
}
Failed to parse comparison for match 2217: {
  grade: 'MISSING',
  length: 'MISSING',
  material: 'MISSING',
  pressure: 'MISSING',
  standard: 'MISSING',
  dimension: 'MISSING',
  product_type: 'MISSING',
  dimension_unit: 'MISSING'
}
Failed to parse comparison for match 2218: {
  grade: 'MISSING',
  length: 'MISSING',
  material: 'MISSING',
  pressure: 'MISSING',
  standard: 'MISSING',
  dimension: 'MISSING',
  product_type: 'MISSING',
  dimension_unit: 'MISSING'
}
Failed to parse comparison for match 2219: {
  grade: 'MISSING',
  length: 'MISSING',
  material: 'MISSING',
  pressure: 'MISSING',
  standard: 'MISSING',
  dimension: 'MISSING',
  product_type: 'MISSING',
  dimension_unit: 'MISSING'
}
Failed to parse comparison for match 2220: {
  grade: 'MISSING',
  length: 'MISSING',
  material: 'MISSING',
  pressure: 'MISSING',
  standard: 'MISSING',
  dimension: 'MISSING',
  product_type: 'MISSING',
  dimension_unit: 'MISSING'
}
Failed to parse comparison for match 2221: {
  grade: 'MISSING',
  length: 'MISSING',
  material: 'MISSING',
  pressure: 'MISSING',
  standard: 'MISSING',
  dimension: 'MISSING',
  product_type: 'MISSING',
  dimension_unit: 'MISSING'
}
Failed to parse comparison for match 2222: {
  grade: 'MISSING',
  length: 'MISSING',
  material: 'MISSING',
  pressure: 'MISSING',
  standard: 'MISSING',
  dimension: 'MISSING',
  product_type: 'MISSING',
  dimension_unit: 'MISSING'
}
Failed to parse comparison for match 2223: {
  grade: 'MISSING',
  length: 'MISSING',
  material: 'MISSING',
  pressure: 'MISSING',
  standard: 'MISSING',
  dimension: 'MISSING',
  product_type: 'MISSING',
  dimension_unit: 'MISSING'
}
Failed to parse comparison for match 2224: {
  grade: 'MISSING',
  length: 'MISSING',
  material: 'MISSING',
  pressure: 'MISSING',
  standard: 'MISSING',
  dimension: 'MISSING',
  product_type: 'MISSING',
  dimension_unit: 'MISSING'
}
Failed to parse comparison for match 2225: {
  grade: 'MISSING',
  length: 'MISSING',
  material: 'MISSING',
  pressure: 'MISSING',
  standard: 'MISSING',
  dimension: 'MISSING',
  product_type: 'MISSING',
  dimension_unit: 'MISSING'
}
Failed to parse comparison for match 2226: {
  grade: 'MISSING',
  length: 'MISSING',
  material: 'MISSING',
  pressure: 'MISSING',
  standard: 'MISSING',
  dimension: 'MISSING',
  product_type: 'MISSING',
  dimension_unit: 'MISSING'
}
Failed to parse comparison for match 2227: {
  grade: 'MISSING',
  length: 'MISSING',
  material: 'MISSING',
  pressure: 'MISSING',
  standard: 'MISSING',
  dimension: 'MISSING',
  product_type: 'MISSING',
  dimension_unit: 'MISSING'
}
Failed to parse comparison for match 2228: {
  grade: 'MISSING',
  length: 'MISSING',
  material: 'MISSING',
  pressure: 'MISSING',
  standard: 'MISSING',
  dimension: 'MISSING',
  product_type: 'MISSING',
  dimension_unit: 'MISSING'
}
Failed to parse comparison for match 2229: {
  grade: 'MISSING',
  length: 'MISSING',
  material: 'MISSING',
  pressure: 'MISSING',
  standard: 'MISSING',
  dimension: 'MISSING',
  product_type: 'MISSING',
  dimension_unit: 'MISSING'
}
Failed to parse comparison for match 2230: {
  grade: 'MISSING',
  length: 'MISSING',
  material: 'MISSING',
  pressure: 'MISSING',
  standard: 'MISSING',
  dimension: 'MISSING',
  product_type: 'MISSING',
  dimension_unit: 'MISSING'
}
Failed to parse comparison for match 2231: {
  grade: 'MISSING',
  length: 'MISSING',
  material: 'MISSING',
  pressure: 'MISSING',
  standard: 'MISSING',
  dimension: 'MISSING',
  product_type: 'MISSING',
  dimension_unit: 'MISSING'
}
Failed to parse comparison for match 2232: {
  grade: 'MISSING',
  length: 'MISSING',
  material: 'MISSING',
  pressure: 'MISSING',
  standard: 'MISSING',
  dimension: 'MISSING',
  product_type: 'MISSING',
  dimension_unit: 'MISSING'
}
Failed to parse comparison for match 2233: {
  grade: 'MISSING',
  length: 'MISSING',
  material: 'MISSING',
  pressure: 'MISSING',
  standard: 'MISSING',
  dimension: 'MISSING',
  product_type: 'MISSING',
  dimension_unit: 'MISSING'
}
Failed to parse comparison for match 2234: {
  grade: 'MISSING',
  length: 'MISSING',
  material: 'MISSING',
  pressure: 'MISSING',
  standard: 'MISSING',
  dimension: 'MISSING',
  product_type: 'MISSING',
  dimension_unit: 'MISSING'
}
Failed to parse comparison for match 2235: {
  grade: 'MISSING',
  length: 'MISSING',
  material: 'MISSING',
  pressure: 'MISSING',
  standard: 'MISSING',
  dimension: 'MISSING',
  product_type: 'MISSING',
  dimension_unit: 'MISSING'
}
Failed to parse comparison for match 2236: {
  grade: 'MISSING',
  length: 'MISSING',
  material: 'MISSING',
  pressure: 'MISSING',
  standard: 'MISSING',
  dimension: 'MISSING',
  product_type: 'MISSING',
  dimension_unit: 'MISSING'
}
Failed to parse comparison for match 2237: {
  grade: 'MISSING',
  length: 'MISSING',
  material: 'MISSING',
  pressure: 'MISSING',
  standard: 'MISSING',
  dimension: 'MISSING',
  product_type: 'MISSING',
  dimension_unit: 'MISSING'
}
Failed to parse comparison for match 2238: {
  grade: 'MISSING',
  length: 'MISSING',
  material: 'MISSING',
  pressure: 'MISSING',
  standard: 'MISSING',
  dimension: 'MISSING',
  product_type: 'MISSING',
  dimension_unit: 'MISSING'
}
Failed to parse comparison for match 2239: {
  grade: 'MISSING',
  length: 'MISSING',
  material: 'MISSING',
  pressure: 'MISSING',
  standard: 'MISSING',
  dimension: 'MISSING',
  product_type: 'MISSING',
  dimension_unit: 'MISSING'
}
Failed to parse comparison for match 2240: {
  grade: 'MISSING',
  length: 'MISSING',
  material: 'MISSING',
  pressure: 'MISSING',
  standard: 'MISSING',
  dimension: 'MISSING',
  product_type: 'MISSING',
  dimension_unit: 'MISSING'
}
Failed to parse comparison for match 2241: {
  grade: 'MISSING',
  length: 'MISSING',
  material: 'MISSING',
  pressure: 'MISSING',
  standard: 'MISSING',
  dimension: 'MISSING',
  product_type: 'MISSING',
  dimension_unit: 'MISSING'
}
Failed to parse comparison for match 2242: {
  grade: 'MISSING',
  length: 'MISSING',
  material: 'MISSING',
  pressure: 'MISSING',
  standard: 'MISSING',
  dimension: 'MISSING',
  product_type: 'MISSING',
  dimension_unit: 'MISSING'
}
Failed to parse comparison for match 2243: {
  grade: 'MISSING',
  length: 'MISSING',
  material: 'MISSING',
  pressure: 'MISSING',
  standard: 'MISSING',
  dimension: 'MISSING',
  product_type: 'MISSING',
  dimension_unit: 'MISSING'
}
Failed to parse comparison for match 2244: {
  grade: 'MISSING',
  length: 'MISSING',
  material: 'MISSING',
  pressure: 'MISSING',
  standard: 'MISSING',
  dimension: 'MISSING',
  product_type: 'MISSING',
  dimension_unit: 'MISSING'
}
Failed to parse comparison for match 2245: {
  grade: 'MISSING',
  length: 'MISSING',
  material: 'MISSING',
  pressure: 'MISSING',
  standard: 'MISSING',
  dimension: 'MISSING',
  product_type: 'MISSING',
  dimension_unit: 'MISSING'
}
Failed to parse comparison for match 2246: {
  grade: 'MISSING',
  length: 'MISSING',
  material: 'MISSING',
  pressure: 'MISSING',
  standard: 'MISSING',
  dimension: 'MISSING',
  product_type: 'MISSING',
  dimension_unit: 'MISSING'
}
Failed to parse comparison for match 2247: {
  grade: 'MISSING',
  length: 'MISSING',
  material: 'MISSING',
  pressure: 'MISSING',
  standard: 'MISSING',
  dimension: 'MISSING',
  product_type: 'MISSING',
  dimension_unit: 'MISSING'
}
Failed to parse comparison for match 2248: {
  grade: 'MISSING',
  length: 'MISSING',
  material: 'MISSING',
  pressure: 'MISSING',
  standard: 'MISSING',
  dimension: 'MISSING',
  product_type: 'MISSING',
  dimension_unit: 'MISSING'
}
Failed to parse comparison for match 2249: {
  grade: 'MISSING',
  length: 'MISSING',
  material: 'MISSING',
  pressure: 'MISSING',
  standard: 'MISSING',
  dimension: 'MISSING',
  product_type: 'MISSING',
  dimension_unit: 'MISSING'
}
Failed to parse comparison for match 2250: {
  grade: 'MISSING',
  length: 'MISSING',
  material: 'MISSING',
  pressure: 'MISSING',
  standard: 'MISSING',
  dimension: 'MISSING',
  product_type: 'MISSING',
  dimension_unit: 'MISSING'
}
Failed to parse comparison for match 2251: {
  grade: 'MISSING',
  length: 'MISSING',
  material: 'MISSING',
  pressure: 'MISSING',
  standard: 'MISSING',
  dimension: 'MISSING',
  product_type: 'MISSING',
  dimension_unit: 'MISSING'
}
Failed to parse comparison for match 2252: {
  grade: 'MISSING',
  length: 'MISSING',
  material: 'MISSING',
  pressure: 'MISSING',
  standard: 'MISSING',
  dimension: 'MISSING',
  product_type: 'MISSING',
  dimension_unit: 'MISSING'
}
Failed to parse comparison for match 2253: {
  grade: 'MISSING',
  length: 'MISSING',
  material: 'MISSING',
  pressure: 'MISSING',
  standard: 'MISSING',
  dimension: 'MISSING',
  product_type: 'MISSING',
  dimension_unit: 'MISSING'
}
Failed to parse comparison for match 2254: {
  grade: 'MISSING',
  length: 'MISSING',
  material: 'MISSING',
  pressure: 'MISSING',
  standard: 'MISSING',
  dimension: 'MISSING',
  product_type: 'MISSING',
  dimension_unit: 'MISSING'
}
Failed to parse comparison for match 2255: {
  grade: 'MISSING',
  length: 'MISSING',
  material: 'MISSING',
  pressure: 'MISSING',
  standard: 'MISSING',
  dimension: 'MISSING',
  product_type: 'MISSING',
  dimension_unit: 'MISSING'
}
Failed to parse comparison for match 2256: {
  grade: 'MISSING',
  length: 'MISSING',
  material: 'MISSING',
  pressure: 'MISSING',
  standard: 'MISSING',
  dimension: 'MISSING',
  product_type: 'MISSING',
  dimension_unit: 'MISSING'
}
Failed to parse comparison for match 2257: {
  grade: 'MISSING',
  length: 'MISSING',
  material: 'MISSING',
  pressure: 'MISSING',
  standard: 'MISSING',
  dimension: 'MISSING',
  product_type: 'MISSING',
  dimension_unit: 'MISSING'
}
Failed to parse comparison for match 2258: {
  grade: 'MISSING',
  length: 'MISSING',
  material: 'MISSING',
  pressure: 'MISSING',
  standard: 'MISSING',
  dimension: 'MISSING',
  product_type: 'MISSING',
  dimension_unit: 'MISSING'
}
Failed to parse comparison for match 2259: {
  grade: 'MISSING',
  length: 'MISSING',
  material: 'MISSING',
  pressure: 'MISSING',
  standard: 'MISSING',
  dimension: 'MISSING',
  product_type: 'MISSING',
  dimension_unit: 'MISSING'
}
Failed to parse comparison for match 2260: {
  grade: 'MISSING',
  length: 'MISSING',
  material: 'MISSING',
  pressure: 'MISSING',
  standard: 'MISSING',
  dimension: 'MISSING',
  product_type: 'MISSING',
  dimension_unit: 'MISSING'
}
Failed to parse comparison for match 2261: {
  grade: 'MISSING',
  length: 'MISSING',
  material: 'MISSING',
  pressure: 'MISSING',
  standard: 'MISSING',
  dimension: 'MISSING',
  product_type: 'MISSING',
  dimension_unit: 'MISSING'
}
Failed to parse comparison for match 2262: {
  grade: 'MISSING',
  length: 'MISSING',
  material: 'MISSING',
  pressure: 'MISSING',
  standard: 'MISSING',
  dimension: 'MISSING',
  product_type: 'MISSING',
  dimension_unit: 'MISSING'
}
Failed to parse comparison for match 2263: {
  grade: 'MISSING',
  length: 'MISSING',
  material: 'MISSING',
  pressure: 'MISSING',
  standard: 'MISSING',
  dimension: 'MISSING',
  product_type: 'MISSING',
  dimension_unit: 'MISSING'
}
Failed to parse comparison for match 2264: {
  grade: 'MISSING',
  length: 'MISSING',
  material: 'MISSING',
  pressure: 'MISSING',
  standard: 'MISSING',
  dimension: 'MISSING',
  product_type: 'MISSING',
  dimension_unit: 'MISSING'
}
Failed to parse comparison for match 2265: {
  grade: 'MISSING',
  length: 'MISSING',
  material: 'MISSING',
  pressure: 'MISSING',
  standard: 'MISSING',
  dimension: 'MISSING',
  product_type: 'MISSING',
  dimension_unit: 'MISSING'
}
Failed to parse comparison for match 2266: {
  grade: 'MISSING',
  length: 'MISSING',
  material: 'MISSING',
  pressure: 'MISSING',
  standard: 'MISSING',
  dimension: 'MISSING',
  product_type: 'MISSING',
  dimension_unit: 'MISSING'
}
Failed to parse comparison for match 2267: {
  grade: 'MISSING',
  length: 'MISSING',
  material: 'MISSING',
  pressure: 'MISSING',
  standard: 'MISSING',
  dimension: 'MISSING',
  product_type: 'MISSING',
  dimension_unit: 'MISSING'
}
Failed to parse comparison for match 2268: {
  grade: 'MISSING',
  length: 'MISSING',
  material: 'MISSING',
  pressure: 'MISSING',
  standard: 'MISSING',
  dimension: 'MISSING',
  product_type: 'MISSING',
  dimension_unit: 'MISSING'
}
Failed to parse comparison for match 2269: {
  grade: 'MISSING',
  length: 'MISSING',
  material: 'MISSING',
  pressure: 'MISSING',
  standard: 'MISSING',
  dimension: 'MISSING',
  product_type: 'MISSING',
  dimension_unit: 'MISSING'
}
Failed to parse comparison for match 2270: {
  grade: 'MISSING',
  length: 'MISSING',
  material: 'MISSING',
  pressure: 'MISSING',
  standard: 'MISSING',
  dimension: 'MISSING',
  product_type: 'MISSING',
  dimension_unit: 'MISSING'
}
Failed to parse comparison for match 2271: {
  grade: 'MISSING',
  length: 'MISSING',
  material: 'MISSING',
  pressure: 'MISSING',
  standard: 'MISSING',
  dimension: 'MISSING',
  product_type: 'MISSING',
  dimension_unit: 'MISSING'
}
Failed to parse comparison for match 2272: {
  grade: 'MISSING',
  length: 'MISSING',
  material: 'MISSING',
  pressure: 'MISSING',
  standard: 'MISSING',
  dimension: 'MISSING',
  product_type: 'MISSING',
  dimension_unit: 'MISSING'
}
Failed to parse comparison for match 2273: {
  grade: 'MISSING',
  length: 'MISSING',
  material: 'MISSING',
  pressure: 'MISSING',
  standard: 'MISSING',
  dimension: 'MISSING',
  product_type: 'MISSING',
  dimension_unit: 'MISSING'
}
Failed to parse comparison for match 2274: {
  grade: 'MISSING',
  length: 'MISSING',
  material: 'MISSING',
  pressure: 'MISSING',
  standard: 'MISSING',
  dimension: 'MISSING',
  product_type: 'MISSING',
  dimension_unit: 'MISSING'
}
Failed to parse comparison for match 2275: {
  grade: 'MISSING',
  length: 'MISSING',
  material: 'MISSING',
  pressure: 'MISSING',
  standard: 'MISSING',
  dimension: 'MISSING',
  product_type: 'MISSING',
  dimension_unit: 'MISSING'
}
Failed to parse comparison for match 2276: {
  grade: 'MISSING',
  length: 'MISSING',
  material: 'MISSING',
  pressure: 'MISSING',
  standard: 'MISSING',
  dimension: 'MISSING',
  product_type: 'MISSING',
  dimension_unit: 'MISSING'
}
Failed to parse comparison for match 2277: {
  grade: 'MISSING',
  length: 'MISSING',
  material: 'MISSING',
  pressure: 'MISSING',
  standard: 'MISSING',
  dimension: 'MISSING',
  product_type: 'MISSING',
  dimension_unit: 'MISSING'
}
Failed to parse comparison for match 2278: {
  grade: 'MISSING',
  length: 'MISSING',
  material: 'MISSING',
  pressure: 'MISSING',
  standard: 'MISSING',
  dimension: 'MISSING',
  product_type: 'MISSING',
  dimension_unit: 'MISSING'
}
Failed to parse comparison for match 2279: {
  grade: 'MISSING',
  length: 'MISSING',
  material: 'MISSING',
  pressure: 'MISSING',
  standard: 'MISSING',
  dimension: 'MISSING',
  product_type: 'MISSING',
  dimension_unit: 'MISSING'
}
Failed to parse comparison for match 2280: {
  grade: 'MISSING',
  length: 'MISSING',
  material: 'MISSING',
  pressure: 'MISSING',
  standard: 'MISSING',
  dimension: 'MISSING',
  product_type: 'MISSING',
  dimension_unit: 'MISSING'
}
Failed to parse comparison for match 2281: {
  grade: 'MISSING',
  length: 'MISSING',
  material: 'MISSING',
  pressure: 'MISSING',
  standard: 'MISSING',
  dimension: 'MISSING',
  product_type: 'MISSING',
  dimension_unit: 'MISSING'
}
Failed to parse comparison for match 2282: {
  grade: 'MISSING',
  length: 'MISSING',
  material: 'MISSING',
  pressure: 'MISSING',
  standard: 'MISSING',
  dimension: 'MISSING',
  product_type: 'MISSING',
  dimension_unit: 'MISSING'
}
Failed to parse comparison for match 2283: {
  grade: 'MISSING',
  length: 'MISSING',
  material: 'MISSING',
  pressure: 'MISSING',
  standard: 'MISSING',
  dimension: 'MISSING',
  product_type: 'MISSING',
  dimension_unit: 'MISSING'
}
Failed to parse comparison for match 2284: {
  grade: 'MISSING',
  length: 'MISSING',
  material: 'MISSING',
  pressure: 'MISSING',
  standard: 'MISSING',
  dimension: 'MISSING',
  product_type: 'MISSING',
  dimension_unit: 'MISSING'
}
Failed to parse comparison for match 2285: {
  grade: 'MISSING',
  length: 'MISSING',
  material: 'MISSING',
  pressure: 'MISSING',
  standard: 'MISSING',
  dimension: 'MISSING',
  product_type: 'MISSING',
  dimension_unit: 'MISSING'
}
Failed to parse comparison for match 2286: {
  grade: 'MISSING',
  length: 'MISSING',
  material: 'MISSING',
  pressure: 'MISSING',
  standard: 'MISSING',
  dimension: 'MISSING',
  product_type: 'MISSING',
  dimension_unit: 'MISSING'
}
Failed to parse comparison for match 2287: {
  grade: 'MISSING',
  length: 'MISSING',
  material: 'MISSING',
  pressure: 'MISSING',
  standard: 'MISSING',
  dimension: 'MISSING',
  product_type: 'MISSING',
  dimension_unit: 'MISSING'
}
Failed to parse comparison for match 2288: {
  grade: 'MISSING',
  length: 'MISSING',
  material: 'MISSING',
  pressure: 'MISSING',
  standard: 'MISSING',
  dimension: 'MISSING',
  product_type: 'MISSING',
  dimension_unit: 'MISSING'
}
Failed to parse comparison for match 2289: {
  grade: 'MISSING',
  length: 'MISSING',
  material: 'MISSING',
  pressure: 'MISSING',
  standard: 'MISSING',
  dimension: 'MISSING',
  product_type: 'MISSING',
  dimension_unit: 'MISSING'
}
Failed to parse comparison for match 2290: {
  grade: 'MISSING',
  length: 'MISSING',
  material: 'MISSING',
  pressure: 'MISSING',
  standard: 'MISSING',
  dimension: 'MISSING',
  product_type: 'MISSING',
  dimension_unit: 'MISSING'
}
Failed to parse comparison for match 2291: {
  grade: 'MISSING',
  length: 'MISSING',
  material: 'MISSING',
  pressure: 'MISSING',
  standard: 'MISSING',
  dimension: 'MISSING',
  product_type: 'MISSING',
  dimension_unit: 'MISSING'
}
Failed to parse comparison for match 2292: {
  grade: 'MISSING',
  length: 'MISSING',
  material: 'MISSING',
  pressure: 'MISSING',
  standard: 'MISSING',
  dimension: 'MISSING',
  product_type: 'MISSING',
  dimension_unit: 'MISSING'
}
Failed to parse comparison for match 2293: {
  grade: 'MISSING',
  length: 'MISSING',
  material: 'MISSING',
  pressure: 'MISSING',
  standard: 'MISSING',
  dimension: 'MISSING',
  product_type: 'MISSING',
  dimension_unit: 'MISSING'
}
Failed to parse comparison for match 2294: {
  grade: 'MISSING',
  length: 'MISSING',
  material: 'MISSING',
  pressure: 'MISSING',
  standard: 'MISSING',
  dimension: 'MISSING',
  product_type: 'MISSING',
  dimension_unit: 'MISSING'
}
Failed to parse comparison for match 2295: {
  grade: 'MISSING',
  length: 'MISSING',
  material: 'MISSING',
  pressure: 'MISSING',
  standard: 'MISSING',
  dimension: 'MISSING',
  product_type: 'MISSING',
  dimension_unit: 'MISSING'
}
Failed to parse comparison for match 2296: {
  grade: 'MISSING',
  length: 'MISSING',
  material: 'MISSING',
  pressure: 'MISSING',
  standard: 'MISSING',
  dimension: 'MISSING',
  product_type: 'MISSING',
  dimension_unit: 'MISSING'
}
Failed to parse comparison for match 2297: {
  grade: 'MISSING',
  length: 'MISSING',
  material: 'MISSING',
  pressure: 'MISSING',
  standard: 'MISSING',
  dimension: 'MISSING',
  product_type: 'MISSING',
  dimension_unit: 'MISSING'
}
Failed to parse comparison for match 2298: {
  grade: 'MISSING',
  length: 'MISSING',
  material: 'MISSING',
  pressure: 'MISSING',
  standard: 'MISSING',
  dimension: 'MISSING',
  product_type: 'MISSING',
  dimension_unit: 'MISSING'
}
Failed to parse comparison for match 2299: {
  grade: 'MISSING',
  length: 'MISSING',
  material: 'MISSING',
  pressure: 'MISSING',
  standard: 'MISSING',
  dimension: 'MISSING',
  product_type: 'MISSING',
  dimension_unit: 'MISSING'
}
Failed to parse comparison for match 2300: {
  grade: 'MISSING',
  length: 'MISSING',
  material: 'MISSING',
  pressure: 'MISSING',
  standard: 'MISSING',
  dimension: 'MISSING',
  product_type: 'MISSING',
  dimension_unit: 'MISSING'
}
Failed to parse comparison for match 2301: {
  grade: 'MISSING',
  length: 'MISSING',
  material: 'MISSING',
  pressure: 'MISSING',
  standard: 'MISSING',
  dimension: 'MISSING',
  product_type: 'MISSING',
  dimension_unit: 'MISSING'
}
Failed to parse comparison for match 2302: {
  grade: 'MISSING',
  length: 'MISSING',
  material: 'MISSING',
  pressure: 'MISSING',
  standard: 'MISSING',
  dimension: 'MISSING',
  product_type: 'MISSING',
  dimension_unit: 'MISSING'
}
Failed to parse comparison for match 2303: {
  grade: 'MISSING',
  length: 'MISSING',
  material: 'MISSING',
  pressure: 'MISSING',
  standard: 'MISSING',
  dimension: 'MISSING',
  product_type: 'MISSING',
  dimension_unit: 'MISSING'
}
Failed to parse comparison for match 2304: {
  grade: 'MISSING',
  length: 'MISSING',
  material: 'MISSING',
  pressure: 'MISSING',
  standard: 'MISSING',
  dimension: 'MISSING',
  product_type: 'MISSING',
  dimension_unit: 'MISSING'
}
Failed to parse comparison for match 2305: {
  grade: 'MISSING',
  length: 'MISSING',
  material: 'MISSING',
  pressure: 'MISSING',
  standard: 'MISSING',
  dimension: 'MISSING',
  product_type: 'MISSING',
  dimension_unit: 'MISSING'
}
Failed to parse comparison for match 2306: {
  grade: 'MISSING',
  length: 'MISSING',
  material: 'MISSING',
  pressure: 'MISSING',
  standard: 'MISSING',
  dimension: 'MISSING',
  product_type: 'MISSING',
  dimension_unit: 'MISSING'
}
Failed to parse comparison for match 2307: {
  grade: 'MISSING',
  length: 'MISSING',
  material: 'MISSING',
  pressure: 'MISSING',
  standard: 'MISSING',
  dimension: 'MISSING',
  product_type: 'MISSING',
  dimension_unit: 'MISSING'
}
Failed to parse comparison for match 2308: {
  grade: 'MISSING',
  length: 'MISSING',
  material: 'MISSING',
  pressure: 'MISSING',
  standard: 'MISSING',
  dimension: 'MISSING',
  product_type: 'MISSING',
  dimension_unit: 'MISSING'
}
Failed to parse comparison for match 2309: {
  grade: 'MISSING',
  length: 'MISSING',
  material: 'MISSING',
  pressure: 'MISSING',
  standard: 'MISSING',
  dimension: 'MISSING',
  product_type: 'MISSING',
  dimension_unit: 'MISSING'
}
Failed to parse comparison for match 2310: {
  grade: 'MISSING',
  length: 'MISSING',
  material: 'MISSING',
  pressure: 'MISSING',
  standard: 'MISSING',
  dimension: 'MISSING',
  product_type: 'MISSING',
  dimension_unit: 'MISSING'
}
Failed to parse comparison for match 2311: {
  grade: 'MISSING',
  length: 'MISSING',
  material: 'MISSING',
  pressure: 'MISSING',
  standard: 'MISSING',
  dimension: 'MISSING',
  product_type: 'MISSING',
  dimension_unit: 'MISSING'
}
Failed to parse comparison for match 2312: {
  grade: 'MISSING',
  length: 'MISSING',
  material: 'MISSING',
  pressure: 'MISSING',
  standard: 'MISSING',
  dimension: 'MISSING',
  product_type: 'MISSING',
  dimension_unit: 'MISSING'
}
Failed to parse comparison for match 2313: {
  grade: 'MISSING',
  length: 'MISSING',
  material: 'MISSING',
  pressure: 'MISSING',
  standard: 'MISSING',
  dimension: 'MISSING',
  product_type: 'MISSING',
  dimension_unit: 'MISSING'
}
Failed to parse comparison for match 2314: {
  grade: 'MISSING',
  length: 'MISSING',
  material: 'MISSING',
  pressure: 'MISSING',
  standard: 'MISSING',
  dimension: 'MISSING',
  product_type: 'MISSING',
  dimension_unit: 'MISSING'
}
Failed to parse comparison for match 2315: {
  grade: 'MISSING',
  length: 'MISSING',
  material: 'MISSING',
  pressure: 'MISSING',
  standard: 'MISSING',
  dimension: 'MISSING',
  product_type: 'MISSING',
  dimension_unit: 'MISSING'
}
Failed to parse comparison for match 2316: {
  grade: 'MISSING',
  length: 'MISSING',
  material: 'MISSING',
  pressure: 'MISSING',
  standard: 'MISSING',
  dimension: 'MISSING',
  product_type: 'MISSING',
  dimension_unit: 'MISSING'
}
Failed to parse comparison for match 2317: {
  grade: 'MISSING',
  length: 'MISSING',
  material: 'MISSING',
  pressure: 'MISSING',
  standard: 'MISSING',
  dimension: 'MISSING',
  product_type: 'MISSING',
  dimension_unit: 'MISSING'
}
Failed to parse comparison for match 2318: {
  grade: 'MISSING',
  length: 'MISSING',
  material: 'MISSING',
  pressure: 'MISSING',
  standard: 'MISSING',
  dimension: 'MISSING',
  product_type: 'MISSING',
  dimension_unit: 'MISSING'
}
Failed to parse comparison for match 2319: {
  grade: 'MISSING',
  length: 'MISSING',
  material: 'MISSING',
  pressure: 'MISSING',
  standard: 'MISSING',
  dimension: 'MISSING',
  product_type: 'MISSING',
  dimension_unit: 'MISSING'
}
Failed to parse comparison for match 2320: {
  grade: 'MISSING',
  length: 'MISSING',
  material: 'MISSING',
  pressure: 'MISSING',
  standard: 'MISSING',
  dimension: 'MISSING',
  product_type: 'MISSING',
  dimension_unit: 'MISSING'
}
Failed to parse comparison for match 2321: {
  grade: 'MISSING',
  length: 'MISSING',
  material: 'MISSING',
  pressure: 'MISSING',
  standard: 'MISSING',
  dimension: 'MISSING',
  product_type: 'MISSING',
  dimension_unit: 'MISSING'
}
Failed to parse comparison for match 2322: {
  grade: 'MISSING',
  length: 'MISSING',
  material: 'MISSING',
  pressure: 'MISSING',
  standard: 'MISSING',
  dimension: 'MISSING',
  product_type: 'MISSING',
  dimension_unit: 'MISSING'
}
Failed to parse comparison for match 2323: {
  grade: 'MISSING',
  length: 'MISSING',
  material: 'MISSING',
  pressure: 'MISSING',
  standard: 'MISSING',
  dimension: 'MISSING',
  product_type: 'MISSING',
  dimension_unit: 'MISSING'
}
Failed to parse comparison for match 2324: {
  grade: 'MISSING',
  length: 'MISSING',
  material: 'MISSING',
  pressure: 'MISSING',
  standard: 'MISSING',
  dimension: 'MISSING',
  product_type: 'MISSING',
  dimension_unit: 'MISSING'
}
Failed to parse comparison for match 2325: {
  grade: 'MISSING',
  length: 'MISSING',
  material: 'MISSING',
  pressure: 'MISSING',
  standard: 'MISSING',
  dimension: 'MISSING',
  product_type: 'MISSING',
  dimension_unit: 'MISSING'
}
Failed to parse comparison for match 2326: {
  grade: 'MISSING',
  length: 'MISSING',
  material: 'MISSING',
  pressure: 'MISSING',
  standard: 'MISSING',
  dimension: 'MISSING',
  product_type: 'MISSING',
  dimension_unit: 'MISSING'
}
Failed to parse comparison for match 2327: {
  grade: 'MISSING',
  length: 'MISSING',
  material: 'MISSING',
  pressure: 'MISSING',
  standard: 'MISSING',
  dimension: 'MISSING',
  product_type: 'MISSING',
  dimension_unit: 'MISSING'
}
Failed to parse comparison for match 2328: {
  grade: 'MISSING',
  length: 'MISSING',
  material: 'MISSING',
  pressure: 'MISSING',
  standard: 'MISSING',
  dimension: 'MISSING',
  product_type: 'MISSING',
  dimension_unit: 'MISSING'
}
Failed to parse comparison for match 2329: {
  grade: 'MISSING',
  length: 'MISSING',
  material: 'MISSING',
  pressure: 'MISSING',
  standard: 'MISSING',
  dimension: 'MISSING',
  product_type: 'MISSING',
  dimension_unit: 'MISSING'
}
Failed to parse comparison for match 2330: {
  grade: 'MISSING',
  length: 'MISSING',
  material: 'MISSING',
  pressure: 'MISSING',
  standard: 'MISSING',
  dimension: 'MISSING',
  product_type: 'MISSING',
  dimension_unit: 'MISSING'
}
Failed to parse comparison for match 2331: {
  grade: 'MISSING',
  length: 'MISSING',
  material: 'MISSING',
  pressure: 'MISSING',
  standard: 'MISSING',
  dimension: 'MISSING',
  product_type: 'MISSING',
  dimension_unit: 'MISSING'
}
Failed to parse comparison for match 2332: {
  grade: 'MISSING',
  length: 'MISSING',
  material: 'MISSING',
  pressure: 'MISSING',
  standard: 'MISSING',
  dimension: 'MISSING',
  product_type: 'MISSING',
  dimension_unit: 'MISSING'
}
Failed to parse comparison for match 2333: {
  grade: 'MISSING',
  length: 'MISSING',
  material: 'MISSING',
  pressure: 'MISSING',
  standard: 'MISSING',
  dimension: 'MISSING',
  product_type: 'MISSING',
  dimension_unit: 'MISSING'
}
Failed to parse comparison for match 2334: {
  grade: 'MISSING',
  length: 'MISSING',
  material: 'MISSING',
  pressure: 'MISSING',
  standard: 'MISSING',
  dimension: 'MISSING',
  product_type: 'MISSING',
  dimension_unit: 'MISSING'
}
Failed to parse comparison for match 2335: {
  grade: 'MISSING',
  length: 'MISSING',
  material: 'MISSING',
  pressure: 'MISSING',
  standard: 'MISSING',
  dimension: 'MISSING',
  product_type: 'MISSING',
  dimension_unit: 'MISSING'
}
Failed to parse comparison for match 2336: {
  grade: 'MISSING',
  length: 'MISSING',
  material: 'MISSING',
  pressure: 'MISSING',
  standard: 'MISSING',
  dimension: 'MISSING',
  product_type: 'MISSING',
  dimension_unit: 'MISSING'
}
Failed to parse comparison for match 2337: {
  grade: 'MISSING',
  length: 'MISSING',
  material: 'MISSING',
  pressure: 'MISSING',
  standard: 'MISSING',
  dimension: 'MISSING',
  product_type: 'MISSING',
  dimension_unit: 'MISSING'
}
Failed to parse comparison for match 2338: {
  grade: 'MISSING',
  length: 'MISSING',
  material: 'MISSING',
  pressure: 'MISSING',
  standard: 'MISSING',
  dimension: 'MISSING',
  product_type: 'MISSING',
  dimension_unit: 'MISSING'
}
Failed to parse comparison for match 2339: {
  grade: 'MISSING',
  length: 'MISSING',
  material: 'MISSING',
  pressure: 'MISSING',
  standard: 'MISSING',
  dimension: 'MISSING',
  product_type: 'MISSING',
  dimension_unit: 'MISSING'
}
Failed to parse comparison for match 2340: {
  grade: 'MISSING',
  length: 'MISSING',
  material: 'MISSING',
  pressure: 'MISSING',
  standard: 'MISSING',
  dimension: 'MISSING',
  product_type: 'MISSING',
  dimension_unit: 'MISSING'
}
Failed to parse comparison for match 2341: {
  grade: 'MISSING',
  length: 'MISSING',
  material: 'MISSING',
  pressure: 'MISSING',
  standard: 'MISSING',
  dimension: 'MISSING',
  product_type: 'MISSING',
  dimension_unit: 'MISSING'
}
Failed to parse comparison for match 2342: {
  grade: 'MISSING',
  length: 'MISSING',
  material: 'MISSING',
  pressure: 'MISSING',
  standard: 'MISSING',
  dimension: 'MISSING',
  product_type: 'MISSING',
  dimension_unit: 'MISSING'
}
Failed to parse comparison for match 2343: {
  grade: 'MISSING',
  length: 'MISSING',
  material: 'MISSING',
  pressure: 'MISSING',
  standard: 'MISSING',
  dimension: 'MISSING',
  product_type: 'MISSING',
  dimension_unit: 'MISSING'
}
Failed to parse comparison for match 2344: {
  grade: 'MISSING',
  length: 'MISSING',
  material: 'MISSING',
  pressure: 'MISSING',
  standard: 'MISSING',
  dimension: 'MISSING',
  product_type: 'MISSING',
  dimension_unit: 'MISSING'
}
Failed to parse comparison for match 2345: {
  grade: 'MISSING',
  length: 'MISSING',
  material: 'MISSING',
  pressure: 'MISSING',
  standard: 'MISSING',
  dimension: 'MISSING',
  product_type: 'MISSING',
  dimension_unit: 'MISSING'
}
Failed to parse comparison for match 2346: {
  grade: 'MISSING',
  length: 'MISSING',
  material: 'MISSING',
  pressure: 'MISSING',
  standard: 'MISSING',
  dimension: 'MISSING',
  product_type: 'MISSING',
  dimension_unit: 'MISSING'
}
Failed to parse comparison for match 2347: {
  grade: 'MISSING',
  length: 'MISSING',
  material: 'MISSING',
  pressure: 'MISSING',
  standard: 'MISSING',
  dimension: 'MISSING',
  product_type: 'MISSING',
  dimension_unit: 'MISSING'
}
Failed to parse comparison for match 2348: {
  grade: 'MISSING',
  length: 'MISSING',
  material: 'MISSING',
  pressure: 'MISSING',
  standard: 'MISSING',
  dimension: 'MISSING',
  product_type: 'MISSING',
  dimension_unit: 'MISSING'
}
Failed to parse comparison for match 2349: {
  grade: 'MISSING',
  length: 'MISSING',
  material: 'MISSING',
  pressure: 'MISSING',
  standard: 'MISSING',
  dimension: 'MISSING',
  product_type: 'MISSING',
  dimension_unit: 'MISSING'
}
Failed to parse comparison for match 2350: {
  grade: 'MISSING',
  length: 'MISSING',
  material: 'MISSING',
  pressure: 'MISSING',
  standard: 'MISSING',
  dimension: 'MISSING',
  product_type: 'MISSING',
  dimension_unit: 'MISSING'
}
Failed to parse comparison for match 2351: {
  grade: 'MISSING',
  length: 'MISSING',
  material: 'MISSING',
  pressure: 'MISSING',
  standard: 'MISSING',
  dimension: 'MISSING',
  product_type: 'MISSING',
  dimension_unit: 'MISSING'
}
Failed to parse comparison for match 2352: {
  grade: 'MISSING',
  length: 'MISSING',
  material: 'MISSING',
  pressure: 'MISSING',
  standard: 'MISSING',
  dimension: 'MISSING',
  product_type: 'MISSING',
  dimension_unit: 'MISSING'
}
Failed to parse comparison for match 2353: {
  grade: 'MISSING',
  length: 'MISSING',
  material: 'MISSING',
  pressure: 'MISSING',
  standard: 'MISSING',
  dimension: 'MISSING',
  product_type: 'MISSING',
  dimension_unit: 'MISSING'
}
Failed to parse comparison for match 2354: {
  grade: 'MISSING',
  length: 'MISSING',
  material: 'MISSING',
  pressure: 'MISSING',
  standard: 'MISSING',
  dimension: 'MISSING',
  product_type: 'MISSING',
  dimension_unit: 'MISSING'
}
Failed to parse comparison for match 2355: {
  grade: 'MISSING',
  length: 'MISSING',
  material: 'MISSING',
  pressure: 'MISSING',
  standard: 'MISSING',
  dimension: 'MISSING',
  product_type: 'MISSING',
  dimension_unit: 'MISSING'
}
Failed to parse comparison for match 2356: {
  grade: 'MISSING',
  length: 'MISSING',
  material: 'MISSING',
  pressure: 'MISSING',
  standard: 'MISSING',
  dimension: 'MISSING',
  product_type: 'MISSING',
  dimension_unit: 'MISSING'
}
Failed to parse comparison for match 2357: {
  grade: 'MISSING',
  length: 'MISSING',
  material: 'MISSING',
  pressure: 'MISSING',
  standard: 'MISSING',
  dimension: 'MISSING',
  product_type: 'MISSING',
  dimension_unit: 'MISSING'
}
Failed to parse comparison for match 2358: {
  grade: 'MISSING',
  length: 'MISSING',
  material: 'MISSING',
  pressure: 'MISSING',
  standard: 'MISSING',
  dimension: 'MISSING',
  product_type: 'MISSING',
  dimension_unit: 'MISSING'
}
Failed to parse comparison for match 2359: {
  grade: 'MISSING',
  length: 'MISSING',
  material: 'MISSING',
  pressure: 'MISSING',
  standard: 'MISSING',
  dimension: 'MISSING',
  product_type: 'MISSING',
  dimension_unit: 'MISSING'
}
Failed to parse comparison for match 2360: {
  grade: 'MISSING',
  length: 'MISSING',
  material: 'MISSING',
  pressure: 'MISSING',
  standard: 'MISSING',
  dimension: 'MISSING',
  product_type: 'MISSING',
  dimension_unit: 'MISSING'
}
Failed to parse comparison for match 2361: {
  grade: 'MISSING',
  length: 'MISSING',
  material: 'MISSING',
  pressure: 'MISSING',
  standard: 'MISSING',
  dimension: 'MISSING',
  product_type: 'MISSING',
  dimension_unit: 'MISSING'
}
Failed to parse comparison for match 2362: {
  grade: 'MISSING',
  length: 'MISSING',
  material: 'MISSING',
  pressure: 'MISSING',
  standard: 'MISSING',
  dimension: 'MISSING',
  product_type: 'MISSING',
  dimension_unit: 'MISSING'
}
Failed to parse comparison for match 2363: {
  grade: 'MISSING',
  length: 'MISSING',
  material: 'MISSING',
  pressure: 'MISSING',
  standard: 'MISSING',
  dimension: 'MISSING',
  product_type: 'MISSING',
  dimension_unit: 'MISSING'
}
Failed to parse comparison for match 2364: {
  grade: 'MISSING',
  length: 'MISSING',
  material: 'MISSING',
  pressure: 'MISSING',
  standard: 'MISSING',
  dimension: 'MISSING',
  product_type: 'MISSING',
  dimension_unit: 'MISSING'
}
Failed to parse comparison for match 2365: {
  grade: 'MISSING',
  length: 'MISSING',
  material: 'MISSING',
  pressure: 'MISSING',
  standard: 'MISSING',
  dimension: 'MISSING',
  product_type: 'MISSING',
  dimension_unit: 'MISSING'
}
Failed to parse comparison for match 2366: {
  grade: 'MISSING',
  length: 'MISSING',
  material: 'MISSING',
  pressure: 'MISSING',
  standard: 'MISSING',
  dimension: 'MISSING',
  product_type: 'MISSING',
  dimension_unit: 'MISSING'
}
Failed to parse comparison for match 2367: {
  grade: 'MISSING',
  length: 'MISSING',
  material: 'MISSING',
  pressure: 'MISSING',
  standard: 'MISSING',
  dimension: 'MISSING',
  product_type: 'MISSING',
  dimension_unit: 'MISSING'
}
Failed to parse comparison for match 2368: {
  grade: 'MISSING',
  length: 'MISSING',
  material: 'MISSING',
  pressure: 'MISSING',
  standard: 'MISSING',
  dimension: 'MISSING',
  product_type: 'MISSING',
  dimension_unit: 'MISSING'
}
Failed to parse comparison for match 2369: {
  grade: 'MISSING',
  length: 'MISSING',
  material: 'MISSING',
  pressure: 'MISSING',
  standard: 'MISSING',
  dimension: 'MISSING',
  product_type: 'MISSING',
  dimension_unit: 'MISSING'
}
Failed to parse comparison for match 2370: {
  grade: 'MISSING',
  length: 'MISSING',
  material: 'MISSING',
  pressure: 'MISSING',
  standard: 'MISSING',
  dimension: 'MISSING',
  product_type: 'MISSING',
  dimension_unit: 'MISSING'
}
Failed to parse comparison for match 2371: {
  grade: 'MISSING',
  length: 'MISSING',
  material: 'MISSING',
  pressure: 'MISSING',
  standard: 'MISSING',
  dimension: 'MISSING',
  product_type: 'MISSING',
  dimension_unit: 'MISSING'
}
Failed to parse comparison for match 2372: {
  grade: 'MISSING',
  length: 'MISSING',
  material: 'MISSING',
  pressure: 'MISSING',
  standard: 'MISSING',
  dimension: 'MISSING',
  product_type: 'MISSING',
  dimension_unit: 'MISSING'
}
Failed to parse comparison for match 2373: {
  grade: 'MISSING',
  length: 'MISSING',
  material: 'MISSING',
  pressure: 'MISSING',
  standard: 'MISSING',
  dimension: 'MISSING',
  product_type: 'MISSING',
  dimension_unit: 'MISSING'
}
Failed to parse comparison for match 2374: {
  grade: 'MISSING',
  length: 'MISSING',
  material: 'MISSING',
  pressure: 'MISSING',
  standard: 'MISSING',
  dimension: 'MISSING',
  product_type: 'MISSING',
  dimension_unit: 'MISSING'
}
Failed to parse comparison for match 2375: {
  grade: 'MISSING',
  length: 'MISSING',
  material: 'MISSING',
  pressure: 'MISSING',
  standard: 'MISSING',
  dimension: 'MISSING',
  product_type: 'MISSING',
  dimension_unit: 'MISSING'
}
Failed to parse comparison for match 2376: {
  grade: 'MISSING',
  length: 'MISSING',
  material: 'MISSING',
  pressure: 'MISSING',
  standard: 'MISSING',
  dimension: 'MISSING',
  product_type: 'MISSING',
  dimension_unit: 'MISSING'
}
Failed to parse comparison for match 2377: {
  grade: 'MISSING',
  length: 'MISSING',
  material: 'MISSING',
  pressure: 'MISSING',
  standard: 'MISSING',
  dimension: 'MISSING',
  product_type: 'MISSING',
  dimension_unit: 'MISSING'
}
Failed to parse comparison for match 2378: {
  grade: 'MISSING',
  length: 'MISSING',
  material: 'MISSING',
  pressure: 'MISSING',
  standard: 'MISSING',
  dimension: 'MISSING',
  product_type: 'MISSING',
  dimension_unit: 'MISSING'
}
Failed to parse comparison for match 2379: {
  grade: 'MISSING',
  length: 'MISSING',
  material: 'MISSING',
  pressure: 'MISSING',
  standard: 'MISSING',
  dimension: 'MISSING',
  product_type: 'MISSING',
  dimension_unit: 'MISSING'
}
Failed to parse comparison for match 2380: {
  grade: 'MISSING',
  length: 'MISSING',
  material: 'MISSING',
  pressure: 'MISSING',
  standard: 'MISSING',
  dimension: 'MISSING',
  product_type: 'MISSING',
  dimension_unit: 'MISSING'
}
Failed to parse comparison for match 2381: {
  grade: 'MISSING',
  length: 'MISSING',
  material: 'MISSING',
  pressure: 'MISSING',
  standard: 'MISSING',
  dimension: 'MISSING',
  product_type: 'MISSING',
  dimension_unit: 'MISSING'
}
Failed to parse comparison for match 2382: {
  grade: 'MISSING',
  length: 'MISSING',
  material: 'MISSING',
  pressure: 'MISSING',
  standard: 'MISSING',
  dimension: 'MISSING',
  product_type: 'MISSING',
  dimension_unit: 'MISSING'
}
Failed to parse comparison for match 2383: {
  grade: 'MISSING',
  length: 'MISSING',
  material: 'MISSING',
  pressure: 'MISSING',
  standard: 'MISSING',
  dimension: 'MISSING',
  product_type: 'MISSING',
  dimension_unit: 'MISSING'
}
Failed to parse comparison for match 2384: {
  grade: 'MISSING',
  length: 'MISSING',
  material: 'MISSING',
  pressure: 'MISSING',
  standard: 'MISSING',
  dimension: 'MISSING',
  product_type: 'MISSING',
  dimension_unit: 'MISSING'
}
Failed to parse comparison for match 2385: {
  grade: 'MISSING',
  length: 'MISSING',
  material: 'MISSING',
  pressure: 'MISSING',
  standard: 'MISSING',
  dimension: 'MISSING',
  product_type: 'MISSING',
  dimension_unit: 'MISSING'
}
Failed to parse comparison for match 2386: {
  grade: 'MISSING',
  length: 'MISSING',
  material: 'MISSING',
  pressure: 'MISSING',
  standard: 'MISSING',
  dimension: 'MISSING',
  product_type: 'MISSING',
  dimension_unit: 'MISSING'
}
Failed to parse comparison for match 2387: {
  grade: 'MISSING',
  length: 'MISSING',
  material: 'MISSING',
  pressure: 'MISSING',
  standard: 'MISSING',
  dimension: 'MISSING',
  product_type: 'MISSING',
  dimension_unit: 'MISSING'
}
Failed to parse comparison for match 2388: {
  grade: 'MISSING',
  length: 'MISSING',
  material: 'MISSING',
  pressure: 'MISSING',
  standard: 'MISSING',
  dimension: 'MISSING',
  product_type: 'MISSING',
  dimension_unit: 'MISSING'
}
Failed to parse comparison for match 2389: {
  grade: 'MISSING',
  length: 'MISSING',
  material: 'MISSING',
  pressure: 'MISSING',
  standard: 'MISSING',
  dimension: 'MISSING',
  product_type: 'MISSING',
  dimension_unit: 'MISSING'
}
Failed to parse comparison for match 2390: {
  grade: 'MISSING',
  length: 'MISSING',
  material: 'MISSING',
  pressure: 'MISSING',
  standard: 'MISSING',
  dimension: 'MISSING',
  product_type: 'MISSING',
  dimension_unit: 'MISSING'
}
Failed to parse comparison for match 2391: {
  grade: 'MISSING',
  length: 'MISSING',
  material: 'MISSING',
  pressure: 'MISSING',
  standard: 'MISSING',
  dimension: 'MISSING',
  product_type: 'MISSING',
  dimension_unit: 'MISSING'
}
Failed to parse comparison for match 2392: {
  grade: 'MISSING',
  length: 'MISSING',
  material: 'MISSING',
  pressure: 'MISSING',
  standard: 'MISSING',
  dimension: 'MISSING',
  product_type: 'MISSING',
  dimension_unit: 'MISSING'
}
Failed to parse comparison for match 2393: {
  grade: 'MISSING',
  length: 'MISSING',
  material: 'MISSING',
  pressure: 'MISSING',
  standard: 'MISSING',
  dimension: 'MISSING',
  product_type: 'MISSING',
  dimension_unit: 'MISSING'
}
Failed to parse comparison for match 2394: {
  grade: 'MISSING',
  length: 'MISSING',
  material: 'MISSING',
  pressure: 'MISSING',
  standard: 'MISSING',
  dimension: 'MISSING',
  product_type: 'MISSING',
  dimension_unit: 'MISSING'
}
Failed to parse comparison for match 2395: {
  grade: 'MISSING',
  length: 'MISSING',
  material: 'MISSING',
  pressure: 'MISSING',
  standard: 'MISSING',
  dimension: 'MISSING',
  product_type: 'MISSING',
  dimension_unit: 'MISSING'
}
Failed to parse comparison for match 2396: {
  grade: 'MISSING',
  length: 'MISSING',
  material: 'MISSING',
  pressure: 'MISSING',
  standard: 'MISSING',
  dimension: 'MISSING',
  product_type: 'MISSING',
  dimension_unit: 'MISSING'
}
Failed to parse comparison for match 2397: {
  grade: 'MISSING',
  length: 'MISSING',
  material: 'MISSING',
  pressure: 'MISSING',
  standard: 'MISSING',
  dimension: 'MISSING',
  product_type: 'MISSING',
  dimension_unit: 'MISSING'
}
Failed to parse comparison for match 2398: {
  grade: 'MISSING',
  length: 'MISSING',
  material: 'MISSING',
  pressure: 'MISSING',
  standard: 'MISSING',
  dimension: 'MISSING',
  product_type: 'MISSING',
  dimension_unit: 'MISSING'
}
Failed to parse comparison for match 2399: {
  grade: 'MISSING',
  length: 'MISSING',
  material: 'MISSING',
  pressure: 'MISSING',
  standard: 'MISSING',
  dimension: 'MISSING',
  product_type: 'MISSING',
  dimension_unit: 'MISSING'
}
Failed to parse comparison for match 2400: {
  grade: 'MISSING',
  length: 'MISSING',
  material: 'MISSING',
  pressure: 'MISSING',
  standard: 'MISSING',
  dimension: 'MISSING',
  product_type: 'MISSING',
  dimension_unit: 'MISSING'
}
Failed to parse comparison for match 2401: {
  grade: 'MISSING',
  length: 'MISSING',
  material: 'MISSING',
  pressure: 'MISSING',
  standard: 'MISSING',
  dimension: 'MISSING',
  product_type: 'MISSING',
  dimension_unit: 'MISSING'
}
Failed to parse comparison for match 2402: {
  grade: 'MISSING',
  length: 'MISSING',
  material: 'MISSING',
  pressure: 'MISSING',
  standard: 'MISSING',
  dimension: 'MISSING',
  product_type: 'MISSING',
  dimension_unit: 'MISSING'
}
Failed to parse comparison for match 2403: {
  grade: 'MISSING',
  length: 'MISSING',
  material: 'MISSING',
  pressure: 'MISSING',
  standard: 'MISSING',
  dimension: 'MISSING',
  product_type: 'MISSING',
  dimension_unit: 'MISSING'
}
Failed to parse comparison for match 2404: {
  grade: 'MISSING',
  length: 'MISSING',
  material: 'MISSING',
  pressure: 'MISSING',
  standard: 'MISSING',
  dimension: 'MISSING',
  product_type: 'MISSING',
  dimension_unit: 'MISSING'
}
Failed to parse comparison for match 2405: {
  grade: 'MISSING',
  length: 'MISSING',
  material: 'MISSING',
  pressure: 'MISSING',
  standard: 'MISSING',
  dimension: 'MISSING',
  product_type: 'MISSING',
  dimension_unit: 'MISSING'
}
Failed to parse comparison for match 2406: {
  grade: 'MISSING',
  length: 'MISSING',
  material: 'MISSING',
  pressure: 'MISSING',
  standard: 'MISSING',
  dimension: 'MISSING',
  product_type: 'MISSING',
  dimension_unit: 'MISSING'
}
Failed to parse comparison for match 2407: {
  grade: 'MISSING',
  length: 'MISSING',
  material: 'MISSING',
  pressure: 'MISSING',
  standard: 'MISSING',
  dimension: 'MISSING',
  product_type: 'MISSING',
  dimension_unit: 'MISSING'
}
Failed to parse comparison for match 2408: {
  grade: 'MISSING',
  length: 'MISSING',
  material: 'MISSING',
  pressure: 'MISSING',
  standard: 'MISSING',
  dimension: 'MISSING',
  product_type: 'MISSING',
  dimension_unit: 'MISSING'
}
Failed to parse comparison for match 2409: {
  grade: 'MISSING',
  length: 'MISSING',
  material: 'MISSING',
  pressure: 'MISSING',
  standard: 'MISSING',
  dimension: 'MISSING',
  product_type: 'MISSING',
  dimension_unit: 'MISSING'
}
Failed to parse comparison for match 2410: {
  grade: 'MISSING',
  length: 'MISSING',
  material: 'MISSING',
  pressure: 'MISSING',
  standard: 'MISSING',
  dimension: 'MISSING',
  product_type: 'MISSING',
  dimension_unit: 'MISSING'
}
Failed to parse comparison for match 2411: {
  grade: 'MISSING',
  length: 'MISSING',
  material: 'MISSING',
  pressure: 'MISSING',
  standard: 'MISSING',
  dimension: 'MISSING',
  product_type: 'MISSING',
  dimension_unit: 'MISSING'
}
Failed to parse comparison for match 2412: {
  grade: 'MISSING',
  length: 'MISSING',
  material: 'MISSING',
  pressure: 'MISSING',
  standard: 'MISSING',
  dimension: 'MISSING',
  product_type: 'MISSING',
  dimension_unit: 'MISSING'
}
Failed to parse comparison for match 2413: {
  grade: 'MISSING',
  length: 'MISSING',
  material: 'MISSING',
  pressure: 'MISSING',
  standard: 'MISSING',
  dimension: 'MISSING',
  product_type: 'MISSING',
  dimension_unit: 'MISSING'
}
Failed to parse comparison for match 2414: {
  grade: 'MISSING',
  length: 'MISSING',
  material: 'MISSING',
  pressure: 'MISSING',
  standard: 'MISSING',
  dimension: 'MISSING',
  product_type: 'MISSING',
  dimension_unit: 'MISSING'
}
Failed to parse comparison for match 2415: {
  grade: 'MISSING',
  length: 'MISSING',
  material: 'MISSING',
  pressure: 'MISSING',
  standard: 'MISSING',
  dimension: 'MISSING',
  product_type: 'MISSING',
  dimension_unit: 'MISSING'
}
Failed to parse comparison for match 2416: {
  grade: 'MISSING',
  length: 'MISSING',
  material: 'MISSING',
  pressure: 'MISSING',
  standard: 'MISSING',
  dimension: 'MISSING',
  product_type: 'MISSING',
  dimension_unit: 'MISSING'
}
Failed to parse comparison for match 2417: {
  grade: 'MISSING',
  length: 'MISSING',
  material: 'MISSING',
  pressure: 'MISSING',
  standard: 'MISSING',
  dimension: 'MISSING',
  product_type: 'MISSING',
  dimension_unit: 'MISSING'
}
Failed to parse comparison for match 2418: {
  grade: 'MISSING',
  length: 'MISSING',
  material: 'MISSING',
  pressure: 'MISSING',
  standard: 'MISSING',
  dimension: 'MISSING',
  product_type: 'MISSING',
  dimension_unit: 'MISSING'
}
Failed to parse comparison for match 2419: {
  grade: 'MISSING',
  length: 'MISSING',
  material: 'MISSING',
  pressure: 'MISSING',
  standard: 'MISSING',
  dimension: 'MISSING',
  product_type: 'MISSING',
  dimension_unit: 'MISSING'
}
Failed to parse comparison for match 2420: {
  grade: 'MISSING',
  length: 'MISSING',
  material: 'MISSING',
  pressure: 'MISSING',
  standard: 'MISSING',
  dimension: 'MISSING',
  product_type: 'MISSING',
  dimension_unit: 'MISSING'
}
Failed to parse comparison for match 2421: {
  grade: 'MISSING',
  length: 'MISSING',
  material: 'MISSING',
  pressure: 'MISSING',
  standard: 'MISSING',
  dimension: 'MISSING',
  product_type: 'MISSING',
  dimension_unit: 'MISSING'
}
Failed to parse comparison for match 2422: {
  grade: 'MISSING',
  length: 'MISSING',
  material: 'MISSING',
  pressure: 'MISSING',
  standard: 'MISSING',
  dimension: 'MISSING',
  product_type: 'MISSING',
  dimension_unit: 'MISSING'
}
Failed to parse comparison for match 2423: {
  grade: 'MISSING',
  length: 'MISSING',
  material: 'MISSING',
  pressure: 'MISSING',
  standard: 'MISSING',
  dimension: 'MISSING',
  product_type: 'MISSING',
  dimension_unit: 'MISSING'
}
Failed to parse comparison for match 2424: {
  grade: 'MISSING',
  length: 'MISSING',
  material: 'MISSING',
  pressure: 'MISSING',
  standard: 'MISSING',
  dimension: 'MISSING',
  product_type: 'MISSING',
  dimension_unit: 'MISSING'
}
Failed to parse comparison for match 2425: {
  grade: 'MISSING',
  length: 'MISSING',
  material: 'MISSING',
  pressure: 'MISSING',
  standard: 'MISSING',
  dimension: 'MISSING',
  product_type: 'MISSING',
  dimension_unit: 'MISSING'
}
Failed to parse comparison for match 2426: {
  grade: 'MISSING',
  length: 'MISSING',
  material: 'MISSING',
  pressure: 'MISSING',
  standard: 'MISSING',
  dimension: 'MISSING',
  product_type: 'MISSING',
  dimension_unit: 'MISSING'
}
Failed to parse comparison for match 2427: {
  grade: 'MISSING',
  length: 'MISSING',
  material: 'MISSING',
  pressure: 'MISSING',
  standard: 'MISSING',
  dimension: 'MISSING',
  product_type: 'MISSING',
  dimension_unit: 'MISSING'
}
Failed to parse comparison for match 2428: {
  grade: 'MISSING',
  length: 'MISSING',
  material: 'MISSING',
  pressure: 'MISSING',
  standard: 'MISSING',
  dimension: 'MISSING',
  product_type: 'MISSING',
  dimension_unit: 'MISSING'
}
Failed to parse comparison for match 2429: {
  grade: 'MISSING',
  length: 'MISSING',
  material: 'MISSING',
  pressure: 'MISSING',
  standard: 'MISSING',
  dimension: 'MISSING',
  product_type: 'MISSING',
  dimension_unit: 'MISSING'
}
Failed to parse comparison for match 2430: {
  grade: 'MISSING',
  length: 'MISSING',
  material: 'MISSING',
  pressure: 'MISSING',
  standard: 'MISSING',
  dimension: 'MISSING',
  product_type: 'MISSING',
  dimension_unit: 'MISSING'
}
Failed to parse comparison for match 2431: {
  grade: 'MISSING',
  length: 'MISSING',
  material: 'MISSING',
  pressure: 'MISSING',
  standard: 'MISSING',
  dimension: 'MISSING',
  product_type: 'MISSING',
  dimension_unit: 'MISSING'
}
Failed to parse comparison for match 2432: {
  grade: 'MISSING',
  length: 'MISSING',
  material: 'MISSING',
  pressure: 'MISSING',
  standard: 'MISSING',
  dimension: 'MISSING',
  product_type: 'MISSING',
  dimension_unit: 'MISSING'
}
Failed to parse comparison for match 2433: {
  grade: 'MISSING',
  length: 'MISSING',
  material: 'MISSING',
  pressure: 'MISSING',
  standard: 'MISSING',
  dimension: 'MISSING',
  product_type: 'MISSING',
  dimension_unit: 'MISSING'
}
Failed to parse comparison for match 2434: {
  grade: 'MISSING',
  length: 'MISSING',
  material: 'MISSING',
  pressure: 'MISSING',
  standard: 'MISSING',
  dimension: 'MISSING',
  product_type: 'MISSING',
  dimension_unit: 'MISSING'
}
Failed to parse comparison for match 2435: {
  grade: 'MISSING',
  length: 'MISSING',
  material: 'MISSING',
  pressure: 'MISSING',
  standard: 'MISSING',
  dimension: 'MISSING',
  product_type: 'MISSING',
  dimension_unit: 'MISSING'
}
Failed to parse comparison for match 2436: {
  grade: 'MISSING',
  length: 'MISSING',
  material: 'MISSING',
  pressure: 'MISSING',
  standard: 'MISSING',
  dimension: 'MISSING',
  product_type: 'MISSING',
  dimension_unit: 'MISSING'
}
Failed to parse comparison for match 2437: {
  grade: 'MISSING',
  length: 'MISSING',
  material: 'MISSING',
  pressure: 'MISSING',
  standard: 'MISSING',
  dimension: 'MISSING',
  product_type: 'MISSING',
  dimension_unit: 'MISSING'
}
Failed to parse comparison for match 2438: {
  grade: 'MISSING',
  length: 'MISSING',
  material: 'MISSING',
  pressure: 'MISSING',
  standard: 'MISSING',
  dimension: 'MISSING',
  product_type: 'MISSING',
  dimension_unit: 'MISSING'
}
Failed to parse comparison for match 2439: {
  grade: 'MISSING',
  length: 'MISSING',
  material: 'MISSING',
  pressure: 'MISSING',
  standard: 'MISSING',
  dimension: 'MISSING',
  product_type: 'MISSING',
  dimension_unit: 'MISSING'
}
Failed to parse comparison for match 2440: {
  grade: 'MISSING',
  length: 'MISSING',
  material: 'MISSING',
  pressure: 'MISSING',
  standard: 'MISSING',
  dimension: 'MISSING',
  product_type: 'MISSING',
  dimension_unit: 'MISSING'
}
Failed to parse comparison for match 2441: {
  grade: 'MISSING',
  length: 'MISSING',
  material: 'MISSING',
  pressure: 'MISSING',
  standard: 'MISSING',
  dimension: 'MISSING',
  product_type: 'MISSING',
  dimension_unit: 'MISSING'
}
Failed to parse comparison for match 2442: {
  grade: 'MISSING',
  length: 'MISSING',
  material: 'MISSING',
  pressure: 'MISSING',
  standard: 'MISSING',
  dimension: 'MISSING',
  product_type: 'MISSING',
  dimension_unit: 'MISSING'
}
Failed to parse comparison for match 2443: {
  grade: 'MISSING',
  length: 'MISSING',
  material: 'MISSING',
  pressure: 'MISSING',
  standard: 'MISSING',
  dimension: 'MISSING',
  product_type: 'MISSING',
  dimension_unit: 'MISSING'
}
Failed to parse comparison for match 2444: {
  grade: 'MISSING',
  length: 'MISSING',
  material: 'MISSING',
  pressure: 'MISSING',
  standard: 'MISSING',
  dimension: 'MISSING',
  product_type: 'MISSING',
  dimension_unit: 'MISSING'
}
Failed to parse comparison for match 2445: {
  grade: 'MISSING',
  length: 'MISSING',
  material: 'MISSING',
  pressure: 'MISSING',
  standard: 'MISSING',
  dimension: 'MISSING',
  product_type: 'MISSING',
  dimension_unit: 'MISSING'
}
Failed to parse comparison for match 2446: {
  grade: 'MISSING',
  length: 'MISSING',
  material: 'MISSING',
  pressure: 'MISSING',
  standard: 'MISSING',
  dimension: 'MISSING',
  product_type: 'MISSING',
  dimension_unit: 'MISSING'
}
Failed to parse comparison for match 2447: {
  grade: 'MISSING',
  length: 'MISSING',
  material: 'MISSING',
  pressure: 'MISSING',
  standard: 'MISSING',
  dimension: 'MISSING',
  product_type: 'MISSING',
  dimension_unit: 'MISSING'
}
Failed to parse comparison for match 2448: {
  grade: 'MISSING',
  length: 'MISSING',
  material: 'MISSING',
  pressure: 'MISSING',
  standard: 'MISSING',
  dimension: 'MISSING',
  product_type: 'MISSING',
  dimension_unit: 'MISSING'
}
Failed to parse comparison for match 2449: {
  grade: 'MISSING',
  length: 'MISSING',
  material: 'MISSING',
  pressure: 'MISSING',
  standard: 'MISSING',
  dimension: 'MISSING',
  product_type: 'MISSING',
  dimension_unit: 'MISSING'
}
Failed to parse comparison for match 2450: {
  grade: 'MISSING',
  length: 'MISSING',
  material: 'MISSING',
  pressure: 'MISSING',
  standard: 'MISSING',
  dimension: 'MISSING',
  product_type: 'MISSING',
  dimension_unit: 'MISSING'
}
Failed to parse comparison for match 2451: {
  grade: 'MISSING',
  length: 'MISSING',
  material: 'MISSING',
  pressure: 'MISSING',
  standard: 'MISSING',
  dimension: 'MISSING',
  product_type: 'MISSING',
  dimension_unit: 'MISSING'
}
Failed to parse comparison for match 2452: {
  grade: 'MISSING',
  length: 'MISSING',
  material: 'MISSING',
  pressure: 'MISSING',
  standard: 'MISSING',
  dimension: 'MISSING',
  product_type: 'MISSING',
  dimension_unit: 'MISSING'
}
Failed to parse comparison for match 2453: {
  grade: 'MISSING',
  length: 'MISSING',
  material: 'MISSING',
  pressure: 'MISSING',
  standard: 'MISSING',
  dimension: 'MISSING',
  product_type: 'MISSING',
  dimension_unit: 'MISSING'
}
Failed to parse comparison for match 2454: {
  grade: 'MISSING',
  length: 'MISSING',
  material: 'MISSING',
  pressure: 'MISSING',
  standard: 'MISSING',
  dimension: 'MISSING',
  product_type: 'MISSING',
  dimension_unit: 'MISSING'
}
Failed to parse comparison for match 2455: {
  grade: 'MISSING',
  length: 'MISSING',
  material: 'MISSING',
  pressure: 'MISSING',
  standard: 'MISSING',
  dimension: 'MISSING',
  product_type: 'MISSING',
  dimension_unit: 'MISSING'
}
Failed to parse comparison for match 2456: {
  grade: 'MISSING',
  length: 'MISSING',
  material: 'MISSING',
  pressure: 'MISSING',
  standard: 'MISSING',
  dimension: 'MISSING',
  product_type: 'MISSING',
  dimension_unit: 'MISSING'
}
Failed to parse comparison for match 2457: {
  grade: 'MISSING',
  length: 'MISSING',
  material: 'MISSING',
  pressure: 'MISSING',
  standard: 'MISSING',
  dimension: 'MISSING',
  product_type: 'MISSING',
  dimension_unit: 'MISSING'
}
Failed to parse comparison for match 2458: {
  grade: 'MISSING',
  length: 'MISSING',
  material: 'MISSING',
  pressure: 'MISSING',
  standard: 'MISSING',
  dimension: 'MISSING',
  product_type: 'MISSING',
  dimension_unit: 'MISSING'
}
Failed to parse comparison for match 2459: {
  grade: 'MISSING',
  length: 'MISSING',
  material: 'MISSING',
  pressure: 'MISSING',
  standard: 'MISSING',
  dimension: 'MISSING',
  product_type: 'MISSING',
  dimension_unit: 'MISSING'
}
Failed to parse comparison for match 2460: {
  grade: 'MISSING',
  length: 'MISSING',
  material: 'MISSING',
  pressure: 'MISSING',
  standard: 'MISSING',
  dimension: 'MISSING',
  product_type: 'MISSING',
  dimension_unit: 'MISSING'
}
Failed to parse comparison for match 2461: {
  grade: 'MISSING',
  length: 'MISSING',
  material: 'MISSING',
  pressure: 'MISSING',
  standard: 'MISSING',
  dimension: 'MISSING',
  product_type: 'MISSING',
  dimension_unit: 'MISSING'
}
Failed to parse comparison for match 2462: {
  grade: 'MISSING',
  length: 'MISSING',
  material: 'MISSING',
  pressure: 'MISSING',
  standard: 'MISSING',
  dimension: 'MISSING',
  product_type: 'MISSING',
  dimension_unit: 'MISSING'
}
Failed to parse comparison for match 2463: {
  grade: 'MISSING',
  length: 'MISSING',
  material: 'MISSING',
  pressure: 'MISSING',
  standard: 'MISSING',
  dimension: 'MISSING',
  product_type: 'MISSING',
  dimension_unit: 'MISSING'
}
Failed to parse comparison for match 2464: {
  grade: 'MISSING',
  length: 'MISSING',
  material: 'MISSING',
  pressure: 'MISSING',
  standard: 'MISSING',
  dimension: 'MISSING',
  product_type: 'MISSING',
  dimension_unit: 'MISSING'
}
Failed to parse comparison for match 2465: {
  grade: 'MISSING',
  length: 'MISSING',
  material: 'MISSING',
  pressure: 'MISSING',
  standard: 'MISSING',
  dimension: 'MISSING',
  product_type: 'MISSING',
  dimension_unit: 'MISSING'
}
Failed to parse comparison for match 2466: {
  grade: 'MISSING',
  length: 'MISSING',
  material: 'MISSING',
  pressure: 'MISSING',
  standard: 'MISSING',
  dimension: 'MISSING',
  product_type: 'MISSING',
  dimension_unit: 'MISSING'
}
Failed to parse comparison for match 2467: {
  grade: 'MISSING',
  length: 'MISSING',
  material: 'MISSING',
  pressure: 'MISSING',
  standard: 'MISSING',
  dimension: 'MISSING',
  product_type: 'MISSING',
  dimension_unit: 'MISSING'
}
Failed to parse comparison for match 2468: {
  grade: 'MISSING',
  length: 'MISSING',
  material: 'MISSING',
  pressure: 'MISSING',
  standard: 'MISSING',
  dimension: 'MISSING',
  product_type: 'MISSING',
  dimension_unit: 'MISSING'
}
Failed to parse comparison for match 2469: {
  grade: 'MISSING',
  length: 'MISSING',
  material: 'MISSING',
  pressure: 'MISSING',
  standard: 'MISSING',
  dimension: 'MISSING',
  product_type: 'MISSING',
  dimension_unit: 'MISSING'
}
Failed to parse comparison for match 2470: {
  grade: 'MISSING',
  length: 'MISSING',
  material: 'MISSING',
  pressure: 'MISSING',
  standard: 'MISSING',
  dimension: 'MISSING',
  product_type: 'MISSING',
  dimension_unit: 'MISSING'
}
Failed to parse comparison for match 2471: {
  grade: 'MISSING',
  length: 'MISSING',
  material: 'MISSING',
  pressure: 'MISSING',
  standard: 'MISSING',
  dimension: 'MISSING',
  product_type: 'MISSING',
  dimension_unit: 'MISSING'
}
Failed to parse comparison for match 2472: {
  grade: 'MISSING',
  length: 'MISSING',
  material: 'MISSING',
  pressure: 'MISSING',
  standard: 'MISSING',
  dimension: 'MISSING',
  product_type: 'MISSING',
  dimension_unit: 'MISSING'
}
Failed to parse comparison for match 2473: {
  grade: 'MISSING',
  length: 'MISSING',
  material: 'MISSING',
  pressure: 'MISSING',
  standard: 'MISSING',
  dimension: 'MISSING',
  product_type: 'MISSING',
  dimension_unit: 'MISSING'
}
Failed to parse comparison for match 2474: {
  grade: 'MISSING',
  length: 'MISSING',
  material: 'MISSING',
  pressure: 'MISSING',
  standard: 'MISSING',
  dimension: 'MISSING',
  product_type: 'MISSING',
  dimension_unit: 'MISSING'
}
Failed to parse comparison for match 2475: {
  grade: 'MISSING',
  length: 'MISSING',
  material: 'MISSING',
  pressure: 'MISSING',
  standard: 'MISSING',
  dimension: 'MISSING',
  product_type: 'MISSING',
  dimension_unit: 'MISSING'
}
Failed to parse comparison for match 2476: {
  grade: 'MISSING',
  length: 'MISSING',
  material: 'MISSING',
  pressure: 'MISSING',
  standard: 'MISSING',
  dimension: 'MISSING',
  product_type: 'MISSING',
  dimension_unit: 'MISSING'
}
Failed to parse comparison for match 2477: {
  grade: 'MISSING',
  length: 'MISSING',
  material: 'MISSING',
  pressure: 'MISSING',
  standard: 'MISSING',
  dimension: 'MISSING',
  product_type: 'MISSING',
  dimension_unit: 'MISSING'
}
Failed to parse comparison for match 2478: {
  grade: 'MISSING',
  length: 'MISSING',
  material: 'MISSING',
  pressure: 'MISSING',
  standard: 'MISSING',
  dimension: 'MISSING',
  product_type: 'MISSING',
  dimension_unit: 'MISSING'
}
Failed to parse comparison for match 2479: {
  grade: 'MISSING',
  length: 'MISSING',
  material: 'MISSING',
  pressure: 'MISSING',
  standard: 'MISSING',
  dimension: 'MISSING',
  product_type: 'MISSING',
  dimension_unit: 'MISSING'
}
Failed to parse comparison for match 2480: {
  grade: 'MISSING',
  length: 'MISSING',
  material: 'MISSING',
  pressure: 'MISSING',
  standard: 'MISSING',
  dimension: 'MISSING',
  product_type: 'MISSING',
  dimension_unit: 'MISSING'
}
Failed to parse comparison for match 2481: {
  grade: 'MISSING',
  length: 'MISSING',
  material: 'MISSING',
  pressure: 'MISSING',
  standard: 'MISSING',
  dimension: 'MISSING',
  product_type: 'MISSING',
  dimension_unit: 'MISSING'
}
Failed to parse comparison for match 2482: {
  grade: 'MISSING',
  length: 'MISSING',
  material: 'MISSING',
  pressure: 'MISSING',
  standard: 'MISSING',
  dimension: 'MISSING',
  product_type: 'MISSING',
  dimension_unit: 'MISSING'
}
Failed to parse comparison for match 2483: {
  grade: 'MISSING',
  length: 'MISSING',
  material: 'MISSING',
  pressure: 'MISSING',
  standard: 'MISSING',
  dimension: 'MISSING',
  product_type: 'MISSING',
  dimension_unit: 'MISSING'
}
Failed to parse comparison for match 2484: {
  grade: 'MISSING',
  length: 'MISSING',
  material: 'MISSING',
  pressure: 'MISSING',
  standard: 'MISSING',
  dimension: 'MISSING',
  product_type: 'MISSING',
  dimension_unit: 'MISSING'
}
Failed to parse comparison for match 2485: {
  grade: 'MISSING',
  length: 'MISSING',
  material: 'MISSING',
  pressure: 'MISSING',
  standard: 'MISSING',
  dimension: 'MISSING',
  product_type: 'MISSING',
  dimension_unit: 'MISSING'
}
Failed to parse comparison for match 2486: {
  grade: 'MISSING',
  length: 'MISSING',
  material: 'MISSING',
  pressure: 'MISSING',
  standard: 'MISSING',
  dimension: 'MISSING',
  product_type: 'MISSING',
  dimension_unit: 'MISSING'
}
Failed to parse comparison for match 2487: {
  grade: 'MISSING',
  length: 'MISSING',
  material: 'MISSING',
  pressure: 'MISSING',
  standard: 'MISSING',
  dimension: 'MISSING',
  product_type: 'MISSING',
  dimension_unit: 'MISSING'
}
Failed to parse comparison for match 2488: {
  grade: 'MISSING',
  length: 'MISSING',
  material: 'MISSING',
  pressure: 'MISSING',
  standard: 'MISSING',
  dimension: 'MISSING',
  product_type: 'MISSING',
  dimension_unit: 'MISSING'
}
Failed to parse comparison for match 2489: {
  grade: 'MISSING',
  length: 'MISSING',
  material: 'MISSING',
  pressure: 'MISSING',
  standard: 'MISSING',
  dimension: 'MISSING',
  product_type: 'MISSING',
  dimension_unit: 'MISSING'
}
Failed to parse comparison for match 2490: {
  grade: 'MISSING',
  length: 'MISSING',
  material: 'MISSING',
  pressure: 'MISSING',
  standard: 'MISSING',
  dimension: 'MISSING',
  product_type: 'MISSING',
  dimension_unit: 'MISSING'
}
Failed to parse comparison for match 2491: {
  grade: 'MISSING',
  length: 'MISSING',
  material: 'MISSING',
  pressure: 'MISSING',
  standard: 'MISSING',
  dimension: 'MISSING',
  product_type: 'MISSING',
  dimension_unit: 'MISSING'
}
Failed to parse comparison for match 2492: {
  grade: 'MISSING',
  length: 'MISSING',
  material: 'MISSING',
  pressure: 'MISSING',
  standard: 'MISSING',
  dimension: 'MISSING',
  product_type: 'MISSING',
  dimension_unit: 'MISSING'
}
Failed to parse comparison for match 2493: {
  grade: 'MISSING',
  length: 'MISSING',
  material: 'MISSING',
  pressure: 'MISSING',
  standard: 'MISSING',
  dimension: 'MISSING',
  product_type: 'MISSING',
  dimension_unit: 'MISSING'
}
Failed to parse comparison for match 2494: {
  grade: 'MISSING',
  length: 'MISSING',
  material: 'MISSING',
  pressure: 'MISSING',
  standard: 'MISSING',
  dimension: 'MISSING',
  product_type: 'MISSING',
  dimension_unit: 'MISSING'
}
Failed to parse comparison for match 2495: {
  grade: 'MISSING',
  length: 'MISSING',
  material: 'MISSING',
  pressure: 'MISSING',
  standard: 'MISSING',
  dimension: 'MISSING',
  product_type: 'MISSING',
  dimension_unit: 'MISSING'
}
Failed to parse comparison for match 2496: {
  grade: 'MISSING',
  length: 'MISSING',
  material: 'MISSING',
  pressure: 'MISSING',
  standard: 'MISSING',
  dimension: 'MISSING',
  product_type: 'MISSING',
  dimension_unit: 'MISSING'
}
Failed to parse comparison for match 2497: {
  grade: 'MISSING',
  length: 'MISSING',
  material: 'MISSING',
  pressure: 'MISSING',
  standard: 'MISSING',
  dimension: 'MISSING',
  product_type: 'MISSING',
  dimension_unit: 'MISSING'
}
Failed to parse comparison for match 2498: {
  grade: 'MISSING',
  length: 'MISSING',
  material: 'MISSING',
  pressure: 'MISSING',
  standard: 'MISSING',
  dimension: 'MISSING',
  product_type: 'MISSING',
  dimension_unit: 'MISSING'
}
Failed to parse comparison for match 2499: {
  grade: 'MISSING',
  length: 'MISSING',
  material: 'MISSING',
  pressure: 'MISSING',
  standard: 'MISSING',
  dimension: 'MISSING',
  product_type: 'MISSING',
  dimension_unit: 'MISSING'
}
Failed to parse comparison for match 2500: {
  grade: 'MISSING',
  length: 'MISSING',
  material: 'MISSING',
  pressure: 'MISSING',
  standard: 'MISSING',
  dimension: 'MISSING',
  product_type: 'MISSING',
  dimension_unit: 'MISSING'
}
Failed to parse comparison for match 2501: {
  grade: 'MISSING',
  length: 'MISSING',
  material: 'MISSING',
  pressure: 'MISSING',
  standard: 'MISSING',
  dimension: 'MISSING',
  product_type: 'MISSING',
  dimension_unit: 'MISSING'
}
Failed to parse comparison for match 2502: {
  grade: 'MISSING',
  length: 'MISSING',
  material: 'MISSING',
  pressure: 'MISSING',
  standard: 'MISSING',
  dimension: 'MISSING',
  product_type: 'MISSING',
  dimension_unit: 'MISSING'
}
Failed to parse comparison for match 2503: {
  grade: 'MISSING',
  length: 'MISSING',
  material: 'MISSING',
  pressure: 'MISSING',
  standard: 'MISSING',
  dimension: 'MISSING',
  product_type: 'MISSING',
  dimension_unit: 'MISSING'
}
Failed to parse comparison for match 2504: {
  grade: 'MISSING',
  length: 'MISSING',
  material: 'MISSING',
  pressure: 'MISSING',
  standard: 'MISSING',
  dimension: 'MISSING',
  product_type: 'MISSING',
  dimension_unit: 'MISSING'
}
Failed to parse comparison for match 2505: {
  grade: 'MISSING',
  length: 'MISSING',
  material: 'MISSING',
  pressure: 'MISSING',
  standard: 'MISSING',
  dimension: 'MISSING',
  product_type: 'MISSING',
  dimension_unit: 'MISSING'
}
Failed to parse comparison for match 2506: {
  grade: 'MISSING',
  length: 'MISSING',
  material: 'MISSING',
  pressure: 'MISSING',
  standard: 'MISSING',
  dimension: 'MISSING',
  product_type: 'MISSING',
  dimension_unit: 'MISSING'
}
Failed to parse comparison for match 2507: {
  grade: 'MISSING',
  length: 'MISSING',
  material: 'MISSING',
  pressure: 'MISSING',
  standard: 'MISSING',
  dimension: 'MISSING',
  product_type: 'MISSING',
  dimension_unit: 'MISSING'
}
Failed to parse comparison for match 2508: {
  grade: 'MISSING',
  length: 'MISSING',
  material: 'MISSING',
  pressure: 'MISSING',
  standard: 'MISSING',
  dimension: 'MISSING',
  product_type: 'MISSING',
  dimension_unit: 'MISSING'
}
Failed to parse comparison for match 2509: {
  grade: 'MISSING',
  length: 'MISSING',
  material: 'MISSING',
  pressure: 'MISSING',
  standard: 'MISSING',
  dimension: 'MISSING',
  product_type: 'MISSING',
  dimension_unit: 'MISSING'
}
Failed to parse comparison for match 2510: {
  grade: 'MISSING',
  length: 'MISSING',
  material: 'MISSING',
  pressure: 'MISSING',
  standard: 'MISSING',
  dimension: 'MISSING',
  product_type: 'MISSING',
  dimension_unit: 'MISSING'
}
Failed to parse comparison for match 2511: {
  grade: 'MISSING',
  length: 'MISSING',
  material: 'MISSING',
  pressure: 'MISSING',
  standard: 'MISSING',
  dimension: 'MISSING',
  product_type: 'MISSING',
  dimension_unit: 'MISSING'
}
Failed to parse comparison for match 2512: {
  grade: 'MISSING',
  length: 'MISSING',
  material: 'MISSING',
  pressure: 'MISSING',
  standard: 'MISSING',
  dimension: 'MISSING',
  product_type: 'MISSING',
  dimension_unit: 'MISSING'
}
Failed to parse comparison for match 2513: {
  grade: 'MISSING',
  length: 'MISSING',
  material: 'MISSING',
  pressure: 'MISSING',
  standard: 'MISSING',
  dimension: 'MISSING',
  product_type: 'MISSING',
  dimension_unit: 'MISSING'
}
Failed to parse comparison for match 2514: {
  grade: 'MISSING',
  length: 'MISSING',
  material: 'MISSING',
  pressure: 'MISSING',
  standard: 'MISSING',
  dimension: 'MISSING',
  product_type: 'MISSING',
  dimension_unit: 'MISSING'
}
Failed to parse comparison for match 2515: {
  grade: 'MISSING',
  length: 'MISSING',
  material: 'MISSING',
  pressure: 'MISSING',
  standard: 'MISSING',
  dimension: 'MISSING',
  product_type: 'MISSING',
  dimension_unit: 'MISSING'
}
Failed to parse comparison for match 3748: {
  grade: 'MISSING',
  length: 'MISSING',
  material: 'MISSING',
  pressure: 'MISSING',
  standard: 'MISSING',
  dimension: 'MISSING',
  product_type: 'MISSING',
  dimension_unit: 'MISSING'
}
Failed to parse comparison for match 3749: {
  grade: 'MISSING',
  length: 'MISSING',
  material: 'MISSING',
  pressure: 'MISSING',
  standard: 'MISSING',
  dimension: 'MISSING',
  product_type: 'MISSING',
  dimension_unit: 'MISSING'
}
Failed to parse comparison for match 3750: {
  grade: 'MISSING',
  length: 'MISSING',
  material: 'MISSING',
  pressure: 'MISSING',
  standard: 'MISSING',
  dimension: 'MISSING',
  product_type: 'MISSING',
  dimension_unit: 'MISSING'
}
Failed to parse comparison for match 3751: {
  grade: 'MISSING',
  length: 'MISSING',
  material: 'MISSING',
  pressure: 'MISSING',
  standard: 'MISSING',
  dimension: 'MISSING',
  product_type: 'MISSING',
  dimension_unit: 'MISSING'
}
Failed to parse comparison for match 3752: {
  grade: 'MISSING',
  length: 'MISSING',
  material: 'MISSING',
  pressure: 'MISSING',
  standard: 'MISSING',
  dimension: 'MISSING',
  product_type: 'MISSING',
  dimension_unit: 'MISSING'
}
Failed to parse comparison for match 3753: {
  grade: 'MISSING',
  length: 'MISSING',
  material: 'MISSING',
  pressure: 'MISSING',
  standard: 'MISSING',
  dimension: 'MISSING',
  product_type: 'MISSING',
  dimension_unit: 'MISSING'
}
Failed to parse comparison for match 3754: {
  grade: 'MISSING',
  length: 'MISSING',
  material: 'MISSING',
  pressure: 'MISSING',
  standard: 'MISSING',
  dimension: 'MISSING',
  product_type: 'MISSING',
  dimension_unit: 'MISSING'
}
Failed to parse comparison for match 3755: {
  grade: 'MISSING',
  length: 'MISSING',
  material: 'MISSING',
  pressure: 'MISSING',
  standard: 'MISSING',
  dimension: 'MISSING',
  product_type: 'MISSING',
  dimension_unit: 'MISSING'
}
Failed to parse comparison for match 3756: {
  grade: 'MISSING',
  length: 'MISSING',
  material: 'MISSING',
  pressure: 'MISSING',
  standard: 'MISSING',
  dimension: 'MISSING',
  product_type: 'MISSING',
  dimension_unit: 'MISSING'
}
Failed to parse comparison for match 3757: {
  grade: 'MISSING',
  length: 'MISSING',
  material: 'MISSING',
  pressure: 'MISSING',
  standard: 'MISSING',
  dimension: 'MISSING',
  product_type: 'MISSING',
  dimension_unit: 'MISSING'
}
Failed to parse comparison for match 3758: {
  grade: 'MISSING',
  length: 'MISSING',
  material: 'MISSING',
  pressure: 'MISSING',
  standard: 'MISSING',
  dimension: 'MISSING',
  product_type: 'MISSING',
  dimension_unit: 'MISSING'
}
Failed to parse comparison for match 3759: {
  grade: 'MISSING',
  length: 'MISSING',
  material: 'MISSING',
  pressure: 'MISSING',
  standard: 'MISSING',
  dimension: 'MISSING',
  product_type: 'MISSING',
  dimension_unit: 'MISSING'
}
Failed to parse comparison for match 3760: {
  grade: 'MISSING',
  length: 'MISSING',
  material: 'MISSING',
  pressure: 'MISSING',
  standard: 'MISSING',
  dimension: 'MISSING',
  product_type: 'MISSING',
  dimension_unit: 'MISSING'
}
Failed to parse comparison for match 3761: {
  grade: 'MISSING',
  length: 'MISSING',
  material: 'MISSING',
  pressure: 'MISSING',
  standard: 'MISSING',
  dimension: 'MISSING',
  product_type: 'MISSING',
  dimension_unit: 'MISSING'
}
Failed to parse comparison for match 3762: {
  grade: 'MISSING',
  length: 'MISSING',
  material: 'MISSING',
  pressure: 'MISSING',
  standard: 'MISSING',
  dimension: 'MISSING',
  product_type: 'MISSING',
  dimension_unit: 'MISSING'
}
Failed to parse comparison for match 3763: {
  grade: 'MISSING',
  length: 'MISSING',
  material: 'MISSING',
  pressure: 'MISSING',
  standard: 'MISSING',
  dimension: 'MISSING',
  product_type: 'MISSING',
  dimension_unit: 'MISSING'
}
Failed to parse comparison for match 3764: {
  grade: 'MISSING',
  length: 'MISSING',
  material: 'MISSING',
  pressure: 'MISSING',
  standard: 'MISSING',
  dimension: 'MISSING',
  product_type: 'MISSING',
  dimension_unit: 'MISSING'
}
Failed to parse comparison for match 3765: {
  grade: 'MISSING',
  length: 'MISSING',
  material: 'MISSING',
  pressure: 'MISSING',
  standard: 'MISSING',
  dimension: 'MISSING',
  product_type: 'MISSING',
  dimension_unit: 'MISSING'
}
Failed to parse comparison for match 3766: {
  grade: 'MISSING',
  length: 'MISSING',
  material: 'MISSING',
  pressure: 'MISSING',
  standard: 'MISSING',
  dimension: 'MISSING',
  product_type: 'MISSING',
  dimension_unit: 'MISSING'
}
Failed to parse comparison for match 3767: {
  grade: 'MISSING',
  length: 'MISSING',
  material: 'MISSING',
  pressure: 'MISSING',
  standard: 'MISSING',
  dimension: 'MISSING',
  product_type: 'MISSING',
  dimension_unit: 'MISSING'
}
Failed to parse comparison for match 3768: {
  grade: 'MISSING',
  length: 'MISSING',
  material: 'MISSING',
  pressure: 'MISSING',
  standard: 'MISSING',
  dimension: 'MISSING',
  product_type: 'MISSING',
  dimension_unit: 'MISSING'
}
Failed to parse comparison for match 3769: {
  grade: 'MISSING',
  length: 'MISSING',
  material: 'MISSING',
  pressure: 'MISSING',
  standard: 'MISSING',
  dimension: 'MISSING',
  product_type: 'MISSING',
  dimension_unit: 'MISSING'
}
Failed to parse comparison for match 3770: {
  grade: 'MISSING',
  length: 'MISSING',
  material: 'MISSING',
  pressure: 'MISSING',
  standard: 'MISSING',
  dimension: 'MISSING',
  product_type: 'MISSING',
  dimension_unit: 'MISSING'
}
Failed to parse comparison for match 3771: {
  grade: 'MISSING',
  length: 'MISSING',
  material: 'MISSING',
  pressure: 'MISSING',
  standard: 'MISSING',
  dimension: 'MISSING',
  product_type: 'MISSING',
  dimension_unit: 'MISSING'
}
Failed to parse comparison for match 3772: {
  grade: 'MISSING',
  length: 'MISSING',
  material: 'MISSING',
  pressure: 'MISSING',
  standard: 'MISSING',
  dimension: 'MISSING',
  product_type: 'MISSING',
  dimension_unit: 'MISSING'
}
Failed to parse comparison for match 3773: {
  grade: 'MISSING',
  length: 'MISSING',
  material: 'MISSING',
  pressure: 'MISSING',
  standard: 'MISSING',
  dimension: 'MISSING',
  product_type: 'MISSING',
  dimension_unit: 'MISSING'
}
Failed to parse comparison for match 3774: {
  grade: 'MISSING',
  length: 'MISSING',
  material: 'MISSING',
  pressure: 'MISSING',
  standard: 'MISSING',
  dimension: 'MISSING',
  product_type: 'MISSING',
  dimension_unit: 'MISSING'
}
Failed to parse comparison for match 3775: {
  grade: 'MISSING',
  length: 'MISSING',
  material: 'MISSING',
  pressure: 'MISSING',
  standard: 'MISSING',
  dimension: 'MISSING',
  product_type: 'MISSING',
  dimension_unit: 'MISSING'
}
Failed to parse comparison for match 3776: {
  grade: 'MISSING',
  length: 'MISSING',
  material: 'MISSING',
  pressure: 'MISSING',
  standard: 'MISSING',
  dimension: 'MISSING',
  product_type: 'MISSING',
  dimension_unit: 'MISSING'
}
Failed to parse comparison for match 3777: {
  grade: 'MISSING',
  length: 'MISSING',
  material: 'MISSING',
  pressure: 'MISSING',
  standard: 'MISSING',
  dimension: 'MISSING',
  product_type: 'MISSING',
  dimension_unit: 'MISSING'
}
Failed to parse comparison for match 3778: {
  grade: 'MISSING',
  length: 'MISSING',
  material: 'MISSING',
  pressure: 'MISSING',
  standard: 'MISSING',
  dimension: 'MISSING',
  product_type: 'MISSING',
  dimension_unit: 'MISSING'
}
Failed to parse comparison for match 3779: {
  grade: 'MISSING',
  length: 'MISSING',
  material: 'MISSING',
  pressure: 'MISSING',
  standard: 'MISSING',
  dimension: 'MISSING',
  product_type: 'MISSING',
  dimension_unit: 'MISSING'
}
Failed to parse comparison for match 3780: {
  grade: 'MISSING',
  length: 'MISSING',
  material: 'MISSING',
  pressure: 'MISSING',
  standard: 'MISSING',
  dimension: 'MISSING',
  product_type: 'MISSING',
  dimension_unit: 'MISSING'
}
Failed to parse comparison for match 3781: {
  grade: 'MISSING',
  length: 'MISSING',
  material: 'MISSING',
  pressure: 'MISSING',
  standard: 'MISSING',
  dimension: 'MISSING',
  product_type: 'MISSING',
  dimension_unit: 'MISSING'
}
Failed to parse comparison for match 3782: {
  grade: 'MISSING',
  length: 'MISSING',
  material: 'MISSING',
  pressure: 'MISSING',
  standard: 'MISSING',
  dimension: 'MISSING',
  product_type: 'MISSING',
  dimension_unit: 'MISSING'
}
Failed to parse comparison for match 3783: {
  grade: 'MISSING',
  length: 'MISSING',
  material: 'MISSING',
  pressure: 'MISSING',
  standard: 'MISSING',
  dimension: 'MISSING',
  product_type: 'MISSING',
  dimension_unit: 'MISSING'
}
Failed to parse comparison for match 3784: {
  grade: 'MISSING',
  length: 'MISSING',
  material: 'MISSING',
  pressure: 'MISSING',
  standard: 'MISSING',
  dimension: 'MISSING',
  product_type: 'MISSING',
  dimension_unit: 'MISSING'
}
Failed to parse comparison for match 2516: {
  grade: 'MISSING',
  length: 'MISSING',
  material: 'MISSING',
  pressure: 'MISSING',
  standard: 'MISSING',
  dimension: 'MISSING',
  product_type: 'MISSING',
  dimension_unit: 'MISSING'
}
Failed to parse comparison for match 2517: {
  grade: 'MISSING',
  length: 'MISSING',
  material: 'MISSING',
  pressure: 'MISSING',
  standard: 'MISSING',
  dimension: 'MISSING',
  product_type: 'MISSING',
  dimension_unit: 'MISSING'
}
Failed to parse comparison for match 2518: {
  grade: 'MISSING',
  length: 'MISSING',
  material: 'MISSING',
  pressure: 'MISSING',
  standard: 'MISSING',
  dimension: 'MISSING',
  product_type: 'MISSING',
  dimension_unit: 'MISSING'
}
Failed to parse comparison for match 2519: {
  grade: 'MISSING',
  length: 'MISSING',
  material: 'MISSING',
  pressure: 'MISSING',
  standard: 'MISSING',
  dimension: 'MISSING',
  product_type: 'MISSING',
  dimension_unit: 'MISSING'
}
Failed to parse comparison for match 2520: {
  grade: 'MISSING',
  length: 'MISSING',
  material: 'MISSING',
  pressure: 'MISSING',
  standard: 'MISSING',
  dimension: 'MISSING',
  product_type: 'MISSING',
  dimension_unit: 'MISSING'
}
Failed to parse comparison for match 2521: {
  grade: 'MISSING',
  length: 'MISSING',
  material: 'MISSING',
  pressure: 'MISSING',
  standard: 'MISSING',
  dimension: 'MISSING',
  product_type: 'MISSING',
  dimension_unit: 'MISSING'
}
Failed to parse comparison for match 2522: {
  grade: 'MISSING',
  length: 'MISSING',
  material: 'MISSING',
  pressure: 'MISSING',
  standard: 'MISSING',
  dimension: 'MISSING',
  product_type: 'MISSING',
  dimension_unit: 'MISSING'
}
Failed to parse comparison for match 2523: {
  grade: 'MISSING',
  length: 'MISSING',
  material: 'MISSING',
  pressure: 'MISSING',
  standard: 'MISSING',
  dimension: 'MISSING',
  product_type: 'MISSING',
  dimension_unit: 'MISSING'
}
Failed to parse comparison for match 2524: {
  grade: 'MISSING',
  length: 'MISSING',
  material: 'MISSING',
  pressure: 'MISSING',
  standard: 'MISSING',
  dimension: 'MISSING',
  product_type: 'MISSING',
  dimension_unit: 'MISSING'
}
Failed to parse comparison for match 2525: {
  grade: 'MISSING',
  length: 'MISSING',
  material: 'MISSING',
  pressure: 'MISSING',
  standard: 'MISSING',
  dimension: 'MISSING',
  product_type: 'MISSING',
  dimension_unit: 'MISSING'
}
Failed to parse comparison for match 2526: {
  grade: 'MISSING',
  length: 'MISSING',
  material: 'MISSING',
  pressure: 'MISSING',
  standard: 'MISSING',
  dimension: 'MISSING',
  product_type: 'MISSING',
  dimension_unit: 'MISSING'
}
Failed to parse comparison for match 2527: {
  grade: 'MISSING',
  length: 'MISSING',
  material: 'MISSING',
  pressure: 'MISSING',
  standard: 'MISSING',
  dimension: 'MISSING',
  product_type: 'MISSING',
  dimension_unit: 'MISSING'
}
Failed to parse comparison for match 2528: {
  grade: 'MISSING',
  length: 'MISSING',
  material: 'MISSING',
  pressure: 'MISSING',
  standard: 'MISSING',
  dimension: 'MISSING',
  product_type: 'MISSING',
  dimension_unit: 'MISSING'
}
Failed to parse comparison for match 2529: {
  grade: 'MISSING',
  length: 'MISSING',
  material: 'MISSING',
  pressure: 'MISSING',
  standard: 'MISSING',
  dimension: 'MISSING',
  product_type: 'MISSING',
  dimension_unit: 'MISSING'
}
Failed to parse comparison for match 2530: {
  grade: 'MISSING',
  length: 'MISSING',
  material: 'MISSING',
  pressure: 'MISSING',
  standard: 'MISSING',
  dimension: 'MISSING',
  product_type: 'MISSING',
  dimension_unit: 'MISSING'
}
Failed to parse comparison for match 2531: {
  grade: 'MISSING',
  length: 'MISSING',
  material: 'MISSING',
  pressure: 'MISSING',
  standard: 'MISSING',
  dimension: 'MISSING',
  product_type: 'MISSING',
  dimension_unit: 'MISSING'
}
Failed to parse comparison for match 2532: {
  grade: 'MISSING',
  length: 'MISSING',
  material: 'MISSING',
  pressure: 'MISSING',
  standard: 'MISSING',
  dimension: 'MISSING',
  product_type: 'MISSING',
  dimension_unit: 'MISSING'
}
Failed to parse comparison for match 2533: {
  grade: 'MISSING',
  length: 'MISSING',
  material: 'MISSING',
  pressure: 'MISSING',
  standard: 'MISSING',
  dimension: 'MISSING',
  product_type: 'MISSING',
  dimension_unit: 'MISSING'
}
Failed to parse comparison for match 2534: {
  grade: 'MISSING',
  length: 'MISSING',
  material: 'MISSING',
  pressure: 'MISSING',
  standard: 'MISSING',
  dimension: 'MISSING',
  product_type: 'MISSING',
  dimension_unit: 'MISSING'
}
Failed to parse comparison for match 2535: {
  grade: 'MISSING',
  length: 'MISSING',
  material: 'MISSING',
  pressure: 'MISSING',
  standard: 'MISSING',
  dimension: 'MISSING',
  product_type: 'MISSING',
  dimension_unit: 'MISSING'
}
Failed to parse comparison for match 2536: {
  grade: 'MISSING',
  length: 'MISSING',
  material: 'MISSING',
  pressure: 'MISSING',
  standard: 'MISSING',
  dimension: 'MISSING',
  product_type: 'MISSING',
  dimension_unit: 'MISSING'
}
Failed to parse comparison for match 2537: {
  grade: 'MISSING',
  length: 'MISSING',
  material: 'MISSING',
  pressure: 'MISSING',
  standard: 'MISSING',
  dimension: 'MISSING',
  product_type: 'MISSING',
  dimension_unit: 'MISSING'
}
Failed to parse comparison for match 2538: {
  grade: 'MISSING',
  length: 'MISSING',
  material: 'MISSING',
  pressure: 'MISSING',
  standard: 'MISSING',
  dimension: 'MISSING',
  product_type: 'MISSING',
  dimension_unit: 'MISSING'
}
Failed to parse comparison for match 2539: {
  grade: 'MISSING',
  length: 'MISSING',
  material: 'MISSING',
  pressure: 'MISSING',
  standard: 'MISSING',
  dimension: 'MISSING',
  product_type: 'MISSING',
  dimension_unit: 'MISSING'
}
Failed to parse comparison for match 2540: {
  grade: 'MISSING',
  length: 'MISSING',
  material: 'MISSING',
  pressure: 'MISSING',
  standard: 'MISSING',
  dimension: 'MISSING',
  product_type: 'MISSING',
  dimension_unit: 'MISSING'
}
Failed to parse comparison for match 2541: {
  grade: 'MISSING',
  length: 'MISSING',
  material: 'MISSING',
  pressure: 'MISSING',
  standard: 'MISSING',
  dimension: 'MISSING',
  product_type: 'MISSING',
  dimension_unit: 'MISSING'
}
Failed to parse comparison for match 2542: {
  grade: 'MISSING',
  length: 'MISSING',
  material: 'MISSING',
  pressure: 'MISSING',
  standard: 'MISSING',
  dimension: 'MISSING',
  product_type: 'MISSING',
  dimension_unit: 'MISSING'
}
Failed to parse comparison for match 2543: {
  grade: 'MISSING',
  length: 'MISSING',
  material: 'MISSING',
  pressure: 'MISSING',
  standard: 'MISSING',
  dimension: 'MISSING',
  product_type: 'MISSING',
  dimension_unit: 'MISSING'
}
Failed to parse comparison for match 2544: {
  grade: 'MISSING',
  length: 'MISSING',
  material: 'MISSING',
  pressure: 'MISSING',
  standard: 'MISSING',
  dimension: 'MISSING',
  product_type: 'MISSING',
  dimension_unit: 'MISSING'
}
Failed to parse comparison for match 2545: {
  grade: 'MISSING',
  length: 'MISSING',
  material: 'MISSING',
  pressure: 'MISSING',
  standard: 'MISSING',
  dimension: 'MISSING',
  product_type: 'MISSING',
  dimension_unit: 'MISSING'
}
Failed to parse comparison for match 2546: {
  grade: 'MISSING',
  length: 'MISSING',
  material: 'MISSING',
  pressure: 'MISSING',
  standard: 'MISSING',
  dimension: 'MISSING',
  product_type: 'MISSING',
  dimension_unit: 'MISSING'
}
Failed to parse comparison for match 2547: {
  grade: 'MISSING',
  length: 'MISSING',
  material: 'MISSING',
  pressure: 'MISSING',
  standard: 'MISSING',
  dimension: 'MISSING',
  product_type: 'MISSING',
  dimension_unit: 'MISSING'
}
Failed to parse comparison for match 2548: {
  grade: 'MISSING',
  length: 'MISSING',
  material: 'MISSING',
  pressure: 'MISSING',
  standard: 'MISSING',
  dimension: 'MISSING',
  product_type: 'MISSING',
  dimension_unit: 'MISSING'
}
Failed to parse comparison for match 2549: {
  grade: 'MISSING',
  length: 'MISSING',
  material: 'MISSING',
  pressure: 'MISSING',
  standard: 'MISSING',
  dimension: 'MISSING',
  product_type: 'MISSING',
  dimension_unit: 'MISSING'
}
Failed to parse comparison for match 2550: {
  grade: 'MISSING',
  length: 'MISSING',
  material: 'MISSING',
  pressure: 'MISSING',
  standard: 'MISSING',
  dimension: 'MISSING',
  product_type: 'MISSING',
  dimension_unit: 'MISSING'
}
Failed to parse comparison for match 2551: {
  grade: 'MISSING',
  length: 'MISSING',
  material: 'MISSING',
  pressure: 'MISSING',
  standard: 'MISSING',
  dimension: 'MISSING',
  product_type: 'MISSING',
  dimension_unit: 'MISSING'
}
Failed to parse comparison for match 2552: {
  grade: 'MISSING',
  length: 'MISSING',
  material: 'MISSING',
  pressure: 'MISSING',
  standard: 'MISSING',
  dimension: 'MISSING',
  product_type: 'MISSING',
  dimension_unit: 'MISSING'
}
Failed to parse comparison for match 2553: {
  grade: 'MISSING',
  length: 'MISSING',
  material: 'MISSING',
  pressure: 'MISSING',
  standard: 'MISSING',
  dimension: 'MISSING',
  product_type: 'MISSING',
  dimension_unit: 'MISSING'
}
Failed to parse comparison for match 2554: {
  grade: 'MISSING',
  length: 'MISSING',
  material: 'MISSING',
  pressure: 'MISSING',
  standard: 'MISSING',
  dimension: 'MISSING',
  product_type: 'MISSING',
  dimension_unit: 'MISSING'
}
Failed to parse comparison for match 2555: {
  grade: 'MISSING',
  length: 'MISSING',
  material: 'MISSING',
  pressure: 'MISSING',
  standard: 'MISSING',
  dimension: 'MISSING',
  product_type: 'MISSING',
  dimension_unit: 'MISSING'
}
Failed to parse comparison for match 2556: {
  grade: 'MISSING',
  length: 'MISSING',
  material: 'MISSING',
  pressure: 'MISSING',
  standard: 'MISSING',
  dimension: 'MISSING',
  product_type: 'MISSING',
  dimension_unit: 'MISSING'
}
Failed to parse comparison for match 2557: {
  grade: 'MISSING',
  length: 'MISSING',
  material: 'MISSING',
  pressure: 'MISSING',
  standard: 'MISSING',
  dimension: 'MISSING',
  product_type: 'MISSING',
  dimension_unit: 'MISSING'
}
Failed to parse comparison for match 2558: {
  grade: 'MISSING',
  length: 'MISSING',
  material: 'MISSING',
  pressure: 'MISSING',
  standard: 'MISSING',
  dimension: 'MISSING',
  product_type: 'MISSING',
  dimension_unit: 'MISSING'
}
Failed to parse comparison for match 2559: {
  grade: 'MISSING',
  length: 'MISSING',
  material: 'MISSING',
  pressure: 'MISSING',
  standard: 'MISSING',
  dimension: 'MISSING',
  product_type: 'MISSING',
  dimension_unit: 'MISSING'
}
Failed to parse comparison for match 2560: {
  grade: 'MISSING',
  length: 'MISSING',
  material: 'MISSING',
  pressure: 'MISSING',
  standard: 'MISSING',
  dimension: 'MISSING',
  product_type: 'MISSING',
  dimension_unit: 'MISSING'
}
Failed to parse comparison for match 2561: {
  grade: 'MISSING',
  length: 'MISSING',
  material: 'MISSING',
  pressure: 'MISSING',
  standard: 'MISSING',
  dimension: 'MISSING',
  product_type: 'MISSING',
  dimension_unit: 'MISSING'
}
Failed to parse comparison for match 2562: {
  grade: 'MISSING',
  length: 'MISSING',
  material: 'MISSING',
  pressure: 'MISSING',
  standard: 'MISSING',
  dimension: 'MISSING',
  product_type: 'MISSING',
  dimension_unit: 'MISSING'
}
Failed to parse comparison for match 2563: {
  grade: 'MISSING',
  length: 'MISSING',
  material: 'MISSING',
  pressure: 'MISSING',
  standard: 'MISSING',
  dimension: 'MISSING',
  product_type: 'MISSING',
  dimension_unit: 'MISSING'
}
Failed to parse comparison for match 2564: {
  grade: 'MISSING',
  length: 'MISSING',
  material: 'MISSING',
  pressure: 'MISSING',
  standard: 'MISSING',
  dimension: 'MISSING',
  product_type: 'MISSING',
  dimension_unit: 'MISSING'
}
Failed to parse comparison for match 2565: {
  grade: 'MISSING',
  length: 'MISSING',
  material: 'MISSING',
  pressure: 'MISSING',
  standard: 'MISSING',
  dimension: 'MISSING',
  product_type: 'MISSING',
  dimension_unit: 'MISSING'
}
Failed to parse comparison for match 2566: {
  grade: 'MISSING',
  length: 'MISSING',
  material: 'MISSING',
  pressure: 'MISSING',
  standard: 'MISSING',
  dimension: 'MISSING',
  product_type: 'MISSING',
  dimension_unit: 'MISSING'
}
Failed to parse comparison for match 2567: {
  grade: 'MISSING',
  length: 'MISSING',
  material: 'MISSING',
  pressure: 'MISSING',
  standard: 'MISSING',
  dimension: 'MISSING',
  product_type: 'MISSING',
  dimension_unit: 'MISSING'
}
Failed to parse comparison for match 2568: {
  grade: 'MISSING',
  length: 'MISSING',
  material: 'MISSING',
  pressure: 'MISSING',
  standard: 'MISSING',
  dimension: 'MISSING',
  product_type: 'MISSING',
  dimension_unit: 'MISSING'
}
Failed to parse comparison for match 2569: {
  grade: 'MISSING',
  length: 'MISSING',
  material: 'MISSING',
  pressure: 'MISSING',
  standard: 'MISSING',
  dimension: 'MISSING',
  product_type: 'MISSING',
  dimension_unit: 'MISSING'
}
Failed to parse comparison for match 2570: {
  grade: 'MISSING',
  length: 'MISSING',
  material: 'MISSING',
  pressure: 'MISSING',
  standard: 'MISSING',
  dimension: 'MISSING',
  product_type: 'MISSING',
  dimension_unit: 'MISSING'
}
Failed to parse comparison for match 2571: {
  grade: 'MISSING',
  length: 'MISSING',
  material: 'MISSING',
  pressure: 'MISSING',
  standard: 'MISSING',
  dimension: 'MISSING',
  product_type: 'MISSING',
  dimension_unit: 'MISSING'
}
Failed to parse comparison for match 2572: {
  grade: 'MISSING',
  length: 'MISSING',
  material: 'MISSING',
  pressure: 'MISSING',
  standard: 'MISSING',
  dimension: 'MISSING',
  product_type: 'MISSING',
  dimension_unit: 'MISSING'
}
Failed to parse comparison for match 2573: {
  grade: 'MISSING',
  length: 'MISSING',
  material: 'MISSING',
  pressure: 'MISSING',
  standard: 'MISSING',
  dimension: 'MISSING',
  product_type: 'MISSING',
  dimension_unit: 'MISSING'
}
Failed to parse comparison for match 2574: {
  grade: 'MISSING',
  length: 'MISSING',
  material: 'MISSING',
  pressure: 'MISSING',
  standard: 'MISSING',
  dimension: 'MISSING',
  product_type: 'MISSING',
  dimension_unit: 'MISSING'
}
Failed to parse comparison for match 2575: {
  grade: 'MISSING',
  length: 'MISSING',
  material: 'MISSING',
  pressure: 'MISSING',
  standard: 'MISSING',
  dimension: 'MISSING',
  product_type: 'MISSING',
  dimension_unit: 'MISSING'
}
Failed to parse comparison for match 2576: {
  grade: 'MISSING',
  length: 'MISSING',
  material: 'MISSING',
  pressure: 'MISSING',
  standard: 'MISSING',
  dimension: 'MISSING',
  product_type: 'MISSING',
  dimension_unit: 'MISSING'
}
Failed to parse comparison for match 2577: {
  grade: 'MISSING',
  length: 'MISSING',
  material: 'MISSING',
  pressure: 'MISSING',
  standard: 'MISSING',
  dimension: 'MISSING',
  product_type: 'MISSING',
  dimension_unit: 'MISSING'
}
Failed to parse comparison for match 2578: {
  grade: 'MISSING',
  length: 'MISSING',
  material: 'MISSING',
  pressure: 'MISSING',
  standard: 'MISSING',
  dimension: 'MISSING',
  product_type: 'MISSING',
  dimension_unit: 'MISSING'
}
Failed to parse comparison for match 2579: {
  grade: 'MISSING',
  length: 'MISSING',
  material: 'MISSING',
  pressure: 'MISSING',
  standard: 'MISSING',
  dimension: 'MISSING',
  product_type: 'MISSING',
  dimension_unit: 'MISSING'
}
Failed to parse comparison for match 2580: {
  grade: 'MISSING',
  length: 'MISSING',
  material: 'MISSING',
  pressure: 'MISSING',
  standard: 'MISSING',
  dimension: 'MISSING',
  product_type: 'MISSING',
  dimension_unit: 'MISSING'
}
Failed to parse comparison for match 2581: {
  grade: 'MISSING',
  length: 'MISSING',
  material: 'MISSING',
  pressure: 'MISSING',
  standard: 'MISSING',
  dimension: 'MISSING',
  product_type: 'MISSING',
  dimension_unit: 'MISSING'
}
Failed to parse comparison for match 2582: {
  grade: 'MISSING',
  length: 'MISSING',
  material: 'MISSING',
  pressure: 'MISSING',
  standard: 'MISSING',
  dimension: 'MISSING',
  product_type: 'MISSING',
  dimension_unit: 'MISSING'
}
Failed to parse comparison for match 2583: {
  grade: 'MISSING',
  length: 'MISSING',
  material: 'MISSING',
  pressure: 'MISSING',
  standard: 'MISSING',
  dimension: 'MISSING',
  product_type: 'MISSING',
  dimension_unit: 'MISSING'
}
Failed to parse comparison for match 2584: {
  grade: 'MISSING',
  length: 'MISSING',
  material: 'MISSING',
  pressure: 'MISSING',
  standard: 'MISSING',
  dimension: 'MISSING',
  product_type: 'MISSING',
  dimension_unit: 'MISSING'
}
Failed to parse comparison for match 2585: {
  grade: 'MISSING',
  length: 'MISSING',
  material: 'MISSING',
  pressure: 'MISSING',
  standard: 'MISSING',
  dimension: 'MISSING',
  product_type: 'MISSING',
  dimension_unit: 'MISSING'
}
Failed to parse comparison for match 2586: {
  grade: 'MISSING',
  length: 'MISSING',
  material: 'MISSING',
  pressure: 'MISSING',
  standard: 'MISSING',
  dimension: 'MISSING',
  product_type: 'MISSING',
  dimension_unit: 'MISSING'
}
Failed to parse comparison for match 2587: {
  grade: 'MISSING',
  length: 'MISSING',
  material: 'MISSING',
  pressure: 'MISSING',
  standard: 'MISSING',
  dimension: 'MISSING',
  product_type: 'MISSING',
  dimension_unit: 'MISSING'
}
Failed to parse comparison for match 2588: {
  grade: 'MISSING',
  length: 'MISSING',
  material: 'MISSING',
  pressure: 'MISSING',
  standard: 'MISSING',
  dimension: 'MISSING',
  product_type: 'MISSING',
  dimension_unit: 'MISSING'
}
Failed to parse comparison for match 2589: {
  grade: 'MISSING',
  length: 'MISSING',
  material: 'MISSING',
  pressure: 'MISSING',
  standard: 'MISSING',
  dimension: 'MISSING',
  product_type: 'MISSING',
  dimension_unit: 'MISSING'
}
Failed to parse comparison for match 2590: {
  grade: 'MISSING',
  length: 'MISSING',
  material: 'MISSING',
  pressure: 'MISSING',
  standard: 'MISSING',
  dimension: 'MISSING',
  product_type: 'MISSING',
  dimension_unit: 'MISSING'
}
Failed to parse comparison for match 2591: {
  grade: 'MISSING',
  length: 'MISSING',
  material: 'MISSING',
  pressure: 'MISSING',
  standard: 'MISSING',
  dimension: 'MISSING',
  product_type: 'MISSING',
  dimension_unit: 'MISSING'
}
Failed to parse comparison for match 2592: {
  grade: 'MISSING',
  length: 'MISSING',
  material: 'MISSING',
  pressure: 'MISSING',
  standard: 'MISSING',
  dimension: 'MISSING',
  product_type: 'MISSING',
  dimension_unit: 'MISSING'
}
Failed to parse comparison for match 2593: {
  grade: 'MISSING',
  length: 'MISSING',
  material: 'MISSING',
  pressure: 'MISSING',
  standard: 'MISSING',
  dimension: 'MISSING',
  product_type: 'MISSING',
  dimension_unit: 'MISSING'
}
Failed to parse comparison for match 2594: {
  grade: 'MISSING',
  length: 'MISSING',
  material: 'MISSING',
  pressure: 'MISSING',
  standard: 'MISSING',
  dimension: 'MISSING',
  product_type: 'MISSING',
  dimension_unit: 'MISSING'
}
Failed to parse comparison for match 2595: {
  grade: 'MISSING',
  length: 'MISSING',
  material: 'MISSING',
  pressure: 'MISSING',
  standard: 'MISSING',
  dimension: 'MISSING',
  product_type: 'MISSING',
  dimension_unit: 'MISSING'
}
Failed to parse comparison for match 2596: {
  grade: 'MISSING',
  length: 'MISSING',
  material: 'MISSING',
  pressure: 'MISSING',
  standard: 'MISSING',
  dimension: 'MISSING',
  product_type: 'MISSING',
  dimension_unit: 'MISSING'
}
Failed to parse comparison for match 2597: {
  grade: 'MISSING',
  length: 'MISSING',
  material: 'MISSING',
  pressure: 'MISSING',
  standard: 'MISSING',
  dimension: 'MISSING',
  product_type: 'MISSING',
  dimension_unit: 'MISSING'
}
Failed to parse comparison for match 2598: {
  grade: 'MISSING',
  length: 'MISSING',
  material: 'MISSING',
  pressure: 'MISSING',
  standard: 'MISSING',
  dimension: 'MISSING',
  product_type: 'MISSING',
  dimension_unit: 'MISSING'
}
Failed to parse comparison for match 2599: {
  grade: 'MISSING',
  length: 'MISSING',
  material: 'MISSING',
  pressure: 'MISSING',
  standard: 'MISSING',
  dimension: 'MISSING',
  product_type: 'MISSING',
  dimension_unit: 'MISSING'
}
Failed to parse comparison for match 2600: {
  grade: 'MISSING',
  length: 'MISSING',
  material: 'MISSING',
  pressure: 'MISSING',
  standard: 'MISSING',
  dimension: 'MISSING',
  product_type: 'MISSING',
  dimension_unit: 'MISSING'
}
Failed to parse comparison for match 2601: {
  grade: 'MISSING',
  length: 'MISSING',
  material: 'MISSING',
  pressure: 'MISSING',
  standard: 'MISSING',
  dimension: 'MISSING',
  product_type: 'MISSING',
  dimension_unit: 'MISSING'
}
Failed to parse comparison for match 2602: {
  grade: 'MISSING',
  length: 'MISSING',
  material: 'MISSING',
  pressure: 'MISSING',
  standard: 'MISSING',
  dimension: 'MISSING',
  product_type: 'MISSING',
  dimension_unit: 'MISSING'
}
Failed to parse comparison for match 2603: {
  grade: 'MISSING',
  length: 'MISSING',
  material: 'MISSING',
  pressure: 'MISSING',
  standard: 'MISSING',
  dimension: 'MISSING',
  product_type: 'MISSING',
  dimension_unit: 'MISSING'
}
Failed to parse comparison for match 2604: {
  grade: 'MISSING',
  length: 'MISSING',
  material: 'MISSING',
  pressure: 'MISSING',
  standard: 'MISSING',
  dimension: 'MISSING',
  product_type: 'MISSING',
  dimension_unit: 'MISSING'
}
Failed to parse comparison for match 2605: {
  grade: 'MISSING',
  length: 'MISSING',
  material: 'MISSING',
  pressure: 'MISSING',
  standard: 'MISSING',
  dimension: 'MISSING',
  product_type: 'MISSING',
  dimension_unit: 'MISSING'
}
Failed to parse comparison for match 2606: {
  grade: 'MISSING',
  length: 'MISSING',
  material: 'MISSING',
  pressure: 'MISSING',
  standard: 'MISSING',
  dimension: 'MISSING',
  product_type: 'MISSING',
  dimension_unit: 'MISSING'
}
Failed to parse comparison for match 2607: {
  grade: 'MISSING',
  length: 'MISSING',
  material: 'MISSING',
  pressure: 'MISSING',
  standard: 'MISSING',
  dimension: 'MISSING',
  product_type: 'MISSING',
  dimension_unit: 'MISSING'
}
Failed to parse comparison for match 2608: {
  grade: 'MISSING',
  length: 'MISSING',
  material: 'MISSING',
  pressure: 'MISSING',
  standard: 'MISSING',
  dimension: 'MISSING',
  product_type: 'MISSING',
  dimension_unit: 'MISSING'
}
Failed to parse comparison for match 2609: {
  grade: 'MISSING',
  length: 'MISSING',
  material: 'MISSING',
  pressure: 'MISSING',
  standard: 'MISSING',
  dimension: 'MISSING',
  product_type: 'MISSING',
  dimension_unit: 'MISSING'
}
Failed to parse comparison for match 2610: {
  grade: 'MISSING',
  length: 'MISSING',
  material: 'MISSING',
  pressure: 'MISSING',
  standard: 'MISSING',
  dimension: 'MISSING',
  product_type: 'MISSING',
  dimension_unit: 'MISSING'
}
Failed to parse comparison for match 2611: {
  grade: 'MISSING',
  length: 'MISSING',
  material: 'MISSING',
  pressure: 'MISSING',
  standard: 'MISSING',
  dimension: 'MISSING',
  product_type: 'MISSING',
  dimension_unit: 'MISSING'
}
Failed to parse comparison for match 2612: {
  grade: 'MISSING',
  length: 'MISSING',
  material: 'MISSING',
  pressure: 'MISSING',
  standard: 'MISSING',
  dimension: 'MISSING',
  product_type: 'MISSING',
  dimension_unit: 'MISSING'
}
Failed to parse comparison for match 2613: {
  grade: 'MISSING',
  length: 'MISSING',
  material: 'MISSING',
  pressure: 'MISSING',
  standard: 'MISSING',
  dimension: 'MISSING',
  product_type: 'MISSING',
  dimension_unit: 'MISSING'
}
Failed to parse comparison for match 2614: {
  grade: 'MISSING',
  length: 'MISSING',
  material: 'MISSING',
  pressure: 'MISSING',
  standard: 'MISSING',
  dimension: 'MISSING',
  product_type: 'MISSING',
  dimension_unit: 'MISSING'
}
Failed to parse comparison for match 2615: {
  grade: 'MISSING',
  length: 'MISSING',
  material: 'MISSING',
  pressure: 'MISSING',
  standard: 'MISSING',
  dimension: 'MISSING',
  product_type: 'MISSING',
  dimension_unit: 'MISSING'
}
Failed to parse comparison for match 2616: {
  grade: 'MISSING',
  length: 'MISSING',
  material: 'MISSING',
  pressure: 'MISSING',
  standard: 'MISSING',
  dimension: 'MISSING',
  product_type: 'MISSING',
  dimension_unit: 'MISSING'
}
Failed to parse comparison for match 2617: {
  grade: 'MISSING',
  length: 'MISSING',
  material: 'MISSING',
  pressure: 'MISSING',
  standard: 'MISSING',
  dimension: 'MISSING',
  product_type: 'MISSING',
  dimension_unit: 'MISSING'
}
Failed to parse comparison for match 2618: {
  grade: 'MISSING',
  length: 'MISSING',
  material: 'MISSING',
  pressure: 'MISSING',
  standard: 'MISSING',
  dimension: 'MISSING',
  product_type: 'MISSING',
  dimension_unit: 'MISSING'
}
Failed to parse comparison for match 2619: {
  grade: 'MISSING',
  length: 'MISSING',
  material: 'MISSING',
  pressure: 'MISSING',
  standard: 'MISSING',
  dimension: 'MISSING',
  product_type: 'MISSING',
  dimension_unit: 'MISSING'
}
Failed to parse comparison for match 2620: {
  grade: 'MISSING',
  length: 'MISSING',
  material: 'MISSING',
  pressure: 'MISSING',
  standard: 'MISSING',
  dimension: 'MISSING',
  product_type: 'MISSING',
  dimension_unit: 'MISSING'
}
Failed to parse comparison for match 2621: {
  grade: 'MISSING',
  length: 'MISSING',
  material: 'MISSING',
  pressure: 'MISSING',
  standard: 'MISSING',
  dimension: 'MISSING',
  product_type: 'MISSING',
  dimension_unit: 'MISSING'
}
Failed to parse comparison for match 2622: {
  grade: 'MISSING',
  length: 'MISSING',
  material: 'MISSING',
  pressure: 'MISSING',
  standard: 'MISSING',
  dimension: 'MISSING',
  product_type: 'MISSING',
  dimension_unit: 'MISSING'
}
Failed to parse comparison for match 2623: {
  grade: 'MISSING',
  length: 'MISSING',
  material: 'MISSING',
  pressure: 'MISSING',
  standard: 'MISSING',
  dimension: 'MISSING',
  product_type: 'MISSING',
  dimension_unit: 'MISSING'
}
Failed to parse comparison for match 2624: {
  grade: 'MISSING',
  length: 'MISSING',
  material: 'MISSING',
  pressure: 'MISSING',
  standard: 'MISSING',
  dimension: 'MISSING',
  product_type: 'MISSING',
  dimension_unit: 'MISSING'
}
Failed to parse comparison for match 2625: {
  grade: 'MISSING',
  length: 'MISSING',
  material: 'MISSING',
  pressure: 'MISSING',
  standard: 'MISSING',
  dimension: 'MISSING',
  product_type: 'MISSING',
  dimension_unit: 'MISSING'
}
Failed to parse comparison for match 2626: {
  grade: 'MISSING',
  length: 'MISSING',
  material: 'MISSING',
  pressure: 'MISSING',
  standard: 'MISSING',
  dimension: 'MISSING',
  product_type: 'MISSING',
  dimension_unit: 'MISSING'
}
Failed to parse comparison for match 2627: {
  grade: 'MISSING',
  length: 'MISSING',
  material: 'MISSING',
  pressure: 'MISSING',
  standard: 'MISSING',
  dimension: 'MISSING',
  product_type: 'MISSING',
  dimension_unit: 'MISSING'
}
Failed to parse comparison for match 2628: {
  grade: 'MISSING',
  length: 'MISSING',
  material: 'MISSING',
  pressure: 'MISSING',
  standard: 'MISSING',
  dimension: 'MISSING',
  product_type: 'MISSING',
  dimension_unit: 'MISSING'
}
Failed to parse comparison for match 2629: {
  grade: 'MISSING',
  length: 'MISSING',
  material: 'MISSING',
  pressure: 'MISSING',
  standard: 'MISSING',
  dimension: 'MISSING',
  product_type: 'MISSING',
  dimension_unit: 'MISSING'
}
Failed to parse comparison for match 2630: {
  grade: 'MISSING',
  length: 'MISSING',
  material: 'MISSING',
  pressure: 'MISSING',
  standard: 'MISSING',
  dimension: 'MISSING',
  product_type: 'MISSING',
  dimension_unit: 'MISSING'
}
Failed to parse comparison for match 2631: {
  grade: 'MISSING',
  length: 'MISSING',
  material: 'MISSING',
  pressure: 'MISSING',
  standard: 'MISSING',
  dimension: 'MISSING',
  product_type: 'MISSING',
  dimension_unit: 'MISSING'
}
Failed to parse comparison for match 2632: {
  grade: 'MISSING',
  length: 'MISSING',
  material: 'MISSING',
  pressure: 'MISSING',
  standard: 'MISSING',
  dimension: 'MISSING',
  product_type: 'MISSING',
  dimension_unit: 'MISSING'
}
Failed to parse comparison for match 2633: {
  grade: 'MISSING',
  length: 'MISSING',
  material: 'MISSING',
  pressure: 'MISSING',
  standard: 'MISSING',
  dimension: 'MISSING',
  product_type: 'MISSING',
  dimension_unit: 'MISSING'
}
Failed to parse comparison for match 2634: {
  grade: 'MISSING',
  length: 'MISSING',
  material: 'MISSING',
  pressure: 'MISSING',
  standard: 'MISSING',
  dimension: 'MISSING',
  product_type: 'MISSING',
  dimension_unit: 'MISSING'
}
Failed to parse comparison for match 2635: {
  grade: 'MISSING',
  length: 'MISSING',
  material: 'MISSING',
  pressure: 'MISSING',
  standard: 'MISSING',
  dimension: 'MISSING',
  product_type: 'MISSING',
  dimension_unit: 'MISSING'
}
Failed to parse comparison for match 2636: {
  grade: 'MISSING',
  length: 'MISSING',
  material: 'MISSING',
  pressure: 'MISSING',
  standard: 'MISSING',
  dimension: 'MISSING',
  product_type: 'MISSING',
  dimension_unit: 'MISSING'
}
Failed to parse comparison for match 2637: {
  grade: 'MISSING',
  length: 'MISSING',
  material: 'MISSING',
  pressure: 'MISSING',
  standard: 'MISSING',
  dimension: 'MISSING',
  product_type: 'MISSING',
  dimension_unit: 'MISSING'
}
Failed to parse comparison for match 2638: {
  grade: 'MISSING',
  length: 'MISSING',
  material: 'MISSING',
  pressure: 'MISSING',
  standard: 'MISSING',
  dimension: 'MISSING',
  product_type: 'MISSING',
  dimension_unit: 'MISSING'
}
Failed to parse comparison for match 2639: {
  grade: 'MISSING',
  length: 'MISSING',
  material: 'MISSING',
  pressure: 'MISSING',
  standard: 'MISSING',
  dimension: 'MISSING',
  product_type: 'MISSING',
  dimension_unit: 'MISSING'
}
Failed to parse comparison for match 2640: {
  grade: 'MISSING',
  length: 'MISSING',
  material: 'MISSING',
  pressure: 'MISSING',
  standard: 'MISSING',
  dimension: 'MISSING',
  product_type: 'MISSING',
  dimension_unit: 'MISSING'
}
Failed to parse comparison for match 2641: {
  grade: 'MISSING',
  length: 'MISSING',
  material: 'MISSING',
  pressure: 'MISSING',
  standard: 'MISSING',
  dimension: 'MISSING',
  product_type: 'MISSING',
  dimension_unit: 'MISSING'
}
Failed to parse comparison for match 2642: {
  grade: 'MISSING',
  length: 'MISSING',
  material: 'MISSING',
  pressure: 'MISSING',
  standard: 'MISSING',
  dimension: 'MISSING',
  product_type: 'MISSING',
  dimension_unit: 'MISSING'
}
Failed to parse comparison for match 2643: {
  grade: 'MISSING',
  length: 'MISSING',
  material: 'MISSING',
  pressure: 'MISSING',
  standard: 'MISSING',
  dimension: 'MISSING',
  product_type: 'MISSING',
  dimension_unit: 'MISSING'
}
Failed to parse comparison for match 2644: {
  grade: 'MISSING',
  length: 'MISSING',
  material: 'MISSING',
  pressure: 'MISSING',
  standard: 'MISSING',
  dimension: 'MISSING',
  product_type: 'MISSING',
  dimension_unit: 'MISSING'
}
Failed to parse comparison for match 2645: {
  grade: 'MISSING',
  length: 'MISSING',
  material: 'MISSING',
  pressure: 'MISSING',
  standard: 'MISSING',
  dimension: 'MISSING',
  product_type: 'MISSING',
  dimension_unit: 'MISSING'
}
Failed to parse comparison for match 2646: {
  grade: 'MISSING',
  length: 'MISSING',
  material: 'MISSING',
  pressure: 'MISSING',
  standard: 'MISSING',
  dimension: 'MISSING',
  product_type: 'MISSING',
  dimension_unit: 'MISSING'
}
Failed to parse comparison for match 2647: {
  grade: 'MISSING',
  length: 'MISSING',
  material: 'MISSING',
  pressure: 'MISSING',
  standard: 'MISSING',
  dimension: 'MISSING',
  product_type: 'MISSING',
  dimension_unit: 'MISSING'
}
Failed to parse comparison for match 2648: {
  grade: 'MISSING',
  length: 'MISSING',
  material: 'MISSING',
  pressure: 'MISSING',
  standard: 'MISSING',
  dimension: 'MISSING',
  product_type: 'MISSING',
  dimension_unit: 'MISSING'
}
Failed to parse comparison for match 2649: {
  grade: 'MISSING',
  length: 'MISSING',
  material: 'MISSING',
  pressure: 'MISSING',
  standard: 'MISSING',
  dimension: 'MISSING',
  product_type: 'MISSING',
  dimension_unit: 'MISSING'
}
Failed to parse comparison for match 2650: {
  grade: 'MISSING',
  length: 'MISSING',
  material: 'MISSING',
  pressure: 'MISSING',
  standard: 'MISSING',
  dimension: 'MISSING',
  product_type: 'MISSING',
  dimension_unit: 'MISSING'
}
Failed to parse comparison for match 2651: {
  grade: 'MISSING',
  length: 'MISSING',
  material: 'MISSING',
  pressure: 'MISSING',
  standard: 'MISSING',
  dimension: 'MISSING',
  product_type: 'MISSING',
  dimension_unit: 'MISSING'
}
Failed to parse comparison for match 2652: {
  grade: 'MISSING',
  length: 'MISSING',
  material: 'MISSING',
  pressure: 'MISSING',
  standard: 'MISSING',
  dimension: 'MISSING',
  product_type: 'MISSING',
  dimension_unit: 'MISSING'
}
Failed to parse comparison for match 2653: {
  grade: 'MISSING',
  length: 'MISSING',
  material: 'MISSING',
  pressure: 'MISSING',
  standard: 'MISSING',
  dimension: 'MISSING',
  product_type: 'MISSING',
  dimension_unit: 'MISSING'
}
Failed to parse comparison for match 2654: {
  grade: 'MISSING',
  length: 'MISSING',
  material: 'MISSING',
  pressure: 'MISSING',
  standard: 'MISSING',
  dimension: 'MISSING',
  product_type: 'MISSING',
  dimension_unit: 'MISSING'
}
Failed to parse comparison for match 2655: {
  grade: 'MISSING',
  length: 'MISSING',
  material: 'MISSING',
  pressure: 'MISSING',
  standard: 'MISSING',
  dimension: 'MISSING',
  product_type: 'MISSING',
  dimension_unit: 'MISSING'
}
Failed to parse comparison for match 2656: {
  grade: 'MISSING',
  length: 'MISSING',
  material: 'MISSING',
  pressure: 'MISSING',
  standard: 'MISSING',
  dimension: 'MISSING',
  product_type: 'MISSING',
  dimension_unit: 'MISSING'
}
Failed to parse comparison for match 2657: {
  grade: 'MISSING',
  length: 'MISSING',
  material: 'MISSING',
  pressure: 'MISSING',
  standard: 'MISSING',
  dimension: 'MISSING',
  product_type: 'MISSING',
  dimension_unit: 'MISSING'
}
Failed to parse comparison for match 2658: {
  grade: 'MISSING',
  length: 'MISSING',
  material: 'MISSING',
  pressure: 'MISSING',
  standard: 'MISSING',
  dimension: 'MISSING',
  product_type: 'MISSING',
  dimension_unit: 'MISSING'
}
Failed to parse comparison for match 2659: {
  grade: 'MISSING',
  length: 'MISSING',
  material: 'MISSING',
  pressure: 'MISSING',
  standard: 'MISSING',
  dimension: 'MISSING',
  product_type: 'MISSING',
  dimension_unit: 'MISSING'
}
Failed to parse comparison for match 2660: {
  grade: 'MISSING',
  length: 'MISSING',
  material: 'MISSING',
  pressure: 'MISSING',
  standard: 'MISSING',
  dimension: 'MISSING',
  product_type: 'MISSING',
  dimension_unit: 'MISSING'
}
Failed to parse comparison for match 2661: {
  grade: 'MISSING',
  length: 'MISSING',
  material: 'MISSING',
  pressure: 'MISSING',
  standard: 'MISSING',
  dimension: 'MISSING',
  product_type: 'MISSING',
  dimension_unit: 'MISSING'
}
Failed to parse comparison for match 2662: {
  grade: 'MISSING',
  length: 'MISSING',
  material: 'MISSING',
  pressure: 'MISSING',
  standard: 'MISSING',
  dimension: 'MISSING',
  product_type: 'MISSING',
  dimension_unit: 'MISSING'
}
Failed to parse comparison for match 2663: {
  grade: 'MISSING',
  length: 'MISSING',
  material: 'MISSING',
  pressure: 'MISSING',
  standard: 'MISSING',
  dimension: 'MISSING',
  product_type: 'MISSING',
  dimension_unit: 'MISSING'
}
Failed to parse comparison for match 2664: {
  grade: 'MISSING',
  length: 'MISSING',
  material: 'MISSING',
  pressure: 'MISSING',
  standard: 'MISSING',
  dimension: 'MISSING',
  product_type: 'MISSING',
  dimension_unit: 'MISSING'
}
Failed to parse comparison for match 2665: {
  grade: 'MISSING',
  length: 'MISSING',
  material: 'MISSING',
  pressure: 'MISSING',
  standard: 'MISSING',
  dimension: 'MISSING',
  product_type: 'MISSING',
  dimension_unit: 'MISSING'
}
Failed to parse comparison for match 2666: {
  grade: 'MISSING',
  length: 'MISSING',
  material: 'MISSING',
  pressure: 'MISSING',
  standard: 'MISSING',
  dimension: 'MISSING',
  product_type: 'MISSING',
  dimension_unit: 'MISSING'
}
Failed to parse comparison for match 2667: {
  grade: 'MISSING',
  length: 'MISSING',
  material: 'MISSING',
  pressure: 'MISSING',
  standard: 'MISSING',
  dimension: 'MISSING',
  product_type: 'MISSING',
  dimension_unit: 'MISSING'
}
Failed to parse comparison for match 2668: {
  grade: 'MISSING',
  length: 'MISSING',
  material: 'MISSING',
  pressure: 'MISSING',
  standard: 'MISSING',
  dimension: 'MISSING',
  product_type: 'MISSING',
  dimension_unit: 'MISSING'
}
Failed to parse comparison for match 2669: {
  grade: 'MISSING',
  length: 'MISSING',
  material: 'MISSING',
  pressure: 'MISSING',
  standard: 'MISSING',
  dimension: 'MISSING',
  product_type: 'MISSING',
  dimension_unit: 'MISSING'
}
Failed to parse comparison for match 2670: {
  grade: 'MISSING',
  length: 'MISSING',
  material: 'MISSING',
  pressure: 'MISSING',
  standard: 'MISSING',
  dimension: 'MISSING',
  product_type: 'MISSING',
  dimension_unit: 'MISSING'
}
Failed to parse comparison for match 2671: {
  grade: 'MISSING',
  length: 'MISSING',
  material: 'MISSING',
  pressure: 'MISSING',
  standard: 'MISSING',
  dimension: 'MISSING',
  product_type: 'MISSING',
  dimension_unit: 'MISSING'
}
Failed to parse comparison for match 2672: {
  grade: 'MISSING',
  length: 'MISSING',
  material: 'MISSING',
  pressure: 'MISSING',
  standard: 'MISSING',
  dimension: 'MISSING',
  product_type: 'MISSING',
  dimension_unit: 'MISSING'
}
Failed to parse comparison for match 2673: {
  grade: 'MISSING',
  length: 'MISSING',
  material: 'MISSING',
  pressure: 'MISSING',
  standard: 'MISSING',
  dimension: 'MISSING',
  product_type: 'MISSING',
  dimension_unit: 'MISSING'
}
Failed to parse comparison for match 2674: {
  grade: 'MISSING',
  length: 'MISSING',
  material: 'MISSING',
  pressure: 'MISSING',
  standard: 'MISSING',
  dimension: 'MISSING',
  product_type: 'MISSING',
  dimension_unit: 'MISSING'
}
Failed to parse comparison for match 2675: {
  grade: 'MISSING',
  length: 'MISSING',
  material: 'MISSING',
  pressure: 'MISSING',
  standard: 'MISSING',
  dimension: 'MISSING',
  product_type: 'MISSING',
  dimension_unit: 'MISSING'
}
Failed to parse comparison for match 2676: {
  grade: 'MISSING',
  length: 'MISSING',
  material: 'MISSING',
  pressure: 'MISSING',
  standard: 'MISSING',
  dimension: 'MISSING',
  product_type: 'MISSING',
  dimension_unit: 'MISSING'
}
Failed to parse comparison for match 2677: {
  grade: 'MISSING',
  length: 'MISSING',
  material: 'MISSING',
  pressure: 'MISSING',
  standard: 'MISSING',
  dimension: 'MISSING',
  product_type: 'MISSING',
  dimension_unit: 'MISSING'
}
Failed to parse comparison for match 2678: {
  grade: 'MISSING',
  length: 'MISSING',
  material: 'MISSING',
  pressure: 'MISSING',
  standard: 'MISSING',
  dimension: 'MISSING',
  product_type: 'MISSING',
  dimension_unit: 'MISSING'
}
Failed to parse comparison for match 2679: {
  grade: 'MISSING',
  length: 'MISSING',
  material: 'MISSING',
  pressure: 'MISSING',
  standard: 'MISSING',
  dimension: 'MISSING',
  product_type: 'MISSING',
  dimension_unit: 'MISSING'
}
Failed to parse comparison for match 2680: {
  grade: 'MISSING',
  length: 'MISSING',
  material: 'MISSING',
  pressure: 'MISSING',
  standard: 'MISSING',
  dimension: 'MISSING',
  product_type: 'MISSING',
  dimension_unit: 'MISSING'
}
Failed to parse comparison for match 2681: {
  grade: 'MISSING',
  length: 'MISSING',
  material: 'MISSING',
  pressure: 'MISSING',
  standard: 'MISSING',
  dimension: 'MISSING',
  product_type: 'MISSING',
  dimension_unit: 'MISSING'
}
Failed to parse comparison for match 2682: {
  grade: 'MISSING',
  length: 'MISSING',
  material: 'MISSING',
  pressure: 'MISSING',
  standard: 'MISSING',
  dimension: 'MISSING',
  product_type: 'MISSING',
  dimension_unit: 'MISSING'
}
Failed to parse comparison for match 2683: {
  grade: 'MISSING',
  length: 'MISSING',
  material: 'MISSING',
  pressure: 'MISSING',
  standard: 'MISSING',
  dimension: 'MISSING',
  product_type: 'MISSING',
  dimension_unit: 'MISSING'
}
Failed to parse comparison for match 2684: {
  grade: 'MISSING',
  length: 'MISSING',
  material: 'MISSING',
  pressure: 'MISSING',
  standard: 'MISSING',
  dimension: 'MISSING',
  product_type: 'MISSING',
  dimension_unit: 'MISSING'
}
Failed to parse comparison for match 2685: {
  grade: 'MISSING',
  length: 'MISSING',
  material: 'MISSING',
  pressure: 'MISSING',
  standard: 'MISSING',
  dimension: 'MISSING',
  product_type: 'MISSING',
  dimension_unit: 'MISSING'
}
Failed to parse comparison for match 2686: {
  grade: 'MISSING',
  length: 'MISSING',
  material: 'MISSING',
  pressure: 'MISSING',
  standard: 'MISSING',
  dimension: 'MISSING',
  product_type: 'MISSING',
  dimension_unit: 'MISSING'
}
Failed to parse comparison for match 2687: {
  grade: 'MISSING',
  length: 'MISSING',
  material: 'MISSING',
  pressure: 'MISSING',
  standard: 'MISSING',
  dimension: 'MISSING',
  product_type: 'MISSING',
  dimension_unit: 'MISSING'
}
Failed to parse comparison for match 2688: {
  grade: 'MISSING',
  length: 'MISSING',
  material: 'MISSING',
  pressure: 'MISSING',
  standard: 'MISSING',
  dimension: 'MISSING',
  product_type: 'MISSING',
  dimension_unit: 'MISSING'
}
Failed to parse comparison for match 2689: {
  grade: 'MISSING',
  length: 'MISSING',
  material: 'MISSING',
  pressure: 'MISSING',
  standard: 'MISSING',
  dimension: 'MISSING',
  product_type: 'MISSING',
  dimension_unit: 'MISSING'
}
Failed to parse comparison for match 2690: {
  grade: 'MISSING',
  length: 'MISSING',
  material: 'MISSING',
  pressure: 'MISSING',
  standard: 'MISSING',
  dimension: 'MISSING',
  product_type: 'MISSING',
  dimension_unit: 'MISSING'
}
Failed to parse comparison for match 2691: {
  grade: 'MISSING',
  length: 'MISSING',
  material: 'MISSING',
  pressure: 'MISSING',
  standard: 'MISSING',
  dimension: 'MISSING',
  product_type: 'MISSING',
  dimension_unit: 'MISSING'
}
Failed to parse comparison for match 2692: {
  grade: 'MISSING',
  length: 'MISSING',
  material: 'MISSING',
  pressure: 'MISSING',
  standard: 'MISSING',
  dimension: 'MISSING',
  product_type: 'MISSING',
  dimension_unit: 'MISSING'
}
Failed to parse comparison for match 2693: {
  grade: 'MISSING',
  length: 'MISSING',
  material: 'MISSING',
  pressure: 'MISSING',
  standard: 'MISSING',
  dimension: 'MISSING',
  product_type: 'MISSING',
  dimension_unit: 'MISSING'
}
Failed to parse comparison for match 2694: {
  grade: 'MISSING',
  length: 'MISSING',
  material: 'MISSING',
  pressure: 'MISSING',
  standard: 'MISSING',
  dimension: 'MISSING',
  product_type: 'MISSING',
  dimension_unit: 'MISSING'
}
Failed to parse comparison for match 2695: {
  grade: 'MISSING',
  length: 'MISSING',
  material: 'MISSING',
  pressure: 'MISSING',
  standard: 'MISSING',
  dimension: 'MISSING',
  product_type: 'MISSING',
  dimension_unit: 'MISSING'
}
Failed to parse comparison for match 2696: {
  grade: 'MISSING',
  length: 'MISSING',
  material: 'MISSING',
  pressure: 'MISSING',
  standard: 'MISSING',
  dimension: 'MISSING',
  product_type: 'MISSING',
  dimension_unit: 'MISSING'
}
Failed to parse comparison for match 2697: {
  grade: 'MISSING',
  length: 'MISSING',
  material: 'MISSING',
  pressure: 'MISSING',
  standard: 'MISSING',
  dimension: 'MISSING',
  product_type: 'MISSING',
  dimension_unit: 'MISSING'
}
Failed to parse comparison for match 2698: {
  grade: 'MISSING',
  length: 'MISSING',
  material: 'MISSING',
  pressure: 'MISSING',
  standard: 'MISSING',
  dimension: 'MISSING',
  product_type: 'MISSING',
  dimension_unit: 'MISSING'
}
Failed to parse comparison for match 2699: {
  grade: 'MISSING',
  length: 'MISSING',
  material: 'MISSING',
  pressure: 'MISSING',
  standard: 'MISSING',
  dimension: 'MISSING',
  product_type: 'MISSING',
  dimension_unit: 'MISSING'
}
Failed to parse comparison for match 2700: {
  grade: 'MISSING',
  length: 'MISSING',
  material: 'MISSING',
  pressure: 'MISSING',
  standard: 'MISSING',
  dimension: 'MISSING',
  product_type: 'MISSING',
  dimension_unit: 'MISSING'
}
Failed to parse comparison for match 2701: {
  grade: 'MISSING',
  length: 'MISSING',
  material: 'MISSING',
  pressure: 'MISSING',
  standard: 'MISSING',
  dimension: 'MISSING',
  product_type: 'MISSING',
  dimension_unit: 'MISSING'
}
Failed to parse comparison for match 2702: {
  grade: 'MISSING',
  length: 'MISSING',
  material: 'MISSING',
  pressure: 'MISSING',
  standard: 'MISSING',
  dimension: 'MISSING',
  product_type: 'MISSING',
  dimension_unit: 'MISSING'
}
Failed to parse comparison for match 2703: {
  grade: 'MISSING',
  length: 'MISSING',
  material: 'MISSING',
  pressure: 'MISSING',
  standard: 'MISSING',
  dimension: 'MISSING',
  product_type: 'MISSING',
  dimension_unit: 'MISSING'
}
Failed to parse comparison for match 2704: {
  grade: 'MISSING',
  length: 'MISSING',
  material: 'MISSING',
  pressure: 'MISSING',
  standard: 'MISSING',
  dimension: 'MISSING',
  product_type: 'MISSING',
  dimension_unit: 'MISSING'
}
Failed to parse comparison for match 2705: {
  grade: 'MISSING',
  length: 'MISSING',
  material: 'MISSING',
  pressure: 'MISSING',
  standard: 'MISSING',
  dimension: 'MISSING',
  product_type: 'MISSING',
  dimension_unit: 'MISSING'
}
Failed to parse comparison for match 2706: {
  grade: 'MISSING',
  length: 'MISSING',
  material: 'MISSING',
  pressure: 'MISSING',
  standard: 'MISSING',
  dimension: 'MISSING',
  product_type: 'MISSING',
  dimension_unit: 'MISSING'
}
Failed to parse comparison for match 2707: {
  grade: 'MISSING',
  length: 'MISSING',
  material: 'MISSING',
  pressure: 'MISSING',
  standard: 'MISSING',
  dimension: 'MISSING',
  product_type: 'MISSING',
  dimension_unit: 'MISSING'
}
Failed to parse comparison for match 2708: {
  grade: 'MISSING',
  length: 'MISSING',
  material: 'MISSING',
  pressure: 'MISSING',
  standard: 'MISSING',
  dimension: 'MISSING',
  product_type: 'MISSING',
  dimension_unit: 'MISSING'
}
Failed to parse comparison for match 2709: {
  grade: 'MISSING',
  length: 'MISSING',
  material: 'MISSING',
  pressure: 'MISSING',
  standard: 'MISSING',
  dimension: 'MISSING',
  product_type: 'MISSING',
  dimension_unit: 'MISSING'
}
Failed to parse comparison for match 2710: {
  grade: 'MISSING',
  length: 'MISSING',
  material: 'MISSING',
  pressure: 'MISSING',
  standard: 'MISSING',
  dimension: 'MISSING',
  product_type: 'MISSING',
  dimension_unit: 'MISSING'
}
Failed to parse comparison for match 2711: {
  grade: 'MISSING',
  length: 'MISSING',
  material: 'MISSING',
  pressure: 'MISSING',
  standard: 'MISSING',
  dimension: 'MISSING',
  product_type: 'MISSING',
  dimension_unit: 'MISSING'
}
Failed to parse comparison for match 2712: {
  grade: 'MISSING',
  length: 'MISSING',
  material: 'MISSING',
  pressure: 'MISSING',
  standard: 'MISSING',
  dimension: 'MISSING',
  product_type: 'MISSING',
  dimension_unit: 'MISSING'
}
Failed to parse comparison for match 2713: {
  grade: 'MISSING',
  length: 'MISSING',
  material: 'MISSING',
  pressure: 'MISSING',
  standard: 'MISSING',
  dimension: 'MISSING',
  product_type: 'MISSING',
  dimension_unit: 'MISSING'
}
Failed to parse comparison for match 2714: {
  grade: 'MISSING',
  length: 'MISSING',
  material: 'MISSING',
  pressure: 'MISSING',
  standard: 'MISSING',
  dimension: 'MISSING',
  product_type: 'MISSING',
  dimension_unit: 'MISSING'
}
Failed to parse comparison for match 2715: {
  grade: 'MISSING',
  length: 'MISSING',
  material: 'MISSING',
  pressure: 'MISSING',
  standard: 'MISSING',
  dimension: 'MISSING',
  product_type: 'MISSING',
  dimension_unit: 'MISSING'
}
Failed to parse comparison for match 2716: {
  grade: 'MISSING',
  length: 'MISSING',
  material: 'MISSING',
  pressure: 'MISSING',
  standard: 'MISSING',
  dimension: 'MISSING',
  product_type: 'MISSING',
  dimension_unit: 'MISSING'
}
Failed to parse comparison for match 2717: {
  grade: 'MISSING',
  length: 'MISSING',
  material: 'MISSING',
  pressure: 'MISSING',
  standard: 'MISSING',
  dimension: 'MISSING',
  product_type: 'MISSING',
  dimension_unit: 'MISSING'
}
Failed to parse comparison for match 2718: {
  grade: 'MISSING',
  length: 'MISSING',
  material: 'MISSING',
  pressure: 'MISSING',
  standard: 'MISSING',
  dimension: 'MISSING',
  product_type: 'MISSING',
  dimension_unit: 'MISSING'
}
Failed to parse comparison for match 2719: {
  grade: 'MISSING',
  length: 'MISSING',
  material: 'MISSING',
  pressure: 'MISSING',
  standard: 'MISSING',
  dimension: 'MISSING',
  product_type: 'MISSING',
  dimension_unit: 'MISSING'
}
Failed to parse comparison for match 2720: {
  grade: 'MISSING',
  length: 'MISSING',
  material: 'MISSING',
  pressure: 'MISSING',
  standard: 'MISSING',
  dimension: 'MISSING',
  product_type: 'MISSING',
  dimension_unit: 'MISSING'
}
Failed to parse comparison for match 2721: {
  grade: 'MISSING',
  length: 'MISSING',
  material: 'MISSING',
  pressure: 'MISSING',
  standard: 'MISSING',
  dimension: 'MISSING',
  product_type: 'MISSING',
  dimension_unit: 'MISSING'
}
Failed to parse comparison for match 2722: {
  grade: 'MISSING',
  length: 'MISSING',
  material: 'MISSING',
  pressure: 'MISSING',
  standard: 'MISSING',
  dimension: 'MISSING',
  product_type: 'MISSING',
  dimension_unit: 'MISSING'
}
Failed to parse comparison for match 2723: {
  grade: 'MISSING',
  length: 'MISSING',
  material: 'MISSING',
  pressure: 'MISSING',
  standard: 'MISSING',
  dimension: 'MISSING',
  product_type: 'MISSING',
  dimension_unit: 'MISSING'
}
Failed to parse comparison for match 2724: {
  grade: 'MISSING',
  length: 'MISSING',
  material: 'MISSING',
  pressure: 'MISSING',
  standard: 'MISSING',
  dimension: 'MISSING',
  product_type: 'MISSING',
  dimension_unit: 'MISSING'
}
Failed to parse comparison for match 2725: {
  grade: 'MISSING',
  length: 'MISSING',
  material: 'MISSING',
  pressure: 'MISSING',
  standard: 'MISSING',
  dimension: 'MISSING',
  product_type: 'MISSING',
  dimension_unit: 'MISSING'
}
Failed to parse comparison for match 2726: {
  grade: 'MISSING',
  length: 'MISSING',
  material: 'MISSING',
  pressure: 'MISSING',
  standard: 'MISSING',
  dimension: 'MISSING',
  product_type: 'MISSING',
  dimension_unit: 'MISSING'
}
Failed to parse comparison for match 2727: {
  grade: 'MISSING',
  length: 'MISSING',
  material: 'MISSING',
  pressure: 'MISSING',
  standard: 'MISSING',
  dimension: 'MISSING',
  product_type: 'MISSING',
  dimension_unit: 'MISSING'
}
Failed to parse comparison for match 2728: {
  grade: 'MISSING',
  length: 'MISSING',
  material: 'MISSING',
  pressure: 'MISSING',
  standard: 'MISSING',
  dimension: 'MISSING',
  product_type: 'MISSING',
  dimension_unit: 'MISSING'
}
Failed to parse comparison for match 2729: {
  grade: 'MISSING',
  length: 'MISSING',
  material: 'MISSING',
  pressure: 'MISSING',
  standard: 'MISSING',
  dimension: 'MISSING',
  product_type: 'MISSING',
  dimension_unit: 'MISSING'
}
Failed to parse comparison for match 2730: {
  grade: 'MISSING',
  length: 'MISSING',
  material: 'MISSING',
  pressure: 'MISSING',
  standard: 'MISSING',
  dimension: 'MISSING',
  product_type: 'MISSING',
  dimension_unit: 'MISSING'
}
Failed to parse comparison for match 2731: {
  grade: 'MISSING',
  length: 'MISSING',
  material: 'MISSING',
  pressure: 'MISSING',
  standard: 'MISSING',
  dimension: 'MISSING',
  product_type: 'MISSING',
  dimension_unit: 'MISSING'
}
Failed to parse comparison for match 2732: {
  grade: 'MISSING',
  length: 'MISSING',
  material: 'MISSING',
  pressure: 'MISSING',
  standard: 'MISSING',
  dimension: 'MISSING',
  product_type: 'MISSING',
  dimension_unit: 'MISSING'
}
Failed to parse comparison for match 2733: {
  grade: 'MISSING',
  length: 'MISSING',
  material: 'MISSING',
  pressure: 'MISSING',
  standard: 'MISSING',
  dimension: 'MISSING',
  product_type: 'MISSING',
  dimension_unit: 'MISSING'
}
Failed to parse comparison for match 2734: {
  grade: 'MISSING',
  length: 'MISSING',
  material: 'MISSING',
  pressure: 'MISSING',
  standard: 'MISSING',
  dimension: 'MISSING',
  product_type: 'MISSING',
  dimension_unit: 'MISSING'
}
Failed to parse comparison for match 2735: {
  grade: 'MISSING',
  length: 'MISSING',
  material: 'MISSING',
  pressure: 'MISSING',
  standard: 'MISSING',
  dimension: 'MISSING',
  product_type: 'MISSING',
  dimension_unit: 'MISSING'
}
Failed to parse comparison for match 2736: {
  grade: 'MISSING',
  length: 'MISSING',
  material: 'MISSING',
  pressure: 'MISSING',
  standard: 'MISSING',
  dimension: 'MISSING',
  product_type: 'MISSING',
  dimension_unit: 'MISSING'
}
Failed to parse comparison for match 2737: {
  grade: 'MISSING',
  length: 'MISSING',
  material: 'MISSING',
  pressure: 'MISSING',
  standard: 'MISSING',
  dimension: 'MISSING',
  product_type: 'MISSING',
  dimension_unit: 'MISSING'
}
Failed to parse comparison for match 2738: {
  grade: 'MISSING',
  length: 'MISSING',
  material: 'MISSING',
  pressure: 'MISSING',
  standard: 'MISSING',
  dimension: 'MISSING',
  product_type: 'MISSING',
  dimension_unit: 'MISSING'
}
Failed to parse comparison for match 2739: {
  grade: 'MISSING',
  length: 'MISSING',
  material: 'MISSING',
  pressure: 'MISSING',
  standard: 'MISSING',
  dimension: 'MISSING',
  product_type: 'MISSING',
  dimension_unit: 'MISSING'
}
Failed to parse comparison for match 2740: {
  grade: 'MISSING',
  length: 'MISSING',
  material: 'MISSING',
  pressure: 'MISSING',
  standard: 'MISSING',
  dimension: 'MISSING',
  product_type: 'MISSING',
  dimension_unit: 'MISSING'
}
Failed to parse comparison for match 2741: {
  grade: 'MISSING',
  length: 'MISSING',
  material: 'MISSING',
  pressure: 'MISSING',
  standard: 'MISSING',
  dimension: 'MISSING',
  product_type: 'MISSING',
  dimension_unit: 'MISSING'
}
Failed to parse comparison for match 2742: {
  grade: 'MISSING',
  length: 'MISSING',
  material: 'MISSING',
  pressure: 'MISSING',
  standard: 'MISSING',
  dimension: 'MISSING',
  product_type: 'MISSING',
  dimension_unit: 'MISSING'
}
Failed to parse comparison for match 2743: {
  grade: 'MISSING',
  length: 'MISSING',
  material: 'MISSING',
  pressure: 'MISSING',
  standard: 'MISSING',
  dimension: 'MISSING',
  product_type: 'MISSING',
  dimension_unit: 'MISSING'
}
Failed to parse comparison for match 2744: {
  grade: 'MISSING',
  length: 'MISSING',
  material: 'MISSING',
  pressure: 'MISSING',
  standard: 'MISSING',
  dimension: 'MISSING',
  product_type: 'MISSING',
  dimension_unit: 'MISSING'
}
Failed to parse comparison for match 2745: {
  grade: 'MISSING',
  length: 'MISSING',
  material: 'MISSING',
  pressure: 'MISSING',
  standard: 'MISSING',
  dimension: 'MISSING',
  product_type: 'MISSING',
  dimension_unit: 'MISSING'
}
Failed to parse comparison for match 2746: {
  grade: 'MISSING',
  length: 'MISSING',
  material: 'MISSING',
  pressure: 'MISSING',
  standard: 'MISSING',
  dimension: 'MISSING',
  product_type: 'MISSING',
  dimension_unit: 'MISSING'
}
Failed to parse comparison for match 2747: {
  grade: 'MISSING',
  length: 'MISSING',
  material: 'MISSING',
  pressure: 'MISSING',
  standard: 'MISSING',
  dimension: 'MISSING',
  product_type: 'MISSING',
  dimension_unit: 'MISSING'
}
Failed to parse comparison for match 2748: {
  grade: 'MISSING',
  length: 'MISSING',
  material: 'MISSING',
  pressure: 'MISSING',
  standard: 'MISSING',
  dimension: 'MISSING',
  product_type: 'MISSING',
  dimension_unit: 'MISSING'
}
Failed to parse comparison for match 2749: {
  grade: 'MISSING',
  length: 'MISSING',
  material: 'MISSING',
  pressure: 'MISSING',
  standard: 'MISSING',
  dimension: 'MISSING',
  product_type: 'MISSING',
  dimension_unit: 'MISSING'
}
Failed to parse comparison for match 2750: {
  grade: 'MISSING',
  length: 'MISSING',
  material: 'MISSING',
  pressure: 'MISSING',
  standard: 'MISSING',
  dimension: 'MISSING',
  product_type: 'MISSING',
  dimension_unit: 'MISSING'
}
Failed to parse comparison for match 2751: {
  grade: 'MISSING',
  length: 'MISSING',
  material: 'MISSING',
  pressure: 'MISSING',
  standard: 'MISSING',
  dimension: 'MISSING',
  product_type: 'MISSING',
  dimension_unit: 'MISSING'
}
Failed to parse comparison for match 2752: {
  grade: 'MISSING',
  length: 'MISSING',
  material: 'MISSING',
  pressure: 'MISSING',
  standard: 'MISSING',
  dimension: 'MISSING',
  product_type: 'MISSING',
  dimension_unit: 'MISSING'
}
Failed to parse comparison for match 2753: {
  grade: 'MISSING',
  length: 'MISSING',
  material: 'MISSING',
  pressure: 'MISSING',
  standard: 'MISSING',
  dimension: 'MISSING',
  product_type: 'MISSING',
  dimension_unit: 'MISSING'
}
Failed to parse comparison for match 2754: {
  grade: 'MISSING',
  length: 'MISSING',
  material: 'MISSING',
  pressure: 'MISSING',
  standard: 'MISSING',
  dimension: 'MISSING',
  product_type: 'MISSING',
  dimension_unit: 'MISSING'
}
Failed to parse comparison for match 2755: {
  grade: 'MISSING',
  length: 'MISSING',
  material: 'MISSING',
  pressure: 'MISSING',
  standard: 'MISSING',
  dimension: 'MISSING',
  product_type: 'MISSING',
  dimension_unit: 'MISSING'
}
Failed to parse comparison for match 2756: {
  grade: 'MISSING',
  length: 'MISSING',
  material: 'MISSING',
  pressure: 'MISSING',
  standard: 'MISSING',
  dimension: 'MISSING',
  product_type: 'MISSING',
  dimension_unit: 'MISSING'
}
Failed to parse comparison for match 2757: {
  grade: 'MISSING',
  length: 'MISSING',
  material: 'MISSING',
  pressure: 'MISSING',
  standard: 'MISSING',
  dimension: 'MISSING',
  product_type: 'MISSING',
  dimension_unit: 'MISSING'
}
Failed to parse comparison for match 2758: {
  grade: 'MISSING',
  length: 'MISSING',
  material: 'MISSING',
  pressure: 'MISSING',
  standard: 'MISSING',
  dimension: 'MISSING',
  product_type: 'MISSING',
  dimension_unit: 'MISSING'
}
Failed to parse comparison for match 2759: {
  grade: 'MISSING',
  length: 'MISSING',
  material: 'MISSING',
  pressure: 'MISSING',
  standard: 'MISSING',
  dimension: 'MISSING',
  product_type: 'MISSING',
  dimension_unit: 'MISSING'
}
Failed to parse comparison for match 2760: {
  grade: 'MISSING',
  length: 'MISSING',
  material: 'MISSING',
  pressure: 'MISSING',
  standard: 'MISSING',
  dimension: 'MISSING',
  product_type: 'MISSING',
  dimension_unit: 'MISSING'
}
Failed to parse comparison for match 2761: {
  grade: 'MISSING',
  length: 'MISSING',
  material: 'MISSING',
  pressure: 'MISSING',
  standard: 'MISSING',
  dimension: 'MISSING',
  product_type: 'MISSING',
  dimension_unit: 'MISSING'
}
Failed to parse comparison for match 2762: {
  grade: 'MISSING',
  length: 'MISSING',
  material: 'MISSING',
  pressure: 'MISSING',
  standard: 'MISSING',
  dimension: 'MISSING',
  product_type: 'MISSING',
  dimension_unit: 'MISSING'
}
Failed to parse comparison for match 2763: {
  grade: 'MISSING',
  length: 'MISSING',
  material: 'MISSING',
  pressure: 'MISSING',
  standard: 'MISSING',
  dimension: 'MISSING',
  product_type: 'MISSING',
  dimension_unit: 'MISSING'
}
Failed to parse comparison for match 2764: {
  grade: 'MISSING',
  length: 'MISSING',
  material: 'MISSING',
  pressure: 'MISSING',
  standard: 'MISSING',
  dimension: 'MISSING',
  product_type: 'MISSING',
  dimension_unit: 'MISSING'
}
Failed to parse comparison for match 2765: {
  grade: 'MISSING',
  length: 'MISSING',
  material: 'MISSING',
  pressure: 'MISSING',
  standard: 'MISSING',
  dimension: 'MISSING',
  product_type: 'MISSING',
  dimension_unit: 'MISSING'
}
Failed to parse comparison for match 2766: {
  grade: 'MISSING',
  length: 'MISSING',
  material: 'MISSING',
  pressure: 'MISSING',
  standard: 'MISSING',
  dimension: 'MISSING',
  product_type: 'MISSING',
  dimension_unit: 'MISSING'
}
Failed to parse comparison for match 2767: {
  grade: 'MISSING',
  length: 'MISSING',
  material: 'MISSING',
  pressure: 'MISSING',
  standard: 'MISSING',
  dimension: 'MISSING',
  product_type: 'MISSING',
  dimension_unit: 'MISSING'
}
Failed to parse comparison for match 2768: {
  grade: 'MISSING',
  length: 'MISSING',
  material: 'MISSING',
  pressure: 'MISSING',
  standard: 'MISSING',
  dimension: 'MISSING',
  product_type: 'MISSING',
  dimension_unit: 'MISSING'
}
Failed to parse comparison for match 2769: {
  grade: 'MISSING',
  length: 'MISSING',
  material: 'MISSING',
  pressure: 'MISSING',
  standard: 'MISSING',
  dimension: 'MISSING',
  product_type: 'MISSING',
  dimension_unit: 'MISSING'
}
Failed to parse comparison for match 2770: {
  grade: 'MISSING',
  length: 'MISSING',
  material: 'MISSING',
  pressure: 'MISSING',
  standard: 'MISSING',
  dimension: 'MISSING',
  product_type: 'MISSING',
  dimension_unit: 'MISSING'
}
Failed to parse comparison for match 2771: {
  grade: 'MISSING',
  length: 'MISSING',
  material: 'MISSING',
  pressure: 'MISSING',
  standard: 'MISSING',
  dimension: 'MISSING',
  product_type: 'MISSING',
  dimension_unit: 'MISSING'
}
Failed to parse comparison for match 2772: {
  grade: 'MISSING',
  length: 'MISSING',
  material: 'MISSING',
  pressure: 'MISSING',
  standard: 'MISSING',
  dimension: 'MISSING',
  product_type: 'MISSING',
  dimension_unit: 'MISSING'
}
Failed to parse comparison for match 2773: {
  grade: 'MISSING',
  length: 'MISSING',
  material: 'MISSING',
  pressure: 'MISSING',
  standard: 'MISSING',
  dimension: 'MISSING',
  product_type: 'MISSING',
  dimension_unit: 'MISSING'
}
Failed to parse comparison for match 2774: {
  grade: 'MISSING',
  length: 'MISSING',
  material: 'MISSING',
  pressure: 'MISSING',
  standard: 'MISSING',
  dimension: 'MISSING',
  product_type: 'MISSING',
  dimension_unit: 'MISSING'
}
Failed to parse comparison for match 2775: {
  grade: 'MISSING',
  length: 'MISSING',
  material: 'MISSING',
  pressure: 'MISSING',
  standard: 'MISSING',
  dimension: 'MISSING',
  product_type: 'MISSING',
  dimension_unit: 'MISSING'
}
Failed to parse comparison for match 2776: {
  grade: 'MISSING',
  length: 'MISSING',
  material: 'MISSING',
  pressure: 'MISSING',
  standard: 'MISSING',
  dimension: 'MISSING',
  product_type: 'MISSING',
  dimension_unit: 'MISSING'
}
Failed to parse comparison for match 2777: {
  grade: 'MISSING',
  length: 'MISSING',
  material: 'MISSING',
  pressure: 'MISSING',
  standard: 'MISSING',
  dimension: 'MISSING',
  product_type: 'MISSING',
  dimension_unit: 'MISSING'
}
Failed to parse comparison for match 2778: {
  grade: 'MISSING',
  length: 'MISSING',
  material: 'MISSING',
  pressure: 'MISSING',
  standard: 'MISSING',
  dimension: 'MISSING',
  product_type: 'MISSING',
  dimension_unit: 'MISSING'
}
Failed to parse comparison for match 2779: {
  grade: 'MISSING',
  length: 'MISSING',
  material: 'MISSING',
  pressure: 'MISSING',
  standard: 'MISSING',
  dimension: 'MISSING',
  product_type: 'MISSING',
  dimension_unit: 'MISSING'
}
Failed to parse comparison for match 2780: {
  grade: 'MISSING',
  length: 'MISSING',
  material: 'MISSING',
  pressure: 'MISSING',
  standard: 'MISSING',
  dimension: 'MISSING',
  product_type: 'MISSING',
  dimension_unit: 'MISSING'
}
Failed to parse comparison for match 2781: {
  grade: 'MISSING',
  length: 'MISSING',
  material: 'MISSING',
  pressure: 'MISSING',
  standard: 'MISSING',
  dimension: 'MISSING',
  product_type: 'MISSING',
  dimension_unit: 'MISSING'
}
Failed to parse comparison for match 2782: {
  grade: 'MISSING',
  length: 'MISSING',
  material: 'MISSING',
  pressure: 'MISSING',
  standard: 'MISSING',
  dimension: 'MISSING',
  product_type: 'MISSING',
  dimension_unit: 'MISSING'
}
Failed to parse comparison for match 2783: {
  grade: 'MISSING',
  length: 'MISSING',
  material: 'MISSING',
  pressure: 'MISSING',
  standard: 'MISSING',
  dimension: 'MISSING',
  product_type: 'MISSING',
  dimension_unit: 'MISSING'
}
Failed to parse comparison for match 2784: {
  grade: 'MISSING',
  length: 'MISSING',
  material: 'MISSING',
  pressure: 'MISSING',
  standard: 'MISSING',
  dimension: 'MISSING',
  product_type: 'MISSING',
  dimension_unit: 'MISSING'
}
Failed to parse comparison for match 2785: {
  grade: 'MISSING',
  length: 'MISSING',
  material: 'MISSING',
  pressure: 'MISSING',
  standard: 'MISSING',
  dimension: 'MISSING',
  product_type: 'MISSING',
  dimension_unit: 'MISSING'
}
Failed to parse comparison for match 2786: {
  grade: 'MISSING',
  length: 'MISSING',
  material: 'MISSING',
  pressure: 'MISSING',
  standard: 'MISSING',
  dimension: 'MISSING',
  product_type: 'MISSING',
  dimension_unit: 'MISSING'
}
Failed to parse comparison for match 2787: {
  grade: 'MISSING',
  length: 'MISSING',
  material: 'MISSING',
  pressure: 'MISSING',
  standard: 'MISSING',
  dimension: 'MISSING',
  product_type: 'MISSING',
  dimension_unit: 'MISSING'
}
Failed to parse comparison for match 2788: {
  grade: 'MISSING',
  length: 'MISSING',
  material: 'MISSING',
  pressure: 'MISSING',
  standard: 'MISSING',
  dimension: 'MISSING',
  product_type: 'MISSING',
  dimension_unit: 'MISSING'
}
Failed to parse comparison for match 2789: {
  grade: 'MISSING',
  length: 'MISSING',
  material: 'MISSING',
  pressure: 'MISSING',
  standard: 'MISSING',
  dimension: 'MISSING',
  product_type: 'MISSING',
  dimension_unit: 'MISSING'
}
Failed to parse comparison for match 2790: {
  grade: 'MISSING',
  length: 'MISSING',
  material: 'MISSING',
  pressure: 'MISSING',
  standard: 'MISSING',
  dimension: 'MISSING',
  product_type: 'MISSING',
  dimension_unit: 'MISSING'
}
Failed to parse comparison for match 2791: {
  grade: 'MISSING',
  length: 'MISSING',
  material: 'MISSING',
  pressure: 'MISSING',
  standard: 'MISSING',
  dimension: 'MISSING',
  product_type: 'MISSING',
  dimension_unit: 'MISSING'
}
Failed to parse comparison for match 2792: {
  grade: 'MISSING',
  length: 'MISSING',
  material: 'MISSING',
  pressure: 'MISSING',
  standard: 'MISSING',
  dimension: 'MISSING',
  product_type: 'MISSING',
  dimension_unit: 'MISSING'
}
Failed to parse comparison for match 2793: {
  grade: 'MISSING',
  length: 'MISSING',
  material: 'MISSING',
  pressure: 'MISSING',
  standard: 'MISSING',
  dimension: 'MISSING',
  product_type: 'MISSING',
  dimension_unit: 'MISSING'
}
Failed to parse comparison for match 2794: {
  grade: 'MISSING',
  length: 'MISSING',
  material: 'MISSING',
  pressure: 'MISSING',
  standard: 'MISSING',
  dimension: 'MISSING',
  product_type: 'MISSING',
  dimension_unit: 'MISSING'
}
Failed to parse comparison for match 2795: {
  grade: 'MISSING',
  length: 'MISSING',
  material: 'MISSING',
  pressure: 'MISSING',
  standard: 'MISSING',
  dimension: 'MISSING',
  product_type: 'MISSING',
  dimension_unit: 'MISSING'
}
Failed to parse comparison for match 2796: {
  grade: 'MISSING',
  length: 'MISSING',
  material: 'MISSING',
  pressure: 'MISSING',
  standard: 'MISSING',
  dimension: 'MISSING',
  product_type: 'MISSING',
  dimension_unit: 'MISSING'
}
Failed to parse comparison for match 2797: {
  grade: 'MISSING',
  length: 'MISSING',
  material: 'MISSING',
  pressure: 'MISSING',
  standard: 'MISSING',
  dimension: 'MISSING',
  product_type: 'MISSING',
  dimension_unit: 'MISSING'
}
Failed to parse comparison for match 2798: {
  grade: 'MISSING',
  length: 'MISSING',
  material: 'MISSING',
  pressure: 'MISSING',
  standard: 'MISSING',
  dimension: 'MISSING',
  product_type: 'MISSING',
  dimension_unit: 'MISSING'
}
Failed to parse comparison for match 2799: {
  grade: 'MISSING',
  length: 'MISSING',
  material: 'MISSING',
  pressure: 'MISSING',
  standard: 'MISSING',
  dimension: 'MISSING',
  product_type: 'MISSING',
  dimension_unit: 'MISSING'
}
Failed to parse comparison for match 2800: {
  grade: 'MISSING',
  length: 'MISSING',
  material: 'MISSING',
  pressure: 'MISSING',
  standard: 'MISSING',
  dimension: 'MISSING',
  product_type: 'MISSING',
  dimension_unit: 'MISSING'
}
Failed to parse comparison for match 2801: {
  grade: 'MISSING',
  length: 'MISSING',
  material: 'MISSING',
  pressure: 'MISSING',
  standard: 'MISSING',
  dimension: 'MISSING',
  product_type: 'MISSING',
  dimension_unit: 'MISSING'
}
Failed to parse comparison for match 2802: {
  grade: 'MISSING',
  length: 'MISSING',
  material: 'MISSING',
  pressure: 'MISSING',
  standard: 'MISSING',
  dimension: 'MISSING',
  product_type: 'MISSING',
  dimension_unit: 'MISSING'
}
Failed to parse comparison for match 2803: {
  grade: 'MISSING',
  length: 'MISSING',
  material: 'MISSING',
  pressure: 'MISSING',
  standard: 'MISSING',
  dimension: 'MISSING',
  product_type: 'MISSING',
  dimension_unit: 'MISSING'
}
Failed to parse comparison for match 2804: {
  grade: 'MISSING',
  length: 'MISSING',
  material: 'MISSING',
  pressure: 'MISSING',
  standard: 'MISSING',
  dimension: 'MISSING',
  product_type: 'MISSING',
  dimension_unit: 'MISSING'
}
Failed to parse comparison for match 2805: {
  grade: 'MISSING',
  length: 'MISSING',
  material: 'MISSING',
  pressure: 'MISSING',
  standard: 'MISSING',
  dimension: 'MISSING',
  product_type: 'MISSING',
  dimension_unit: 'MISSING'
}
Failed to parse comparison for match 2806: {
  grade: 'MISSING',
  length: 'MISSING',
  material: 'MISSING',
  pressure: 'MISSING',
  standard: 'MISSING',
  dimension: 'MISSING',
  product_type: 'MISSING',
  dimension_unit: 'MISSING'
}
Failed to parse comparison for match 2807: {
  grade: 'MISSING',
  length: 'MISSING',
  material: 'MISSING',
  pressure: 'MISSING',
  standard: 'MISSING',
  dimension: 'MISSING',
  product_type: 'MISSING',
  dimension_unit: 'MISSING'
}
Failed to parse comparison for match 2808: {
  grade: 'MISSING',
  length: 'MISSING',
  material: 'MISSING',
  pressure: 'MISSING',
  standard: 'MISSING',
  dimension: 'MISSING',
  product_type: 'MISSING',
  dimension_unit: 'MISSING'
}
Failed to parse comparison for match 2809: {
  grade: 'MISSING',
  length: 'MISSING',
  material: 'MISSING',
  pressure: 'MISSING',
  standard: 'MISSING',
  dimension: 'MISSING',
  product_type: 'MISSING',
  dimension_unit: 'MISSING'
}
Failed to parse comparison for match 2810: {
  grade: 'MISSING',
  length: 'MISSING',
  material: 'MISSING',
  pressure: 'MISSING',
  standard: 'MISSING',
  dimension: 'MISSING',
  product_type: 'MISSING',
  dimension_unit: 'MISSING'
}
Failed to parse comparison for match 2811: {
  grade: 'MISSING',
  length: 'MISSING',
  material: 'MISSING',
  pressure: 'MISSING',
  standard: 'MISSING',
  dimension: 'MISSING',
  product_type: 'MISSING',
  dimension_unit: 'MISSING'
}
Failed to parse comparison for match 2812: {
  grade: 'MISSING',
  length: 'MISSING',
  material: 'MISSING',
  pressure: 'MISSING',
  standard: 'MISSING',
  dimension: 'MISSING',
  product_type: 'MISSING',
  dimension_unit: 'MISSING'
}
Failed to parse comparison for match 2813: {
  grade: 'MISSING',
  length: 'MISSING',
  material: 'MISSING',
  pressure: 'MISSING',
  standard: 'MISSING',
  dimension: 'MISSING',
  product_type: 'MISSING',
  dimension_unit: 'MISSING'
}
Failed to parse comparison for match 2814: {
  grade: 'MISSING',
  length: 'MISSING',
  material: 'MISSING',
  pressure: 'MISSING',
  standard: 'MISSING',
  dimension: 'MISSING',
  product_type: 'MISSING',
  dimension_unit: 'MISSING'
}
Failed to parse comparison for match 2815: {
  grade: 'MISSING',
  length: 'MISSING',
  material: 'MISSING',
  pressure: 'MISSING',
  standard: 'MISSING',
  dimension: 'MISSING',
  product_type: 'MISSING',
  dimension_unit: 'MISSING'
}
Failed to parse comparison for match 2816: {
  grade: 'MISSING',
  length: 'MISSING',
  material: 'MISSING',
  pressure: 'MISSING',
  standard: 'MISSING',
  dimension: 'MISSING',
  product_type: 'MISSING',
  dimension_unit: 'MISSING'
}
Failed to parse comparison for match 2817: {
  grade: 'MISSING',
  length: 'MISSING',
  material: 'MISSING',
  pressure: 'MISSING',
  standard: 'MISSING',
  dimension: 'MISSING',
  product_type: 'MISSING',
  dimension_unit: 'MISSING'
}
Failed to parse comparison for match 2818: {
  grade: 'MISSING',
  length: 'MISSING',
  material: 'MISSING',
  pressure: 'MISSING',
  standard: 'MISSING',
  dimension: 'MISSING',
  product_type: 'MISSING',
  dimension_unit: 'MISSING'
}
Failed to parse comparison for match 2819: {
  grade: 'MISSING',
  length: 'MISSING',
  material: 'MISSING',
  pressure: 'MISSING',
  standard: 'MISSING',
  dimension: 'MISSING',
  product_type: 'MISSING',
  dimension_unit: 'MISSING'
}
Failed to parse comparison for match 2820: {
  grade: 'MISSING',
  length: 'MISSING',
  material: 'MISSING',
  pressure: 'MISSING',
  standard: 'MISSING',
  dimension: 'MISSING',
  product_type: 'MISSING',
  dimension_unit: 'MISSING'
}
Failed to parse comparison for match 2821: {
  grade: 'MISSING',
  length: 'MISSING',
  material: 'MISSING',
  pressure: 'MISSING',
  standard: 'MISSING',
  dimension: 'MISSING',
  product_type: 'MISSING',
  dimension_unit: 'MISSING'
}
Failed to parse comparison for match 2822: {
  grade: 'MISSING',
  length: 'MISSING',
  material: 'MISSING',
  pressure: 'MISSING',
  standard: 'MISSING',
  dimension: 'MISSING',
  product_type: 'MISSING',
  dimension_unit: 'MISSING'
}
Failed to parse comparison for match 2823: {
  grade: 'MISSING',
  length: 'MISSING',
  material: 'MISSING',
  pressure: 'MISSING',
  standard: 'MISSING',
  dimension: 'MISSING',
  product_type: 'MISSING',
  dimension_unit: 'MISSING'
}
Failed to parse comparison for match 2824: {
  grade: 'MISSING',
  length: 'MISSING',
  material: 'MISSING',
  pressure: 'MISSING',
  standard: 'MISSING',
  dimension: 'MISSING',
  product_type: 'MISSING',
  dimension_unit: 'MISSING'
}
Failed to parse comparison for match 2825: {
  grade: 'MISSING',
  length: 'MISSING',
  material: 'MISSING',
  pressure: 'MISSING',
  standard: 'MISSING',
  dimension: 'MISSING',
  product_type: 'MISSING',
  dimension_unit: 'MISSING'
}
Failed to parse comparison for match 2826: {
  grade: 'MISSING',
  length: 'MISSING',
  material: 'MISSING',
  pressure: 'MISSING',
  standard: 'MISSING',
  dimension: 'MISSING',
  product_type: 'MISSING',
  dimension_unit: 'MISSING'
}
Failed to parse comparison for match 2827: {
  grade: 'MISSING',
  length: 'MISSING',
  material: 'MISSING',
  pressure: 'MISSING',
  standard: 'MISSING',
  dimension: 'MISSING',
  product_type: 'MISSING',
  dimension_unit: 'MISSING'
}
Failed to parse comparison for match 2828: {
  grade: 'MISSING',
  length: 'MISSING',
  material: 'MISSING',
  pressure: 'MISSING',
  standard: 'MISSING',
  dimension: 'MISSING',
  product_type: 'MISSING',
  dimension_unit: 'MISSING'
}
Failed to parse comparison for match 2829: {
  grade: 'MISSING',
  length: 'MISSING',
  material: 'MISSING',
  pressure: 'MISSING',
  standard: 'MISSING',
  dimension: 'MISSING',
  product_type: 'MISSING',
  dimension_unit: 'MISSING'
}
Failed to parse comparison for match 2830: {
  grade: 'MISSING',
  length: 'MISSING',
  material: 'MISSING',
  pressure: 'MISSING',
  standard: 'MISSING',
  dimension: 'MISSING',
  product_type: 'MISSING',
  dimension_unit: 'MISSING'
}
Failed to parse comparison for match 2831: {
  grade: 'MISSING',
  length: 'MISSING',
  material: 'MISSING',
  pressure: 'MISSING',
  standard: 'MISSING',
  dimension: 'MISSING',
  product_type: 'MISSING',
  dimension_unit: 'MISSING'
}
Failed to parse comparison for match 2832: {
  grade: 'MISSING',
  length: 'MISSING',
  material: 'MISSING',
  pressure: 'MISSING',
  standard: 'MISSING',
  dimension: 'MISSING',
  product_type: 'MISSING',
  dimension_unit: 'MISSING'
}
Failed to parse comparison for match 2833: {
  grade: 'MISSING',
  length: 'MISSING',
  material: 'MISSING',
  pressure: 'MISSING',
  standard: 'MISSING',
  dimension: 'MISSING',
  product_type: 'MISSING',
  dimension_unit: 'MISSING'
}
Failed to parse comparison for match 2834: {
  grade: 'MISSING',
  length: 'MISSING',
  material: 'MISSING',
  pressure: 'MISSING',
  standard: 'MISSING',
  dimension: 'MISSING',
  product_type: 'MISSING',
  dimension_unit: 'MISSING'
}
Failed to parse comparison for match 2835: {
  grade: 'MISSING',
  length: 'MISSING',
  material: 'MISSING',
  pressure: 'MISSING',
  standard: 'MISSING',
  dimension: 'MISSING',
  product_type: 'MISSING',
  dimension_unit: 'MISSING'
}
Failed to parse comparison for match 2836: {
  grade: 'MISSING',
  length: 'MISSING',
  material: 'MISSING',
  pressure: 'MISSING',
  standard: 'MISSING',
  dimension: 'MISSING',
  product_type: 'MISSING',
  dimension_unit: 'MISSING'
}
Failed to parse comparison for match 2837: {
  grade: 'MISSING',
  length: 'MISSING',
  material: 'MISSING',
  pressure: 'MISSING',
  standard: 'MISSING',
  dimension: 'MISSING',
  product_type: 'MISSING',
  dimension_unit: 'MISSING'
}
Failed to parse comparison for match 2838: {
  grade: 'MISSING',
  length: 'MISSING',
  material: 'MISSING',
  pressure: 'MISSING',
  standard: 'MISSING',
  dimension: 'MISSING',
  product_type: 'MISSING',
  dimension_unit: 'MISSING'
}
Failed to parse comparison for match 2839: {
  grade: 'MISSING',
  length: 'MISSING',
  material: 'MISSING',
  pressure: 'MISSING',
  standard: 'MISSING',
  dimension: 'MISSING',
  product_type: 'MISSING',
  dimension_unit: 'MISSING'
}
Failed to parse comparison for match 2840: {
  grade: 'MISSING',
  length: 'MISSING',
  material: 'MISSING',
  pressure: 'MISSING',
  standard: 'MISSING',
  dimension: 'MISSING',
  product_type: 'MISSING',
  dimension_unit: 'MISSING'
}
Failed to parse comparison for match 2841: {
  grade: 'MISSING',
  length: 'MISSING',
  material: 'MISSING',
  pressure: 'MISSING',
  standard: 'MISSING',
  dimension: 'MISSING',
  product_type: 'MISSING',
  dimension_unit: 'MISSING'
}
Failed to parse comparison for match 2842: {
  grade: 'MISSING',
  length: 'MISSING',
  material: 'MISSING',
  pressure: 'MISSING',
  standard: 'MISSING',
  dimension: 'MISSING',
  product_type: 'MISSING',
  dimension_unit: 'MISSING'
}
Failed to parse comparison for match 2843: {
  grade: 'MISSING',
  length: 'MISSING',
  material: 'MISSING',
  pressure: 'MISSING',
  standard: 'MISSING',
  dimension: 'MISSING',
  product_type: 'MISSING',
  dimension_unit: 'MISSING'
}
Failed to parse comparison for match 2844: {
  grade: 'MISSING',
  length: 'MISSING',
  material: 'MISSING',
  pressure: 'MISSING',
  standard: 'MISSING',
  dimension: 'MISSING',
  product_type: 'MISSING',
  dimension_unit: 'MISSING'
}
Failed to parse comparison for match 2845: {
  grade: 'MISSING',
  length: 'MISSING',
  material: 'MISSING',
  pressure: 'MISSING',
  standard: 'MISSING',
  dimension: 'MISSING',
  product_type: 'MISSING',
  dimension_unit: 'MISSING'
}
Failed to parse comparison for match 2846: {
  grade: 'MISSING',
  length: 'MISSING',
  material: 'MISSING',
  pressure: 'MISSING',
  standard: 'MISSING',
  dimension: 'MISSING',
  product_type: 'MISSING',
  dimension_unit: 'MISSING'
}
Failed to parse comparison for match 2847: {
  grade: 'MISSING',
  length: 'MISSING',
  material: 'MISSING',
  pressure: 'MISSING',
  standard: 'MISSING',
  dimension: 'MISSING',
  product_type: 'MISSING',
  dimension_unit: 'MISSING'
}
Failed to parse comparison for match 2848: {
  grade: 'MISSING',
  length: 'MISSING',
  material: 'MISSING',
  pressure: 'MISSING',
  standard: 'MISSING',
  dimension: 'MISSING',
  product_type: 'MISSING',
  dimension_unit: 'MISSING'
}
Failed to parse comparison for match 2849: {
  grade: 'MISSING',
  length: 'MISSING',
  material: 'MISSING',
  pressure: 'MISSING',
  standard: 'MISSING',
  dimension: 'MISSING',
  product_type: 'MISSING',
  dimension_unit: 'MISSING'
}
Failed to parse comparison for match 2850: {
  grade: 'MISSING',
  length: 'MISSING',
  material: 'MISSING',
  pressure: 'MISSING',
  standard: 'MISSING',
  dimension: 'MISSING',
  product_type: 'MISSING',
  dimension_unit: 'MISSING'
}
Failed to parse comparison for match 2851: {
  grade: 'MISSING',
  length: 'MISSING',
  material: 'MISSING',
  pressure: 'MISSING',
  standard: 'MISSING',
  dimension: 'MISSING',
  product_type: 'MISSING',
  dimension_unit: 'MISSING'
}
Failed to parse comparison for match 2852: {
  grade: 'MISSING',
  length: 'MISSING',
  material: 'MISSING',
  pressure: 'MISSING',
  standard: 'MISSING',
  dimension: 'MISSING',
  product_type: 'MISSING',
  dimension_unit: 'MISSING'
}
Failed to parse comparison for match 2853: {
  grade: 'MISSING',
  length: 'MISSING',
  material: 'MISSING',
  pressure: 'MISSING',
  standard: 'MISSING',
  dimension: 'MISSING',
  product_type: 'MISSING',
  dimension_unit: 'MISSING'
}
Failed to parse comparison for match 2854: {
  grade: 'MISSING',
  length: 'MISSING',
  material: 'MISSING',
  pressure: 'MISSING',
  standard: 'MISSING',
  dimension: 'MISSING',
  product_type: 'MISSING',
  dimension_unit: 'MISSING'
}
Failed to parse comparison for match 2855: {
  grade: 'MISSING',
  length: 'MISSING',
  material: 'MISSING',
  pressure: 'MISSING',
  standard: 'MISSING',
  dimension: 'MISSING',
  product_type: 'MISSING',
  dimension_unit: 'MISSING'
}
Failed to parse comparison for match 2856: {
  grade: 'MISSING',
  length: 'MISSING',
  material: 'MISSING',
  pressure: 'MISSING',
  standard: 'MISSING',
  dimension: 'MISSING',
  product_type: 'MISSING',
  dimension_unit: 'MISSING'
}
Failed to parse comparison for match 2857: {
  grade: 'MISSING',
  length: 'MISSING',
  material: 'MISSING',
  pressure: 'MISSING',
  standard: 'MISSING',
  dimension: 'MISSING',
  product_type: 'MISSING',
  dimension_unit: 'MISSING'
}
Failed to parse comparison for match 2858: {
  grade: 'MISSING',
  length: 'MISSING',
  material: 'MISSING',
  pressure: 'MISSING',
  standard: 'MISSING',
  dimension: 'MISSING',
  product_type: 'MISSING',
  dimension_unit: 'MISSING'
}
Failed to parse comparison for match 2859: {
  grade: 'MISSING',
  length: 'MISSING',
  material: 'MISSING',
  pressure: 'MISSING',
  standard: 'MISSING',
  dimension: 'MISSING',
  product_type: 'MISSING',
  dimension_unit: 'MISSING'
}
Failed to parse comparison for match 2860: {
  grade: 'MISSING',
  length: 'MISSING',
  material: 'MISSING',
  pressure: 'MISSING',
  standard: 'MISSING',
  dimension: 'MISSING',
  product_type: 'MISSING',
  dimension_unit: 'MISSING'
}
Failed to parse comparison for match 2861: {
  grade: 'MISSING',
  length: 'MISSING',
  material: 'MISSING',
  pressure: 'MISSING',
  standard: 'MISSING',
  dimension: 'MISSING',
  product_type: 'MISSING',
  dimension_unit: 'MISSING'
}
Failed to parse comparison for match 2862: {
  grade: 'MISSING',
  length: 'MISSING',
  material: 'MISSING',
  pressure: 'MISSING',
  standard: 'MISSING',
  dimension: 'MISSING',
  product_type: 'MISSING',
  dimension_unit: 'MISSING'
}
Failed to parse comparison for match 2863: {
  grade: 'MISSING',
  length: 'MISSING',
  material: 'MISSING',
  pressure: 'MISSING',
  standard: 'MISSING',
  dimension: 'MISSING',
  product_type: 'MISSING',
  dimension_unit: 'MISSING'
}
Failed to parse comparison for match 2864: {
  grade: 'MISSING',
  length: 'MISSING',
  material: 'MISSING',
  pressure: 'MISSING',
  standard: 'MISSING',
  dimension: 'MISSING',
  product_type: 'MISSING',
  dimension_unit: 'MISSING'
}
Failed to parse comparison for match 2865: {
  grade: 'MISSING',
  length: 'MISSING',
  material: 'MISSING',
  pressure: 'MISSING',
  standard: 'MISSING',
  dimension: 'MISSING',
  product_type: 'MISSING',
  dimension_unit: 'MISSING'
}
Failed to parse comparison for match 2866: {
  grade: 'MISSING',
  length: 'MISSING',
  material: 'MISSING',
  pressure: 'MISSING',
  standard: 'MISSING',
  dimension: 'MISSING',
  product_type: 'MISSING',
  dimension_unit: 'MISSING'
}
Failed to parse comparison for match 2867: {
  grade: 'MISSING',
  length: 'MISSING',
  material: 'MISSING',
  pressure: 'MISSING',
  standard: 'MISSING',
  dimension: 'MISSING',
  product_type: 'MISSING',
  dimension_unit: 'MISSING'
}
Failed to parse comparison for match 2868: {
  grade: 'MISSING',
  length: 'MISSING',
  material: 'MISSING',
  pressure: 'MISSING',
  standard: 'MISSING',
  dimension: 'MISSING',
  product_type: 'MISSING',
  dimension_unit: 'MISSING'
}
Failed to parse comparison for match 2869: {
  grade: 'MISSING',
  length: 'MISSING',
  material: 'MISSING',
  pressure: 'MISSING',
  standard: 'MISSING',
  dimension: 'MISSING',
  product_type: 'MISSING',
  dimension_unit: 'MISSING'
}
Failed to parse comparison for match 2870: {
  grade: 'MISSING',
  length: 'MISSING',
  material: 'MISSING',
  pressure: 'MISSING',
  standard: 'MISSING',
  dimension: 'MISSING',
  product_type: 'MISSING',
  dimension_unit: 'MISSING'
}
Failed to parse comparison for match 2871: {
  grade: 'MISSING',
  length: 'MISSING',
  material: 'MISSING',
  pressure: 'MISSING',
  standard: 'MISSING',
  dimension: 'MISSING',
  product_type: 'MISSING',
  dimension_unit: 'MISSING'
}
Failed to parse comparison for match 2872: {
  grade: 'MISSING',
  length: 'MISSING',
  material: 'MISSING',
  pressure: 'MISSING',
  standard: 'MISSING',
  dimension: 'MISSING',
  product_type: 'MISSING',
  dimension_unit: 'MISSING'
}
Failed to parse comparison for match 2873: {
  grade: 'MISSING',
  length: 'MISSING',
  material: 'MISSING',
  pressure: 'MISSING',
  standard: 'MISSING',
  dimension: 'MISSING',
  product_type: 'MISSING',
  dimension_unit: 'MISSING'
}
Failed to parse comparison for match 2874: {
  grade: 'MISSING',
  length: 'MISSING',
  material: 'MISSING',
  pressure: 'MISSING',
  standard: 'MISSING',
  dimension: 'MISSING',
  product_type: 'MISSING',
  dimension_unit: 'MISSING'
}
Failed to parse comparison for match 2875: {
  grade: 'MISSING',
  length: 'MISSING',
  material: 'MISSING',
  pressure: 'MISSING',
  standard: 'MISSING',
  dimension: 'MISSING',
  product_type: 'MISSING',
  dimension_unit: 'MISSING'
}
Failed to parse comparison for match 2876: {
  grade: 'MISSING',
  length: 'MISSING',
  material: 'MISSING',
  pressure: 'MISSING',
  standard: 'MISSING',
  dimension: 'MISSING',
  product_type: 'MISSING',
  dimension_unit: 'MISSING'
}
Failed to parse comparison for match 2877: {
  grade: 'MISSING',
  length: 'MISSING',
  material: 'MISSING',
  pressure: 'MISSING',
  standard: 'MISSING',
  dimension: 'MISSING',
  product_type: 'MISSING',
  dimension_unit: 'MISSING'
}
Failed to parse comparison for match 2878: {
  grade: 'MISSING',
  length: 'MISSING',
  material: 'MISSING',
  pressure: 'MISSING',
  standard: 'MISSING',
  dimension: 'MISSING',
  product_type: 'MISSING',
  dimension_unit: 'MISSING'
}
Failed to parse comparison for match 2879: {
  grade: 'MISSING',
  length: 'MISSING',
  material: 'MISSING',
  pressure: 'MISSING',
  standard: 'MISSING',
  dimension: 'MISSING',
  product_type: 'MISSING',
  dimension_unit: 'MISSING'
}
Failed to parse comparison for match 2880: {
  grade: 'MISSING',
  length: 'MISSING',
  material: 'MISSING',
  pressure: 'MISSING',
  standard: 'MISSING',
  dimension: 'MISSING',
  product_type: 'MISSING',
  dimension_unit: 'MISSING'
}
Failed to parse comparison for match 2881: {
  grade: 'MISSING',
  length: 'MISSING',
  material: 'MISSING',
  pressure: 'MISSING',
  standard: 'MISSING',
  dimension: 'MISSING',
  product_type: 'MISSING',
  dimension_unit: 'MISSING'
}
Failed to parse comparison for match 2882: {
  grade: 'MISSING',
  length: 'MISSING',
  material: 'MISSING',
  pressure: 'MISSING',
  standard: 'MISSING',
  dimension: 'MISSING',
  product_type: 'MISSING',
  dimension_unit: 'MISSING'
}
Failed to parse comparison for match 2883: {
  grade: 'MISSING',
  length: 'MISSING',
  material: 'MISSING',
  pressure: 'MISSING',
  standard: 'MISSING',
  dimension: 'MISSING',
  product_type: 'MISSING',
  dimension_unit: 'MISSING'
}
Failed to parse comparison for match 2884: {
  grade: 'MISSING',
  length: 'MISSING',
  material: 'MISSING',
  pressure: 'MISSING',
  standard: 'MISSING',
  dimension: 'MISSING',
  product_type: 'MISSING',
  dimension_unit: 'MISSING'
}
Failed to parse comparison for match 2885: {
  grade: 'MISSING',
  length: 'MISSING',
  material: 'MISSING',
  pressure: 'MISSING',
  standard: 'MISSING',
  dimension: 'MISSING',
  product_type: 'MISSING',
  dimension_unit: 'MISSING'
}
Failed to parse comparison for match 2886: {
  grade: 'MISSING',
  length: 'MISSING',
  material: 'MISSING',
  pressure: 'MISSING',
  standard: 'MISSING',
  dimension: 'MISSING',
  product_type: 'MISSING',
  dimension_unit: 'MISSING'
}
Failed to parse comparison for match 2887: {
  grade: 'MISSING',
  length: 'MISSING',
  material: 'MISSING',
  pressure: 'MISSING',
  standard: 'MISSING',
  dimension: 'MISSING',
  product_type: 'MISSING',
  dimension_unit: 'MISSING'
}
Failed to parse comparison for match 2888: {
  grade: 'MISSING',
  length: 'MISSING',
  material: 'MISSING',
  pressure: 'MISSING',
  standard: 'MISSING',
  dimension: 'MISSING',
  product_type: 'MISSING',
  dimension_unit: 'MISSING'
}
Failed to parse comparison for match 2889: {
  grade: 'MISSING',
  length: 'MISSING',
  material: 'MISSING',
  pressure: 'MISSING',
  standard: 'MISSING',
  dimension: 'MISSING',
  product_type: 'MISSING',
  dimension_unit: 'MISSING'
}
Failed to parse comparison for match 2890: {
  grade: 'MISSING',
  length: 'MISSING',
  material: 'MISSING',
  pressure: 'MISSING',
  standard: 'MISSING',
  dimension: 'MISSING',
  product_type: 'MISSING',
  dimension_unit: 'MISSING'
}
Failed to parse comparison for match 2891: {
  grade: 'MISSING',
  length: 'MISSING',
  material: 'MISSING',
  pressure: 'MISSING',
  standard: 'MISSING',
  dimension: 'MISSING',
  product_type: 'MISSING',
  dimension_unit: 'MISSING'
}
Failed to parse comparison for match 2892: {
  grade: 'MISSING',
  length: 'MISSING',
  material: 'MISSING',
  pressure: 'MISSING',
  standard: 'MISSING',
  dimension: 'MISSING',
  product_type: 'MISSING',
  dimension_unit: 'MISSING'
}
Failed to parse comparison for match 2893: {
  grade: 'MISSING',
  length: 'MISSING',
  material: 'MISSING',
  pressure: 'MISSING',
  standard: 'MISSING',
  dimension: 'MISSING',
  product_type: 'MISSING',
  dimension_unit: 'MISSING'
}
Failed to parse comparison for match 2894: {
  grade: 'MISSING',
  length: 'MISSING',
  material: 'MISSING',
  pressure: 'MISSING',
  standard: 'MISSING',
  dimension: 'MISSING',
  product_type: 'MISSING',
  dimension_unit: 'MISSING'
}
Failed to parse comparison for match 2895: {
  grade: 'MISSING',
  length: 'MISSING',
  material: 'MISSING',
  pressure: 'MISSING',
  standard: 'MISSING',
  dimension: 'MISSING',
  product_type: 'MISSING',
  dimension_unit: 'MISSING'
}
Failed to parse comparison for match 2896: {
  grade: 'MISSING',
  length: 'MISSING',
  material: 'MISSING',
  pressure: 'MISSING',
  standard: 'MISSING',
  dimension: 'MISSING',
  product_type: 'MISSING',
  dimension_unit: 'MISSING'
}
Failed to parse comparison for match 2897: {
  grade: 'MISSING',
  length: 'MISSING',
  material: 'MISSING',
  pressure: 'MISSING',
  standard: 'MISSING',
  dimension: 'MISSING',
  product_type: 'MISSING',
  dimension_unit: 'MISSING'
}
Failed to parse comparison for match 2898: {
  grade: 'MISSING',
  length: 'MISSING',
  material: 'MISSING',
  pressure: 'MISSING',
  standard: 'MISSING',
  dimension: 'MISSING',
  product_type: 'MISSING',
  dimension_unit: 'MISSING'
}
Failed to parse comparison for match 2899: {
  grade: 'MISSING',
  length: 'MISSING',
  material: 'MISSING',
  pressure: 'MISSING',
  standard: 'MISSING',
  dimension: 'MISSING',
  product_type: 'MISSING',
  dimension_unit: 'MISSING'
}
Failed to parse comparison for match 2900: {
  grade: 'MISSING',
  length: 'MISSING',
  material: 'MISSING',
  pressure: 'MISSING',
  standard: 'MISSING',
  dimension: 'MISSING',
  product_type: 'MISSING',
  dimension_unit: 'MISSING'
}
Failed to parse comparison for match 2901: {
  grade: 'MISSING',
  length: 'MISSING',
  material: 'MISSING',
  pressure: 'MISSING',
  standard: 'MISSING',
  dimension: 'MISSING',
  product_type: 'MISSING',
  dimension_unit: 'MISSING'
}
Failed to parse comparison for match 2902: {
  grade: 'MISSING',
  length: 'MISSING',
  material: 'MISSING',
  pressure: 'MISSING',
  standard: 'MISSING',
  dimension: 'MISSING',
  product_type: 'MISSING',
  dimension_unit: 'MISSING'
}
Failed to parse comparison for match 2903: {
  grade: 'MISSING',
  length: 'MISSING',
  material: 'MISSING',
  pressure: 'MISSING',
  standard: 'MISSING',
  dimension: 'MISSING',
  product_type: 'MISSING',
  dimension_unit: 'MISSING'
}
Failed to parse comparison for match 2904: {
  grade: 'MISSING',
  length: 'MISSING',
  material: 'MISSING',
  pressure: 'MISSING',
  standard: 'MISSING',
  dimension: 'MISSING',
  product_type: 'MISSING',
  dimension_unit: 'MISSING'
}
Failed to parse comparison for match 2905: {
  grade: 'MISSING',
  length: 'MISSING',
  material: 'MISSING',
  pressure: 'MISSING',
  standard: 'MISSING',
  dimension: 'MISSING',
  product_type: 'MISSING',
  dimension_unit: 'MISSING'
}
Failed to parse comparison for match 2906: {
  grade: 'MISSING',
  length: 'MISSING',
  material: 'MISSING',
  pressure: 'MISSING',
  standard: 'MISSING',
  dimension: 'MISSING',
  product_type: 'MISSING',
  dimension_unit: 'MISSING'
}
Failed to parse comparison for match 2907: {
  grade: 'MISSING',
  length: 'MISSING',
  material: 'MISSING',
  pressure: 'MISSING',
  standard: 'MISSING',
  dimension: 'MISSING',
  product_type: 'MISSING',
  dimension_unit: 'MISSING'
}
Failed to parse comparison for match 2908: {
  grade: 'MISSING',
  length: 'MISSING',
  material: 'MISSING',
  pressure: 'MISSING',
  standard: 'MISSING',
  dimension: 'MISSING',
  product_type: 'MISSING',
  dimension_unit: 'MISSING'
}
Failed to parse comparison for match 2909: {
  grade: 'MISSING',
  length: 'MISSING',
  material: 'MISSING',
  pressure: 'MISSING',
  standard: 'MISSING',
  dimension: 'MISSING',
  product_type: 'MISSING',
  dimension_unit: 'MISSING'
}
Failed to parse comparison for match 2910: {
  grade: 'MISSING',
  length: 'MISSING',
  material: 'MISSING',
  pressure: 'MISSING',
  standard: 'MISSING',
  dimension: 'MISSING',
  product_type: 'MISSING',
  dimension_unit: 'MISSING'
}
Failed to parse comparison for match 2911: {
  grade: 'MISSING',
  length: 'MISSING',
  material: 'MISSING',
  pressure: 'MISSING',
  standard: 'MISSING',
  dimension: 'MISSING',
  product_type: 'MISSING',
  dimension_unit: 'MISSING'
}
Failed to parse comparison for match 2912: {
  grade: 'MISSING',
  length: 'MISSING',
  material: 'MISSING',
  pressure: 'MISSING',
  standard: 'MISSING',
  dimension: 'MISSING',
  product_type: 'MISSING',
  dimension_unit: 'MISSING'
}
Failed to parse comparison for match 2913: {
  grade: 'MISSING',
  length: 'MISSING',
  material: 'MISSING',
  pressure: 'MISSING',
  standard: 'MISSING',
  dimension: 'MISSING',
  product_type: 'MISSING',
  dimension_unit: 'MISSING'
}
Failed to parse comparison for match 2914: {
  grade: 'MISSING',
  length: 'MISSING',
  material: 'MISSING',
  pressure: 'MISSING',
  standard: 'MISSING',
  dimension: 'MISSING',
  product_type: 'MISSING',
  dimension_unit: 'MISSING'
}
Failed to parse comparison for match 2915: {
  grade: 'MISSING',
  length: 'MISSING',
  material: 'MISSING',
  pressure: 'MISSING',
  standard: 'MISSING',
  dimension: 'MISSING',
  product_type: 'MISSING',
  dimension_unit: 'MISSING'
}
Failed to parse comparison for match 2916: {
  grade: 'MISSING',
  length: 'MISSING',
  material: 'MISSING',
  pressure: 'MISSING',
  standard: 'MISSING',
  dimension: 'MISSING',
  product_type: 'MISSING',
  dimension_unit: 'MISSING'
}
Failed to parse comparison for match 2917: {
  grade: 'MISSING',
  length: 'MISSING',
  material: 'MISSING',
  pressure: 'MISSING',
  standard: 'MISSING',
  dimension: 'MISSING',
  product_type: 'MISSING',
  dimension_unit: 'MISSING'
}
Failed to parse comparison for match 2918: {
  grade: 'MISSING',
  length: 'MISSING',
  material: 'MISSING',
  pressure: 'MISSING',
  standard: 'MISSING',
  dimension: 'MISSING',
  product_type: 'MISSING',
  dimension_unit: 'MISSING'
}
Failed to parse comparison for match 2919: {
  grade: 'MISSING',
  length: 'MISSING',
  material: 'MISSING',
  pressure: 'MISSING',
  standard: 'MISSING',
  dimension: 'MISSING',
  product_type: 'MISSING',
  dimension_unit: 'MISSING'
}
Failed to parse comparison for match 2920: {
  grade: 'MISSING',
  length: 'MISSING',
  material: 'MISSING',
  pressure: 'MISSING',
  standard: 'MISSING',
  dimension: 'MISSING',
  product_type: 'MISSING',
  dimension_unit: 'MISSING'
}
Failed to parse comparison for match 2921: {
  grade: 'MISSING',
  length: 'MISSING',
  material: 'MISSING',
  pressure: 'MISSING',
  standard: 'MISSING',
  dimension: 'MISSING',
  product_type: 'MISSING',
  dimension_unit: 'MISSING'
}
Failed to parse comparison for match 2922: {
  grade: 'MISSING',
  length: 'MISSING',
  material: 'MISSING',
  pressure: 'MISSING',
  standard: 'MISSING',
  dimension: 'MISSING',
  product_type: 'MISSING',
  dimension_unit: 'MISSING'
}
Failed to parse comparison for match 2923: {
  grade: 'MISSING',
  length: 'MISSING',
  material: 'MISSING',
  pressure: 'MISSING',
  standard: 'MISSING',
  dimension: 'MISSING',
  product_type: 'MISSING',
  dimension_unit: 'MISSING'
}
Failed to parse comparison for match 2924: {
  grade: 'MISSING',
  length: 'MISSING',
  material: 'MISSING',
  pressure: 'MISSING',
  standard: 'MISSING',
  dimension: 'MISSING',
  product_type: 'MISSING',
  dimension_unit: 'MISSING'
}
Failed to parse comparison for match 2925: {
  grade: 'MISSING',
  length: 'MISSING',
  material: 'MISSING',
  pressure: 'MISSING',
  standard: 'MISSING',
  dimension: 'MISSING',
  product_type: 'MISSING',
  dimension_unit: 'MISSING'
}
Failed to parse comparison for match 2926: {
  grade: 'MISSING',
  length: 'MISSING',
  material: 'MISSING',
  pressure: 'MISSING',
  standard: 'MISSING',
  dimension: 'MISSING',
  product_type: 'MISSING',
  dimension_unit: 'MISSING'
}
Failed to parse comparison for match 2927: {
  grade: 'MISSING',
  length: 'MISSING',
  material: 'MISSING',
  pressure: 'MISSING',
  standard: 'MISSING',
  dimension: 'MISSING',
  product_type: 'MISSING',
  dimension_unit: 'MISSING'
}
Failed to parse comparison for match 2928: {
  grade: 'MISSING',
  length: 'MISSING',
  material: 'MISSING',
  pressure: 'MISSING',
  standard: 'MISSING',
  dimension: 'MISSING',
  product_type: 'MISSING',
  dimension_unit: 'MISSING'
}
Failed to parse comparison for match 2929: {
  grade: 'MISSING',
  length: 'MISSING',
  material: 'MISSING',
  pressure: 'MISSING',
  standard: 'MISSING',
  dimension: 'MISSING',
  product_type: 'MISSING',
  dimension_unit: 'MISSING'
}
Failed to parse comparison for match 2930: {
  grade: 'MISSING',
  length: 'MISSING',
  material: 'MISSING',
  pressure: 'MISSING',
  standard: 'MISSING',
  dimension: 'MISSING',
  product_type: 'MISSING',
  dimension_unit: 'MISSING'
}
Failed to parse comparison for match 2931: {
  grade: 'MISSING',
  length: 'MISSING',
  material: 'MISSING',
  pressure: 'MISSING',
  standard: 'MISSING',
  dimension: 'MISSING',
  product_type: 'MISSING',
  dimension_unit: 'MISSING'
}
Failed to parse comparison for match 2932: {
  grade: 'MISSING',
  length: 'MISSING',
  material: 'MISSING',
  pressure: 'MISSING',
  standard: 'MISSING',
  dimension: 'MISSING',
  product_type: 'MISSING',
  dimension_unit: 'MISSING'
}
Failed to parse comparison for match 2933: {
  grade: 'MISSING',
  length: 'MISSING',
  material: 'MISSING',
  pressure: 'MISSING',
  standard: 'MISSING',
  dimension: 'MISSING',
  product_type: 'MISSING',
  dimension_unit: 'MISSING'
}
Failed to parse comparison for match 2934: {
  grade: 'MISSING',
  length: 'MISSING',
  material: 'MISSING',
  pressure: 'MISSING',
  standard: 'MISSING',
  dimension: 'MISSING',
  product_type: 'MISSING',
  dimension_unit: 'MISSING'
}
Failed to parse comparison for match 2935: {
  grade: 'MISSING',
  length: 'MISSING',
  material: 'MISSING',
  pressure: 'MISSING',
  standard: 'MISSING',
  dimension: 'MISSING',
  product_type: 'MISSING',
  dimension_unit: 'MISSING'
}
Failed to parse comparison for match 2936: {
  grade: 'MISSING',
  length: 'MISSING',
  material: 'MISSING',
  pressure: 'MISSING',
  standard: 'MISSING',
  dimension: 'MISSING',
  product_type: 'MISSING',
  dimension_unit: 'MISSING'
}
Failed to parse comparison for match 2937: {
  grade: 'MISSING',
  length: 'MISSING',
  material: 'MISSING',
  pressure: 'MISSING',
  standard: 'MISSING',
  dimension: 'MISSING',
  product_type: 'MISSING',
  dimension_unit: 'MISSING'
}
Failed to parse comparison for match 2938: {
  grade: 'MISSING',
  length: 'MISSING',
  material: 'MISSING',
  pressure: 'MISSING',
  standard: 'MISSING',
  dimension: 'MISSING',
  product_type: 'MISSING',
  dimension_unit: 'MISSING'
}
Failed to parse comparison for match 2939: {
  grade: 'MISSING',
  length: 'MISSING',
  material: 'MISSING',
  pressure: 'MISSING',
  standard: 'MISSING',
  dimension: 'MISSING',
  product_type: 'MISSING',
  dimension_unit: 'MISSING'
}
Failed to parse comparison for match 2940: {
  grade: 'MISSING',
  length: 'MISSING',
  material: 'MISSING',
  pressure: 'MISSING',
  standard: 'MISSING',
  dimension: 'MISSING',
  product_type: 'MISSING',
  dimension_unit: 'MISSING'
}
Failed to parse comparison for match 2941: {
  grade: 'MISSING',
  length: 'MISSING',
  material: 'MISSING',
  pressure: 'MISSING',
  standard: 'MISSING',
  dimension: 'MISSING',
  product_type: 'MISSING',
  dimension_unit: 'MISSING'
}
Failed to parse comparison for match 2942: {
  grade: 'MISSING',
  length: 'MISSING',
  material: 'MISSING',
  pressure: 'MISSING',
  standard: 'MISSING',
  dimension: 'MISSING',
  product_type: 'MISSING',
  dimension_unit: 'MISSING'
}
Failed to parse comparison for match 2943: {
  grade: 'MISSING',
  length: 'MISSING',
  material: 'MISSING',
  pressure: 'MISSING',
  standard: 'MISSING',
  dimension: 'MISSING',
  product_type: 'MISSING',
  dimension_unit: 'MISSING'
}
Failed to parse comparison for match 2944: {
  grade: 'MISSING',
  length: 'MISSING',
  material: 'MISSING',
  pressure: 'MISSING',
  standard: 'MISSING',
  dimension: 'MISSING',
  product_type: 'MISSING',
  dimension_unit: 'MISSING'
}
Failed to parse comparison for match 2945: {
  grade: 'MISSING',
  length: 'MISSING',
  material: 'MISSING',
  pressure: 'MISSING',
  standard: 'MISSING',
  dimension: 'MISSING',
  product_type: 'MISSING',
  dimension_unit: 'MISSING'
}
Failed to parse comparison for match 2946: {
  grade: 'MISSING',
  length: 'MISSING',
  material: 'MISSING',
  pressure: 'MISSING',
  standard: 'MISSING',
  dimension: 'MISSING',
  product_type: 'MISSING',
  dimension_unit: 'MISSING'
}
Failed to parse comparison for match 2947: {
  grade: 'MISSING',
  length: 'MISSING',
  material: 'MISSING',
  pressure: 'MISSING',
  standard: 'MISSING',
  dimension: 'MISSING',
  product_type: 'MISSING',
  dimension_unit: 'MISSING'
}
Failed to parse comparison for match 2948: {
  grade: 'MISSING',
  length: 'MISSING',
  material: 'MISSING',
  pressure: 'MISSING',
  standard: 'MISSING',
  dimension: 'MISSING',
  product_type: 'MISSING',
  dimension_unit: 'MISSING'
}
Failed to parse comparison for match 2949: {
  grade: 'MISSING',
  length: 'MISSING',
  material: 'MISSING',
  pressure: 'MISSING',
  standard: 'MISSING',
  dimension: 'MISSING',
  product_type: 'MISSING',
  dimension_unit: 'MISSING'
}
Failed to parse comparison for match 2950: {
  grade: 'MISSING',
  length: 'MISSING',
  material: 'MISSING',
  pressure: 'MISSING',
  standard: 'MISSING',
  dimension: 'MISSING',
  product_type: 'MISSING',
  dimension_unit: 'MISSING'
}
Failed to parse comparison for match 2951: {
  grade: 'MISSING',
  length: 'MISSING',
  material: 'MISSING',
  pressure: 'MISSING',
  standard: 'MISSING',
  dimension: 'MISSING',
  product_type: 'MISSING',
  dimension_unit: 'MISSING'
}
Failed to parse comparison for match 2952: {
  grade: 'MISSING',
  length: 'MISSING',
  material: 'MISSING',
  pressure: 'MISSING',
  standard: 'MISSING',
  dimension: 'MISSING',
  product_type: 'MISSING',
  dimension_unit: 'MISSING'
}
Failed to parse comparison for match 2953: {
  grade: 'MISSING',
  length: 'MISSING',
  material: 'MISSING',
  pressure: 'MISSING',
  standard: 'MISSING',
  dimension: 'MISSING',
  product_type: 'MISSING',
  dimension_unit: 'MISSING'
}
Failed to parse comparison for match 2954: {
  grade: 'MISSING',
  length: 'MISSING',
  material: 'MISSING',
  pressure: 'MISSING',
  standard: 'MISSING',
  dimension: 'MISSING',
  product_type: 'MISSING',
  dimension_unit: 'MISSING'
}
Failed to parse comparison for match 2955: {
  grade: 'MISSING',
  length: 'MISSING',
  material: 'MISSING',
  pressure: 'MISSING',
  standard: 'MISSING',
  dimension: 'MISSING',
  product_type: 'MISSING',
  dimension_unit: 'MISSING'
}
Failed to parse comparison for match 2956: {
  grade: 'MISSING',
  length: 'MISSING',
  material: 'MISSING',
  pressure: 'MISSING',
  standard: 'MISSING',
  dimension: 'MISSING',
  product_type: 'MISSING',
  dimension_unit: 'MISSING'
}
Failed to parse comparison for match 2957: {
  grade: 'MISSING',
  length: 'MISSING',
  material: 'MISSING',
  pressure: 'MISSING',
  standard: 'MISSING',
  dimension: 'MISSING',
  product_type: 'MISSING',
  dimension_unit: 'MISSING'
}
Failed to parse comparison for match 2958: {
  grade: 'MISSING',
  length: 'MISSING',
  material: 'MISSING',
  pressure: 'MISSING',
  standard: 'MISSING',
  dimension: 'MISSING',
  product_type: 'MISSING',
  dimension_unit: 'MISSING'
}
Failed to parse comparison for match 2959: {
  grade: 'MISSING',
  length: 'MISSING',
  material: 'MISSING',
  pressure: 'MISSING',
  standard: 'MISSING',
  dimension: 'MISSING',
  product_type: 'MISSING',
  dimension_unit: 'MISSING'
}
Failed to parse comparison for match 2960: {
  grade: 'MISSING',
  length: 'MISSING',
  material: 'MISSING',
  pressure: 'MISSING',
  standard: 'MISSING',
  dimension: 'MISSING',
  product_type: 'MISSING',
  dimension_unit: 'MISSING'
}
Failed to parse comparison for match 2961: {
  grade: 'MISSING',
  length: 'MISSING',
  material: 'MISSING',
  pressure: 'MISSING',
  standard: 'MISSING',
  dimension: 'MISSING',
  product_type: 'MISSING',
  dimension_unit: 'MISSING'
}
Failed to parse comparison for match 2962: {
  grade: 'MISSING',
  length: 'MISSING',
  material: 'MISSING',
  pressure: 'MISSING',
  standard: 'MISSING',
  dimension: 'MISSING',
  product_type: 'MISSING',
  dimension_unit: 'MISSING'
}
Failed to parse comparison for match 2963: {
  grade: 'MISSING',
  length: 'MISSING',
  material: 'MISSING',
  pressure: 'MISSING',
  standard: 'MISSING',
  dimension: 'MISSING',
  product_type: 'MISSING',
  dimension_unit: 'MISSING'
}
Failed to parse comparison for match 2964: {
  grade: 'MISSING',
  length: 'MISSING',
  material: 'MISSING',
  pressure: 'MISSING',
  standard: 'MISSING',
  dimension: 'MISSING',
  product_type: 'MISSING',
  dimension_unit: 'MISSING'
}
Failed to parse comparison for match 2965: {
  grade: 'MISSING',
  length: 'MISSING',
  material: 'MISSING',
  pressure: 'MISSING',
  standard: 'MISSING',
  dimension: 'MISSING',
  product_type: 'MISSING',
  dimension_unit: 'MISSING'
}
Failed to parse comparison for match 2966: {
  grade: 'MISSING',
  length: 'MISSING',
  material: 'MISSING',
  pressure: 'MISSING',
  standard: 'MISSING',
  dimension: 'MISSING',
  product_type: 'MISSING',
  dimension_unit: 'MISSING'
}
Failed to parse comparison for match 2967: {
  grade: 'MISSING',
  length: 'MISSING',
  material: 'MISSING',
  pressure: 'MISSING',
  standard: 'MISSING',
  dimension: 'MISSING',
  product_type: 'MISSING',
  dimension_unit: 'MISSING'
}
Failed to parse comparison for match 2968: {
  grade: 'MISSING',
  length: 'MISSING',
  material: 'MISSING',
  pressure: 'MISSING',
  standard: 'MISSING',
  dimension: 'MISSING',
  product_type: 'MISSING',
  dimension_unit: 'MISSING'
}
Failed to parse comparison for match 2969: {
  grade: 'MISSING',
  length: 'MISSING',
  material: 'MISSING',
  pressure: 'MISSING',
  standard: 'MISSING',
  dimension: 'MISSING',
  product_type: 'MISSING',
  dimension_unit: 'MISSING'
}
Failed to parse comparison for match 2970: {
  grade: 'MISSING',
  length: 'MISSING',
  material: 'MISSING',
  pressure: 'MISSING',
  standard: 'MISSING',
  dimension: 'MISSING',
  product_type: 'MISSING',
  dimension_unit: 'MISSING'
}
Failed to parse comparison for match 2971: {
  grade: 'MISSING',
  length: 'MISSING',
  material: 'MISSING',
  pressure: 'MISSING',
  standard: 'MISSING',
  dimension: 'MISSING',
  product_type: 'MISSING',
  dimension_unit: 'MISSING'
}
Failed to parse comparison for match 2972: {
  grade: 'MISSING',
  length: 'MISSING',
  material: 'MISSING',
  pressure: 'MISSING',
  standard: 'MISSING',
  dimension: 'MISSING',
  product_type: 'MISSING',
  dimension_unit: 'MISSING'
}
Failed to parse comparison for match 2973: {
  grade: 'MISSING',
  length: 'MISSING',
  material: 'MISSING',
  pressure: 'MISSING',
  standard: 'MISSING',
  dimension: 'MISSING',
  product_type: 'MISSING',
  dimension_unit: 'MISSING'
}
Failed to parse comparison for match 2974: {
  grade: 'MISSING',
  length: 'MISSING',
  material: 'MISSING',
  pressure: 'MISSING',
  standard: 'MISSING',
  dimension: 'MISSING',
  product_type: 'MISSING',
  dimension_unit: 'MISSING'
}
Failed to parse comparison for match 2975: {
  grade: 'MISSING',
  length: 'MISSING',
  material: 'MISSING',
  pressure: 'MISSING',
  standard: 'MISSING',
  dimension: 'MISSING',
  product_type: 'MISSING',
  dimension_unit: 'MISSING'
}
Failed to parse comparison for match 2976: {
  grade: 'MISSING',
  length: 'MISSING',
  material: 'MISSING',
  pressure: 'MISSING',
  standard: 'MISSING',
  dimension: 'MISSING',
  product_type: 'MISSING',
  dimension_unit: 'MISSING'
}
Failed to parse comparison for match 2977: {
  grade: 'MISSING',
  length: 'MISSING',
  material: 'MISSING',
  pressure: 'MISSING',
  standard: 'MISSING',
  dimension: 'MISSING',
  product_type: 'MISSING',
  dimension_unit: 'MISSING'
}
Failed to parse comparison for match 2978: {
  grade: 'MISSING',
  length: 'MISSING',
  material: 'MISSING',
  pressure: 'MISSING',
  standard: 'MISSING',
  dimension: 'MISSING',
  product_type: 'MISSING',
  dimension_unit: 'MISSING'
}
Failed to parse comparison for match 2979: {
  grade: 'MISSING',
  length: 'MISSING',
  material: 'MISSING',
  pressure: 'MISSING',
  standard: 'MISSING',
  dimension: 'MISSING',
  product_type: 'MISSING',
  dimension_unit: 'MISSING'
}
Failed to parse comparison for match 2980: {
  grade: 'MISSING',
  length: 'MISSING',
  material: 'MISSING',
  pressure: 'MISSING',
  standard: 'MISSING',
  dimension: 'MISSING',
  product_type: 'MISSING',
  dimension_unit: 'MISSING'
}
Failed to parse comparison for match 2981: {
  grade: 'MISSING',
  length: 'MISSING',
  material: 'MISSING',
  pressure: 'MISSING',
  standard: 'MISSING',
  dimension: 'MISSING',
  product_type: 'MISSING',
  dimension_unit: 'MISSING'
}
Failed to parse comparison for match 2982: {
  grade: 'MISSING',
  length: 'MISSING',
  material: 'MISSING',
  pressure: 'MISSING',
  standard: 'MISSING',
  dimension: 'MISSING',
  product_type: 'MISSING',
  dimension_unit: 'MISSING'
}
Failed to parse comparison for match 2983: {
  grade: 'MISSING',
  length: 'MISSING',
  material: 'MISSING',
  pressure: 'MISSING',
  standard: 'MISSING',
  dimension: 'MISSING',
  product_type: 'MISSING',
  dimension_unit: 'MISSING'
}
Failed to parse comparison for match 2984: {
  grade: 'MISSING',
  length: 'MISSING',
  material: 'MISSING',
  pressure: 'MISSING',
  standard: 'MISSING',
  dimension: 'MISSING',
  product_type: 'MISSING',
  dimension_unit: 'MISSING'
}
Failed to parse comparison for match 2985: {
  grade: 'MISSING',
  length: 'MISSING',
  material: 'MISSING',
  pressure: 'MISSING',
  standard: 'MISSING',
  dimension: 'MISSING',
  product_type: 'MISSING',
  dimension_unit: 'MISSING'
}
Failed to parse comparison for match 2986: {
  grade: 'MISSING',
  length: 'MISSING',
  material: 'MISSING',
  pressure: 'MISSING',
  standard: 'MISSING',
  dimension: 'MISSING',
  product_type: 'MISSING',
  dimension_unit: 'MISSING'
}
Failed to parse comparison for match 2987: {
  grade: 'MISSING',
  length: 'MISSING',
  material: 'MISSING',
  pressure: 'MISSING',
  standard: 'MISSING',
  dimension: 'MISSING',
  product_type: 'MISSING',
  dimension_unit: 'MISSING'
}
Failed to parse comparison for match 2988: {
  grade: 'MISSING',
  length: 'MISSING',
  material: 'MISSING',
  pressure: 'MISSING',
  standard: 'MISSING',
  dimension: 'MISSING',
  product_type: 'MISSING',
  dimension_unit: 'MISSING'
}
Failed to parse comparison for match 2989: {
  grade: 'MISSING',
  length: 'MISSING',
  material: 'MISSING',
  pressure: 'MISSING',
  standard: 'MISSING',
  dimension: 'MISSING',
  product_type: 'MISSING',
  dimension_unit: 'MISSING'
}
Failed to parse comparison for match 2990: {
  grade: 'MISSING',
  length: 'MISSING',
  material: 'MISSING',
  pressure: 'MISSING',
  standard: 'MISSING',
  dimension: 'MISSING',
  product_type: 'MISSING',
  dimension_unit: 'MISSING'
}
Failed to parse comparison for match 2991: {
  grade: 'MISSING',
  length: 'MISSING',
  material: 'MISSING',
  pressure: 'MISSING',
  standard: 'MISSING',
  dimension: 'MISSING',
  product_type: 'MISSING',
  dimension_unit: 'MISSING'
}
Failed to parse comparison for match 2992: {
  grade: 'MISSING',
  length: 'MISSING',
  material: 'MISSING',
  pressure: 'MISSING',
  standard: 'MISSING',
  dimension: 'MISSING',
  product_type: 'MISSING',
  dimension_unit: 'MISSING'
}
Failed to parse comparison for match 2993: {
  grade: 'MISSING',
  length: 'MISSING',
  material: 'MISSING',
  pressure: 'MISSING',
  standard: 'MISSING',
  dimension: 'MISSING',
  product_type: 'MISSING',
  dimension_unit: 'MISSING'
}
Failed to parse comparison for match 2994: {
  grade: 'MISSING',
  length: 'MISSING',
  material: 'MISSING',
  pressure: 'MISSING',
  standard: 'MISSING',
  dimension: 'MISSING',
  product_type: 'MISSING',
  dimension_unit: 'MISSING'
}
Failed to parse comparison for match 2995: {
  grade: 'MISSING',
  length: 'MISSING',
  material: 'MISSING',
  pressure: 'MISSING',
  standard: 'MISSING',
  dimension: 'MISSING',
  product_type: 'MISSING',
  dimension_unit: 'MISSING'
}
Failed to parse comparison for match 2996: {
  grade: 'MISSING',
  length: 'MISSING',
  material: 'MISSING',
  pressure: 'MISSING',
  standard: 'MISSING',
  dimension: 'MISSING',
  product_type: 'MISSING',
  dimension_unit: 'MISSING'
}
Failed to parse comparison for match 2997: {
  grade: 'MISSING',
  length: 'MISSING',
  material: 'MISSING',
  pressure: 'MISSING',
  standard: 'MISSING',
  dimension: 'MISSING',
  product_type: 'MISSING',
  dimension_unit: 'MISSING'
}
Failed to parse comparison for match 2998: {
  grade: 'MISSING',
  length: 'MISSING',
  material: 'MISSING',
  pressure: 'MISSING',
  standard: 'MISSING',
  dimension: 'MISSING',
  product_type: 'MISSING',
  dimension_unit: 'MISSING'
}
Failed to parse comparison for match 2999: {
  grade: 'MISSING',
  length: 'MISSING',
  material: 'MISSING',
  pressure: 'MISSING',
  standard: 'MISSING',
  dimension: 'MISSING',
  product_type: 'MISSING',
  dimension_unit: 'MISSING'
}
Failed to parse comparison for match 3000: {
  grade: 'MISSING',
  length: 'MISSING',
  material: 'MISSING',
  pressure: 'MISSING',
  standard: 'MISSING',
  dimension: 'MISSING',
  product_type: 'MISSING',
  dimension_unit: 'MISSING'
}
Failed to parse comparison for match 3001: {
  grade: 'MISSING',
  length: 'MISSING',
  material: 'MISSING',
  pressure: 'MISSING',
  standard: 'MISSING',
  dimension: 'MISSING',
  product_type: 'MISSING',
  dimension_unit: 'MISSING'
}
Failed to parse comparison for match 3002: {
  grade: 'MISSING',
  length: 'MISSING',
  material: 'MISSING',
  pressure: 'MISSING',
  standard: 'MISSING',
  dimension: 'MISSING',
  product_type: 'MISSING',
  dimension_unit: 'MISSING'
}
Failed to parse comparison for match 3003: {
  grade: 'MISSING',
  length: 'MISSING',
  material: 'MISSING',
  pressure: 'MISSING',
  standard: 'MISSING',
  dimension: 'MISSING',
  product_type: 'MISSING',
  dimension_unit: 'MISSING'
}
Failed to parse comparison for match 3004: {
  grade: 'MISSING',
  length: 'MISSING',
  material: 'MISSING',
  pressure: 'MISSING',
  standard: 'MISSING',
  dimension: 'MISSING',
  product_type: 'MISSING',
  dimension_unit: 'MISSING'
}
Failed to parse comparison for match 3005: {
  grade: 'MISSING',
  length: 'MISSING',
  material: 'MISSING',
  pressure: 'MISSING',
  standard: 'MISSING',
  dimension: 'MISSING',
  product_type: 'MISSING',
  dimension_unit: 'MISSING'
}
Failed to parse comparison for match 3006: {
  grade: 'MISSING',
  length: 'MISSING',
  material: 'MISSING',
  pressure: 'MISSING',
  standard: 'MISSING',
  dimension: 'MISSING',
  product_type: 'MISSING',
  dimension_unit: 'MISSING'
}
Failed to parse comparison for match 3007: {
  grade: 'MISSING',
  length: 'MISSING',
  material: 'MISSING',
  pressure: 'MISSING',
  standard: 'MISSING',
  dimension: 'MISSING',
  product_type: 'MISSING',
  dimension_unit: 'MISSING'
}
Failed to parse comparison for match 3008: {
  grade: 'MISSING',
  length: 'MISSING',
  material: 'MISSING',
  pressure: 'MISSING',
  standard: 'MISSING',
  dimension: 'MISSING',
  product_type: 'MISSING',
  dimension_unit: 'MISSING'
}
Failed to parse comparison for match 3009: {
  grade: 'MISSING',
  length: 'MISSING',
  material: 'MISSING',
  pressure: 'MISSING',
  standard: 'MISSING',
  dimension: 'MISSING',
  product_type: 'MISSING',
  dimension_unit: 'MISSING'
}
Failed to parse comparison for match 3010: {
  grade: 'MISSING',
  length: 'MISSING',
  material: 'MISSING',
  pressure: 'MISSING',
  standard: 'MISSING',
  dimension: 'MISSING',
  product_type: 'MISSING',
  dimension_unit: 'MISSING'
}
Failed to parse comparison for match 3011: {
  grade: 'MISSING',
  length: 'MISSING',
  material: 'MISSING',
  pressure: 'MISSING',
  standard: 'MISSING',
  dimension: 'MISSING',
  product_type: 'MISSING',
  dimension_unit: 'MISSING'
}
Failed to parse comparison for match 3012: {
  grade: 'MISSING',
  length: 'MISSING',
  material: 'MISSING',
  pressure: 'MISSING',
  standard: 'MISSING',
  dimension: 'MISSING',
  product_type: 'MISSING',
  dimension_unit: 'MISSING'
}
Failed to parse comparison for match 3013: {
  grade: 'MISSING',
  length: 'MISSING',
  material: 'MISSING',
  pressure: 'MISSING',
  standard: 'MISSING',
  dimension: 'MISSING',
  product_type: 'MISSING',
  dimension_unit: 'MISSING'
}
Failed to parse comparison for match 3014: {
  grade: 'MISSING',
  length: 'MISSING',
  material: 'MISSING',
  pressure: 'MISSING',
  standard: 'MISSING',
  dimension: 'MISSING',
  product_type: 'MISSING',
  dimension_unit: 'MISSING'
}
Failed to parse comparison for match 3015: {
  grade: 'MISSING',
  length: 'MISSING',
  material: 'MISSING',
  pressure: 'MISSING',
  standard: 'MISSING',
  dimension: 'MISSING',
  product_type: 'MISSING',
  dimension_unit: 'MISSING'
}
Failed to parse comparison for match 3016: {
  grade: 'MISSING',
  length: 'MISSING',
  material: 'MISSING',
  pressure: 'MISSING',
  standard: 'MISSING',
  dimension: 'MISSING',
  product_type: 'MISSING',
  dimension_unit: 'MISSING'
}
Failed to parse comparison for match 3017: {
  grade: 'MISSING',
  length: 'MISSING',
  material: 'MISSING',
  pressure: 'MISSING',
  standard: 'MISSING',
  dimension: 'MISSING',
  product_type: 'MISSING',
  dimension_unit: 'MISSING'
}
Failed to parse comparison for match 3018: {
  grade: 'MISSING',
  length: 'MISSING',
  material: 'MISSING',
  pressure: 'MISSING',
  standard: 'MISSING',
  dimension: 'MISSING',
  product_type: 'MISSING',
  dimension_unit: 'MISSING'
}
Failed to parse comparison for match 3019: {
  grade: 'MISSING',
  length: 'MISSING',
  material: 'MISSING',
  pressure: 'MISSING',
  standard: 'MISSING',
  dimension: 'MISSING',
  product_type: 'MISSING',
  dimension_unit: 'MISSING'
}
Failed to parse comparison for match 3020: {
  grade: 'MISSING',
  length: 'MISSING',
  material: 'MISSING',
  pressure: 'MISSING',
  standard: 'MISSING',
  dimension: 'MISSING',
  product_type: 'MISSING',
  dimension_unit: 'MISSING'
}
Failed to parse comparison for match 3021: {
  grade: 'MISSING',
  length: 'MISSING',
  material: 'MISSING',
  pressure: 'MISSING',
  standard: 'MISSING',
  dimension: 'MISSING',
  product_type: 'MISSING',
  dimension_unit: 'MISSING'
}
Failed to parse comparison for match 3022: {
  grade: 'MISSING',
  length: 'MISSING',
  material: 'MISSING',
  pressure: 'MISSING',
  standard: 'MISSING',
  dimension: 'MISSING',
  product_type: 'MISSING',
  dimension_unit: 'MISSING'
}
Failed to parse comparison for match 3023: {
  grade: 'MISSING',
  length: 'MISSING',
  material: 'MISSING',
  pressure: 'MISSING',
  standard: 'MISSING',
  dimension: 'MISSING',
  product_type: 'MISSING',
  dimension_unit: 'MISSING'
}
Failed to parse comparison for match 3024: {
  grade: 'MISSING',
  length: 'MISSING',
  material: 'MISSING',
  pressure: 'MISSING',
  standard: 'MISSING',
  dimension: 'MISSING',
  product_type: 'MISSING',
  dimension_unit: 'MISSING'
}
Failed to parse comparison for match 3025: {
  grade: 'MISSING',
  length: 'MISSING',
  material: 'MISSING',
  pressure: 'MISSING',
  standard: 'MISSING',
  dimension: 'MISSING',
  product_type: 'MISSING',
  dimension_unit: 'MISSING'
}
Failed to parse comparison for match 3026: {
  grade: 'MISSING',
  length: 'MISSING',
  material: 'MISSING',
  pressure: 'MISSING',
  standard: 'MISSING',
  dimension: 'MISSING',
  product_type: 'MISSING',
  dimension_unit: 'MISSING'
}
Failed to parse comparison for match 3027: {
  grade: 'MISSING',
  length: 'MISSING',
  material: 'MISSING',
  pressure: 'MISSING',
  standard: 'MISSING',
  dimension: 'MISSING',
  product_type: 'MISSING',
  dimension_unit: 'MISSING'
}
Failed to parse comparison for match 3028: {
  grade: 'MISSING',
  length: 'MISSING',
  material: 'MISSING',
  pressure: 'MISSING',
  standard: 'MISSING',
  dimension: 'MISSING',
  product_type: 'MISSING',
  dimension_unit: 'MISSING'
}
Failed to parse comparison for match 3029: {
  grade: 'MISSING',
  length: 'MISSING',
  material: 'MISSING',
  pressure: 'MISSING',
  standard: 'MISSING',
  dimension: 'MISSING',
  product_type: 'MISSING',
  dimension_unit: 'MISSING'
}
Failed to parse comparison for match 3030: {
  grade: 'MISSING',
  length: 'MISSING',
  material: 'MISSING',
  pressure: 'MISSING',
  standard: 'MISSING',
  dimension: 'MISSING',
  product_type: 'MISSING',
  dimension_unit: 'MISSING'
}
Failed to parse comparison for match 3031: {
  grade: 'MISSING',
  length: 'MISSING',
  material: 'MISSING',
  pressure: 'MISSING',
  standard: 'MISSING',
  dimension: 'MISSING',
  product_type: 'MISSING',
  dimension_unit: 'MISSING'
}
Failed to parse comparison for match 3032: {
  grade: 'MISSING',
  length: 'MISSING',
  material: 'MISSING',
  pressure: 'MISSING',
  standard: 'MISSING',
  dimension: 'MISSING',
  product_type: 'MISSING',
  dimension_unit: 'MISSING'
}
Failed to parse comparison for match 3033: {
  grade: 'MISSING',
  length: 'MISSING',
  material: 'MISSING',
  pressure: 'MISSING',
  standard: 'MISSING',
  dimension: 'MISSING',
  product_type: 'MISSING',
  dimension_unit: 'MISSING'
}
Failed to parse comparison for match 3034: {
  grade: 'MISSING',
  length: 'MISSING',
  material: 'MISSING',
  pressure: 'MISSING',
  standard: 'MISSING',
  dimension: 'MISSING',
  product_type: 'MISSING',
  dimension_unit: 'MISSING'
}
Failed to parse comparison for match 3035: {
  grade: 'MISSING',
  length: 'MISSING',
  material: 'MISSING',
  pressure: 'MISSING',
  standard: 'MISSING',
  dimension: 'MISSING',
  product_type: 'MISSING',
  dimension_unit: 'MISSING'
}
Failed to parse comparison for match 3036: {
  grade: 'MISSING',
  length: 'MISSING',
  material: 'MISSING',
  pressure: 'MISSING',
  standard: 'MISSING',
  dimension: 'MISSING',
  product_type: 'MISSING',
  dimension_unit: 'MISSING'
}
Failed to parse comparison for match 3037: {
  grade: 'MISSING',
  length: 'MISSING',
  material: 'MISSING',
  pressure: 'MISSING',
  standard: 'MISSING',
  dimension: 'MISSING',
  product_type: 'MISSING',
  dimension_unit: 'MISSING'
}
Failed to parse comparison for match 3038: {
  grade: 'MISSING',
  length: 'MISSING',
  material: 'MISSING',
  pressure: 'MISSING',
  standard: 'MISSING',
  dimension: 'MISSING',
  product_type: 'MISSING',
  dimension_unit: 'MISSING'
}
Failed to parse comparison for match 3039: {
  grade: 'MISSING',
  length: 'MISSING',
  material: 'MISSING',
  pressure: 'MISSING',
  standard: 'MISSING',
  dimension: 'MISSING',
  product_type: 'MISSING',
  dimension_unit: 'MISSING'
}
Failed to parse comparison for match 3040: {
  grade: 'MISSING',
  length: 'MISSING',
  material: 'MISSING',
  pressure: 'MISSING',
  standard: 'MISSING',
  dimension: 'MISSING',
  product_type: 'MISSING',
  dimension_unit: 'MISSING'
}
Failed to parse comparison for match 3041: {
  grade: 'MISSING',
  length: 'MISSING',
  material: 'MISSING',
  pressure: 'MISSING',
  standard: 'MISSING',
  dimension: 'MISSING',
  product_type: 'MISSING',
  dimension_unit: 'MISSING'
}
Failed to parse comparison for match 3042: {
  grade: 'MISSING',
  length: 'MISSING',
  material: 'MISSING',
  pressure: 'MISSING',
  standard: 'MISSING',
  dimension: 'MISSING',
  product_type: 'MISSING',
  dimension_unit: 'MISSING'
}
Failed to parse comparison for match 3043: {
  grade: 'MISSING',
  length: 'MISSING',
  material: 'MISSING',
  pressure: 'MISSING',
  standard: 'MISSING',
  dimension: 'MISSING',
  product_type: 'MISSING',
  dimension_unit: 'MISSING'
}
Failed to parse comparison for match 3044: {
  grade: 'MISSING',
  length: 'MISSING',
  material: 'MISSING',
  pressure: 'MISSING',
  standard: 'MISSING',
  dimension: 'MISSING',
  product_type: 'MISSING',
  dimension_unit: 'MISSING'
}
Failed to parse comparison for match 3045: {
  grade: 'MISSING',
  length: 'MISSING',
  material: 'MISSING',
  pressure: 'MISSING',
  standard: 'MISSING',
  dimension: 'MISSING',
  product_type: 'MISSING',
  dimension_unit: 'MISSING'
}
Failed to parse comparison for match 3046: {
  grade: 'MISSING',
  length: 'MISSING',
  material: 'MISSING',
  pressure: 'MISSING',
  standard: 'MISSING',
  dimension: 'MISSING',
  product_type: 'MISSING',
  dimension_unit: 'MISSING'
}
Failed to parse comparison for match 3047: {
  grade: 'MISSING',
  length: 'MISSING',
  material: 'MISSING',
  pressure: 'MISSING',
  standard: 'MISSING',
  dimension: 'MISSING',
  product_type: 'MISSING',
  dimension_unit: 'MISSING'
}
Failed to parse comparison for match 3048: {
  grade: 'MISSING',
  length: 'MISSING',
  material: 'MISSING',
  pressure: 'MISSING',
  standard: 'MISSING',
  dimension: 'MISSING',
  product_type: 'MISSING',
  dimension_unit: 'MISSING'
}
Failed to parse comparison for match 3049: {
  grade: 'MISSING',
  length: 'MISSING',
  material: 'MISSING',
  pressure: 'MISSING',
  standard: 'MISSING',
  dimension: 'MISSING',
  product_type: 'MISSING',
  dimension_unit: 'MISSING'
}
Failed to parse comparison for match 3050: {
  grade: 'MISSING',
  length: 'MISSING',
  material: 'MISSING',
  pressure: 'MISSING',
  standard: 'MISSING',
  dimension: 'MISSING',
  product_type: 'MISSING',
  dimension_unit: 'MISSING'
}
Failed to parse comparison for match 3051: {
  grade: 'MISSING',
  length: 'MISSING',
  material: 'MISSING',
  pressure: 'MISSING',
  standard: 'MISSING',
  dimension: 'MISSING',
  product_type: 'MISSING',
  dimension_unit: 'MISSING'
}
Failed to parse comparison for match 3052: {
  grade: 'MISSING',
  length: 'MISSING',
  material: 'MISSING',
  pressure: 'MISSING',
  standard: 'MISSING',
  dimension: 'MISSING',
  product_type: 'MISSING',
  dimension_unit: 'MISSING'
}
Failed to parse comparison for match 3053: {
  grade: 'MISSING',
  length: 'MISSING',
  material: 'MISSING',
  pressure: 'MISSING',
  standard: 'MISSING',
  dimension: 'MISSING',
  product_type: 'MISSING',
  dimension_unit: 'MISSING'
}
Failed to parse comparison for match 3054: {
  grade: 'MISSING',
  length: 'MISSING',
  material: 'MISSING',
  pressure: 'MISSING',
  standard: 'MISSING',
  dimension: 'MISSING',
  product_type: 'MISSING',
  dimension_unit: 'MISSING'
}
Failed to parse comparison for match 3055: {
  grade: 'MISSING',
  length: 'MISSING',
  material: 'MISSING',
  pressure: 'MISSING',
  standard: 'MISSING',
  dimension: 'MISSING',
  product_type: 'MISSING',
  dimension_unit: 'MISSING'
}
Failed to parse comparison for match 3056: {
  grade: 'MISSING',
  length: 'MISSING',
  material: 'MISSING',
  pressure: 'MISSING',
  standard: 'MISSING',
  dimension: 'MISSING',
  product_type: 'MISSING',
  dimension_unit: 'MISSING'
}
Failed to parse comparison for match 3057: {
  grade: 'MISSING',
  length: 'MISSING',
  material: 'MISSING',
  pressure: 'MISSING',
  standard: 'MISSING',
  dimension: 'MISSING',
  product_type: 'MISSING',
  dimension_unit: 'MISSING'
}
Failed to parse comparison for match 3058: {
  grade: 'MISSING',
  length: 'MISSING',
  material: 'MISSING',
  pressure: 'MISSING',
  standard: 'MISSING',
  dimension: 'MISSING',
  product_type: 'MISSING',
  dimension_unit: 'MISSING'
}
Failed to parse comparison for match 3059: {
  grade: 'MISSING',
  length: 'MISSING',
  material: 'MISSING',
  pressure: 'MISSING',
  standard: 'MISSING',
  dimension: 'MISSING',
  product_type: 'MISSING',
  dimension_unit: 'MISSING'
}
Failed to parse comparison for match 3060: {
  grade: 'MISSING',
  length: 'MISSING',
  material: 'MISSING',
  pressure: 'MISSING',
  standard: 'MISSING',
  dimension: 'MISSING',
  product_type: 'MISSING',
  dimension_unit: 'MISSING'
}
Failed to parse comparison for match 3061: {
  grade: 'MISSING',
  length: 'MISSING',
  material: 'MISSING',
  pressure: 'MISSING',
  standard: 'MISSING',
  dimension: 'MISSING',
  product_type: 'MISSING',
  dimension_unit: 'MISSING'
}
Failed to parse comparison for match 3062: {
  grade: 'MISSING',
  length: 'MISSING',
  material: 'MISSING',
  pressure: 'MISSING',
  standard: 'MISSING',
  dimension: 'MISSING',
  product_type: 'MISSING',
  dimension_unit: 'MISSING'
}
Failed to parse comparison for match 3063: {
  grade: 'MISSING',
  length: 'MISSING',
  material: 'MISSING',
  pressure: 'MISSING',
  standard: 'MISSING',
  dimension: 'MISSING',
  product_type: 'MISSING',
  dimension_unit: 'MISSING'
}
Failed to parse comparison for match 3064: {
  grade: 'MISSING',
  length: 'MISSING',
  material: 'MISSING',
  pressure: 'MISSING',
  standard: 'MISSING',
  dimension: 'MISSING',
  product_type: 'MISSING',
  dimension_unit: 'MISSING'
}
Failed to parse comparison for match 3065: {
  grade: 'MISSING',
  length: 'MISSING',
  material: 'MISSING',
  pressure: 'MISSING',
  standard: 'MISSING',
  dimension: 'MISSING',
  product_type: 'MISSING',
  dimension_unit: 'MISSING'
}
Failed to parse comparison for match 3066: {
  grade: 'MISSING',
  length: 'MISSING',
  material: 'MISSING',
  pressure: 'MISSING',
  standard: 'MISSING',
  dimension: 'MISSING',
  product_type: 'MISSING',
  dimension_unit: 'MISSING'
}
Failed to parse comparison for match 3067: {
  grade: 'MISSING',
  length: 'MISSING',
  material: 'MISSING',
  pressure: 'MISSING',
  standard: 'MISSING',
  dimension: 'MISSING',
  product_type: 'MISSING',
  dimension_unit: 'MISSING'
}
Failed to parse comparison for match 3068: {
  grade: 'MISSING',
  length: 'MISSING',
  material: 'MISSING',
  pressure: 'MISSING',
  standard: 'MISSING',
  dimension: 'MISSING',
  product_type: 'MISSING',
  dimension_unit: 'MISSING'
}
Failed to parse comparison for match 3069: {
  grade: 'MISSING',
  length: 'MISSING',
  material: 'MISSING',
  pressure: 'MISSING',
  standard: 'MISSING',
  dimension: 'MISSING',
  product_type: 'MISSING',
  dimension_unit: 'MISSING'
}
Failed to parse comparison for match 3070: {
  grade: 'MISSING',
  length: 'MISSING',
  material: 'MISSING',
  pressure: 'MISSING',
  standard: 'MISSING',
  dimension: 'MISSING',
  product_type: 'MISSING',
  dimension_unit: 'MISSING'
}
Failed to parse comparison for match 3071: {
  grade: 'MISSING',
  length: 'MISSING',
  material: 'MISSING',
  pressure: 'MISSING',
  standard: 'MISSING',
  dimension: 'MISSING',
  product_type: 'MISSING',
  dimension_unit: 'MISSING'
}
Failed to parse comparison for match 3072: {
  grade: 'MISSING',
  length: 'MISSING',
  material: 'MISSING',
  pressure: 'MISSING',
  standard: 'MISSING',
  dimension: 'MISSING',
  product_type: 'MISSING',
  dimension_unit: 'MISSING'
}
Failed to parse comparison for match 3073: {
  grade: 'MISSING',
  length: 'MISSING',
  material: 'MISSING',
  pressure: 'MISSING',
  standard: 'MISSING',
  dimension: 'MISSING',
  product_type: 'MISSING',
  dimension_unit: 'MISSING'
}
Failed to parse comparison for match 3074: {
  grade: 'MISSING',
  length: 'MISSING',
  material: 'MISSING',
  pressure: 'MISSING',
  standard: 'MISSING',
  dimension: 'MISSING',
  product_type: 'MISSING',
  dimension_unit: 'MISSING'
}
Failed to parse comparison for match 3075: {
  grade: 'MISSING',
  length: 'MISSING',
  material: 'MISSING',
  pressure: 'MISSING',
  standard: 'MISSING',
  dimension: 'MISSING',
  product_type: 'MISSING',
  dimension_unit: 'MISSING'
}
Failed to parse comparison for match 3076: {
  grade: 'MISSING',
  length: 'MISSING',
  material: 'MISSING',
  pressure: 'MISSING',
  standard: 'MISSING',
  dimension: 'MISSING',
  product_type: 'MISSING',
  dimension_unit: 'MISSING'
}
Failed to parse comparison for match 3077: {
  grade: 'MISSING',
  length: 'MISSING',
  material: 'MISSING',
  pressure: 'MISSING',
  standard: 'MISSING',
  dimension: 'MISSING',
  product_type: 'MISSING',
  dimension_unit: 'MISSING'
}
Failed to parse comparison for match 3078: {
  grade: 'MISSING',
  length: 'MISSING',
  material: 'MISSING',
  pressure: 'MISSING',
  standard: 'MISSING',
  dimension: 'MISSING',
  product_type: 'MISSING',
  dimension_unit: 'MISSING'
}
Failed to parse comparison for match 3079: {
  grade: 'MISSING',
  length: 'MISSING',
  material: 'MISSING',
  pressure: 'MISSING',
  standard: 'MISSING',
  dimension: 'MISSING',
  product_type: 'MISSING',
  dimension_unit: 'MISSING'
}
Failed to parse comparison for match 3080: {
  grade: 'MISSING',
  length: 'MISSING',
  material: 'MISSING',
  pressure: 'MISSING',
  standard: 'MISSING',
  dimension: 'MISSING',
  product_type: 'MISSING',
  dimension_unit: 'MISSING'
}
Failed to parse comparison for match 3081: {
  grade: 'MISSING',
  length: 'MISSING',
  material: 'MISSING',
  pressure: 'MISSING',
  standard: 'MISSING',
  dimension: 'MISSING',
  product_type: 'MISSING',
  dimension_unit: 'MISSING'
}
Failed to parse comparison for match 3082: {
  grade: 'MISSING',
  length: 'MISSING',
  material: 'MISSING',
  pressure: 'MISSING',
  standard: 'MISSING',
  dimension: 'MISSING',
  product_type: 'MISSING',
  dimension_unit: 'MISSING'
}
Failed to parse comparison for match 3083: {
  grade: 'MISSING',
  length: 'MISSING',
  material: 'MISSING',
  pressure: 'MISSING',
  standard: 'MISSING',
  dimension: 'MISSING',
  product_type: 'MISSING',
  dimension_unit: 'MISSING'
}
Failed to parse comparison for match 3084: {
  grade: 'MISSING',
  length: 'MISSING',
  material: 'MISSING',
  pressure: 'MISSING',
  standard: 'MISSING',
  dimension: 'MISSING',
  product_type: 'MISSING',
  dimension_unit: 'MISSING'
}
Failed to parse comparison for match 3085: {
  grade: 'MISSING',
  length: 'MISSING',
  material: 'MISSING',
  pressure: 'MISSING',
  standard: 'MISSING',
  dimension: 'MISSING',
  product_type: 'MISSING',
  dimension_unit: 'MISSING'
}
Failed to parse comparison for match 3086: {
  grade: 'MISSING',
  length: 'MISSING',
  material: 'MISSING',
  pressure: 'MISSING',
  standard: 'MISSING',
  dimension: 'MISSING',
  product_type: 'MISSING',
  dimension_unit: 'MISSING'
}
Failed to parse comparison for match 3087: {
  grade: 'MISSING',
  length: 'MISSING',
  material: 'MISSING',
  pressure: 'MISSING',
  standard: 'MISSING',
  dimension: 'MISSING',
  product_type: 'MISSING',
  dimension_unit: 'MISSING'
}
Failed to parse comparison for match 3088: {
  grade: 'MISSING',
  length: 'MISSING',
  material: 'MISSING',
  pressure: 'MISSING',
  standard: 'MISSING',
  dimension: 'MISSING',
  product_type: 'MISSING',
  dimension_unit: 'MISSING'
}
Failed to parse comparison for match 3089: {
  grade: 'MISSING',
  length: 'MISSING',
  material: 'MISSING',
  pressure: 'MISSING',
  standard: 'MISSING',
  dimension: 'MISSING',
  product_type: 'MISSING',
  dimension_unit: 'MISSING'
}
Failed to parse comparison for match 3090: {
  grade: 'MISSING',
  length: 'MISSING',
  material: 'MISSING',
  pressure: 'MISSING',
  standard: 'MISSING',
  dimension: 'MISSING',
  product_type: 'MISSING',
  dimension_unit: 'MISSING'
}
Failed to parse comparison for match 3091: {
  grade: 'MISSING',
  length: 'MISSING',
  material: 'MISSING',
  pressure: 'MISSING',
  standard: 'MISSING',
  dimension: 'MISSING',
  product_type: 'MISSING',
  dimension_unit: 'MISSING'
}
Failed to parse comparison for match 3092: {
  grade: 'MISSING',
  length: 'MISSING',
  material: 'MISSING',
  pressure: 'MISSING',
  standard: 'MISSING',
  dimension: 'MISSING',
  product_type: 'MISSING',
  dimension_unit: 'MISSING'
}
Failed to parse comparison for match 3093: {
  grade: 'MISSING',
  length: 'MISSING',
  material: 'MISSING',
  pressure: 'MISSING',
  standard: 'MISSING',
  dimension: 'MISSING',
  product_type: 'MISSING',
  dimension_unit: 'MISSING'
}
Failed to parse comparison for match 3094: {
  grade: 'MISSING',
  length: 'MISSING',
  material: 'MISSING',
  pressure: 'MISSING',
  standard: 'MISSING',
  dimension: 'MISSING',
  product_type: 'MISSING',
  dimension_unit: 'MISSING'
}
Failed to parse comparison for match 3095: {
  grade: 'MISSING',
  length: 'MISSING',
  material: 'MISSING',
  pressure: 'MISSING',
  standard: 'MISSING',
  dimension: 'MISSING',
  product_type: 'MISSING',
  dimension_unit: 'MISSING'
}
Failed to parse comparison for match 3096: {
  grade: 'MISSING',
  length: 'MISSING',
  material: 'MISSING',
  pressure: 'MISSING',
  standard: 'MISSING',
  dimension: 'MISSING',
  product_type: 'MISSING',
  dimension_unit: 'MISSING'
}
Failed to parse comparison for match 3097: {
  grade: 'MISSING',
  length: 'MISSING',
  material: 'MISSING',
  pressure: 'MISSING',
  standard: 'MISSING',
  dimension: 'MISSING',
  product_type: 'MISSING',
  dimension_unit: 'MISSING'
}
Failed to parse comparison for match 3098: {
  grade: 'MISSING',
  length: 'MISSING',
  material: 'MISSING',
  pressure: 'MISSING',
  standard: 'MISSING',
  dimension: 'MISSING',
  product_type: 'MISSING',
  dimension_unit: 'MISSING'
}
Failed to parse comparison for match 3099: {
  grade: 'MISSING',
  length: 'MISSING',
  material: 'MISSING',
  pressure: 'MISSING',
  standard: 'MISSING',
  dimension: 'MISSING',
  product_type: 'MISSING',
  dimension_unit: 'MISSING'
}
Failed to parse comparison for match 3100: {
  grade: 'MISSING',
  length: 'MISSING',
  material: 'MISSING',
  pressure: 'MISSING',
  standard: 'MISSING',
  dimension: 'MISSING',
  product_type: 'MISSING',
  dimension_unit: 'MISSING'
}
Failed to parse comparison for match 3101: {
  grade: 'MISSING',
  length: 'MISSING',
  material: 'MISSING',
  pressure: 'MISSING',
  standard: 'MISSING',
  dimension: 'MISSING',
  product_type: 'MISSING',
  dimension_unit: 'MISSING'
}
Failed to parse comparison for match 3102: {
  grade: 'MISSING',
  length: 'MISSING',
  material: 'MISSING',
  pressure: 'MISSING',
  standard: 'MISSING',
  dimension: 'MISSING',
  product_type: 'MISSING',
  dimension_unit: 'MISSING'
}
Failed to parse comparison for match 3103: {
  grade: 'MISSING',
  length: 'MISSING',
  material: 'MISSING',
  pressure: 'MISSING',
  standard: 'MISSING',
  dimension: 'MISSING',
  product_type: 'MISSING',
  dimension_unit: 'MISSING'
}
Failed to parse comparison for match 3104: {
  grade: 'MISSING',
  length: 'MISSING',
  material: 'MISSING',
  pressure: 'MISSING',
  standard: 'MISSING',
  dimension: 'MISSING',
  product_type: 'MISSING',
  dimension_unit: 'MISSING'
}
Failed to parse comparison for match 3105: {
  grade: 'MISSING',
  length: 'MISSING',
  material: 'MISSING',
  pressure: 'MISSING',
  standard: 'MISSING',
  dimension: 'MISSING',
  product_type: 'MISSING',
  dimension_unit: 'MISSING'
}
Failed to parse comparison for match 3106: {
  grade: 'MISSING',
  length: 'MISSING',
  material: 'MISSING',
  pressure: 'MISSING',
  standard: 'MISSING',
  dimension: 'MISSING',
  product_type: 'MISSING',
  dimension_unit: 'MISSING'
}
Failed to parse comparison for match 3107: {
  grade: 'MISSING',
  length: 'MISSING',
  material: 'MISSING',
  pressure: 'MISSING',
  standard: 'MISSING',
  dimension: 'MISSING',
  product_type: 'MISSING',
  dimension_unit: 'MISSING'
}
Failed to parse comparison for match 3108: {
  grade: 'MISSING',
  length: 'MISSING',
  material: 'MISSING',
  pressure: 'MISSING',
  standard: 'MISSING',
  dimension: 'MISSING',
  product_type: 'MISSING',
  dimension_unit: 'MISSING'
}
Failed to parse comparison for match 3109: {
  grade: 'MISSING',
  length: 'MISSING',
  material: 'MISSING',
  pressure: 'MISSING',
  standard: 'MISSING',
  dimension: 'MISSING',
  product_type: 'MISSING',
  dimension_unit: 'MISSING'
}
Failed to parse comparison for match 3110: {
  grade: 'MISSING',
  length: 'MISSING',
  material: 'MISSING',
  pressure: 'MISSING',
  standard: 'MISSING',
  dimension: 'MISSING',
  product_type: 'MISSING',
  dimension_unit: 'MISSING'
}
Failed to parse comparison for match 3111: {
  grade: 'MISSING',
  length: 'MISSING',
  material: 'MISSING',
  pressure: 'MISSING',
  standard: 'MISSING',
  dimension: 'MISSING',
  product_type: 'MISSING',
  dimension_unit: 'MISSING'
}
Failed to parse comparison for match 3112: {
  grade: 'MISSING',
  length: 'MISSING',
  material: 'MISSING',
  pressure: 'MISSING',
  standard: 'MISSING',
  dimension: 'MISSING',
  product_type: 'MISSING',
  dimension_unit: 'MISSING'
}
Failed to parse comparison for match 3113: {
  grade: 'MISSING',
  length: 'MISSING',
  material: 'MISSING',
  pressure: 'MISSING',
  standard: 'MISSING',
  dimension: 'MISSING',
  product_type: 'MISSING',
  dimension_unit: 'MISSING'
}
Failed to parse comparison for match 3114: {
  grade: 'MISSING',
  length: 'MISSING',
  material: 'MISSING',
  pressure: 'MISSING',
  standard: 'MISSING',
  dimension: 'MISSING',
  product_type: 'MISSING',
  dimension_unit: 'MISSING'
}
Failed to parse comparison for match 3115: {
  grade: 'MISSING',
  length: 'MISSING',
  material: 'MISSING',
  pressure: 'MISSING',
  standard: 'MISSING',
  dimension: 'MISSING',
  product_type: 'MISSING',
  dimension_unit: 'MISSING'
}
Failed to parse comparison for match 3116: {
  grade: 'MISSING',
  length: 'MISSING',
  material: 'MISSING',
  pressure: 'MISSING',
  standard: 'MISSING',
  dimension: 'MISSING',
  product_type: 'MISSING',
  dimension_unit: 'MISSING'
}
Failed to parse comparison for match 3117: {
  grade: 'MISSING',
  length: 'MISSING',
  material: 'MISSING',
  pressure: 'MISSING',
  standard: 'MISSING',
  dimension: 'MISSING',
  product_type: 'MISSING',
  dimension_unit: 'MISSING'
}
Failed to parse comparison for match 3118: {
  grade: 'MISSING',
  length: 'MISSING',
  material: 'MISSING',
  pressure: 'MISSING',
  standard: 'MISSING',
  dimension: 'MISSING',
  product_type: 'MISSING',
  dimension_unit: 'MISSING'
}
Failed to parse comparison for match 3119: {
  grade: 'MISSING',
  length: 'MISSING',
  material: 'MISSING',
  pressure: 'MISSING',
  standard: 'MISSING',
  dimension: 'MISSING',
  product_type: 'MISSING',
  dimension_unit: 'MISSING'
}
Failed to parse comparison for match 3120: {
  grade: 'MISSING',
  length: 'MISSING',
  material: 'MISSING',
  pressure: 'MISSING',
  standard: 'MISSING',
  dimension: 'MISSING',
  product_type: 'MISSING',
  dimension_unit: 'MISSING'
}
Failed to parse comparison for match 3121: {
  grade: 'MISSING',
  length: 'MISSING',
  material: 'MISSING',
  pressure: 'MISSING',
  standard: 'MISSING',
  dimension: 'MISSING',
  product_type: 'MISSING',
  dimension_unit: 'MISSING'
}
Failed to parse comparison for match 3122: {
  grade: 'MISSING',
  length: 'MISSING',
  material: 'MISSING',
  pressure: 'MISSING',
  standard: 'MISSING',
  dimension: 'MISSING',
  product_type: 'MISSING',
  dimension_unit: 'MISSING'
}
Failed to parse comparison for match 3123: {
  grade: 'MISSING',
  length: 'MISSING',
  material: 'MISSING',
  pressure: 'MISSING',
  standard: 'MISSING',
  dimension: 'MISSING',
  product_type: 'MISSING',
  dimension_unit: 'MISSING'
}
Failed to parse comparison for match 3124: {
  grade: 'MISSING',
  length: 'MISSING',
  material: 'MISSING',
  pressure: 'MISSING',
  standard: 'MISSING',
  dimension: 'MISSING',
  product_type: 'MISSING',
  dimension_unit: 'MISSING'
}
Failed to parse comparison for match 3125: {
  grade: 'MISSING',
  length: 'MISSING',
  material: 'MISSING',
  pressure: 'MISSING',
  standard: 'MISSING',
  dimension: 'MISSING',
  product_type: 'MISSING',
  dimension_unit: 'MISSING'
}
Failed to parse comparison for match 3126: {
  grade: 'MISSING',
  length: 'MISSING',
  material: 'MISSING',
  pressure: 'MISSING',
  standard: 'MISSING',
  dimension: 'MISSING',
  product_type: 'MISSING',
  dimension_unit: 'MISSING'
}
Failed to parse comparison for match 3127: {
  grade: 'MISSING',
  length: 'MISSING',
  material: 'MISSING',
  pressure: 'MISSING',
  standard: 'MISSING',
  dimension: 'MISSING',
  product_type: 'MISSING',
  dimension_unit: 'MISSING'
}
Failed to parse comparison for match 3128: {
  grade: 'MISSING',
  length: 'MISSING',
  material: 'MISSING',
  pressure: 'MISSING',
  standard: 'MISSING',
  dimension: 'MISSING',
  product_type: 'MISSING',
  dimension_unit: 'MISSING'
}
Failed to parse comparison for match 3129: {
  grade: 'MISSING',
  length: 'MISSING',
  material: 'MISSING',
  pressure: 'MISSING',
  standard: 'MISSING',
  dimension: 'MISSING',
  product_type: 'MISSING',
  dimension_unit: 'MISSING'
}
Failed to parse comparison for match 3130: {
  grade: 'MISSING',
  length: 'MISSING',
  material: 'MISSING',
  pressure: 'MISSING',
  standard: 'MISSING',
  dimension: 'MISSING',
  product_type: 'MISSING',
  dimension_unit: 'MISSING'
}
Failed to parse comparison for match 3131: {
  grade: 'MISSING',
  length: 'MISSING',
  material: 'MISSING',
  pressure: 'MISSING',
  standard: 'MISSING',
  dimension: 'MISSING',
  product_type: 'MISSING',
  dimension_unit: 'MISSING'
}
Failed to parse comparison for match 3132: {
  grade: 'MISSING',
  length: 'MISSING',
  material: 'MISSING',
  pressure: 'MISSING',
  standard: 'MISSING',
  dimension: 'MISSING',
  product_type: 'MISSING',
  dimension_unit: 'MISSING'
}
Failed to parse comparison for match 3133: {
  grade: 'MISSING',
  length: 'MISSING',
  material: 'MISSING',
  pressure: 'MISSING',
  standard: 'MISSING',
  dimension: 'MISSING',
  product_type: 'MISSING',
  dimension_unit: 'MISSING'
}
Failed to parse comparison for match 3134: {
  grade: 'MISSING',
  length: 'MISSING',
  material: 'MISSING',
  pressure: 'MISSING',
  standard: 'MISSING',
  dimension: 'MISSING',
  product_type: 'MISSING',
  dimension_unit: 'MISSING'
}
Failed to parse comparison for match 3135: {
  grade: 'MISSING',
  length: 'MISSING',
  material: 'MISSING',
  pressure: 'MISSING',
  standard: 'MISSING',
  dimension: 'MISSING',
  product_type: 'MISSING',
  dimension_unit: 'MISSING'
}
Failed to parse comparison for match 3136: {
  grade: 'MISSING',
  length: 'MISSING',
  material: 'MISSING',
  pressure: 'MISSING',
  standard: 'MISSING',
  dimension: 'MISSING',
  product_type: 'MISSING',
  dimension_unit: 'MISSING'
}
Failed to parse comparison for match 3137: {
  grade: 'MISSING',
  length: 'MISSING',
  material: 'MISSING',
  pressure: 'MISSING',
  standard: 'MISSING',
  dimension: 'MISSING',
  product_type: 'MISSING',
  dimension_unit: 'MISSING'
}
Failed to parse comparison for match 3138: {
  grade: 'MISSING',
  length: 'MISSING',
  material: 'MISSING',
  pressure: 'MISSING',
  standard: 'MISSING',
  dimension: 'MISSING',
  product_type: 'MISSING',
  dimension_unit: 'MISSING'
}
Failed to parse comparison for match 3139: {
  grade: 'MISSING',
  length: 'MISSING',
  material: 'MISSING',
  pressure: 'MISSING',
  standard: 'MISSING',
  dimension: 'MISSING',
  product_type: 'MISSING',
  dimension_unit: 'MISSING'
}
Failed to parse comparison for match 3140: {
  grade: 'MISSING',
  length: 'MISSING',
  material: 'MISSING',
  pressure: 'MISSING',
  standard: 'MISSING',
  dimension: 'MISSING',
  product_type: 'MISSING',
  dimension_unit: 'MISSING'
}
Failed to parse comparison for match 3141: {
  grade: 'MISSING',
  length: 'MISSING',
  material: 'MISSING',
  pressure: 'MISSING',
  standard: 'MISSING',
  dimension: 'MISSING',
  product_type: 'MISSING',
  dimension_unit: 'MISSING'
}
Failed to parse comparison for match 3142: {
  grade: 'MISSING',
  length: 'MISSING',
  material: 'MISSING',
  pressure: 'MISSING',
  standard: 'MISSING',
  dimension: 'MISSING',
  product_type: 'MISSING',
  dimension_unit: 'MISSING'
}
Failed to parse comparison for match 3143: {
  grade: 'MISSING',
  length: 'MISSING',
  material: 'MISSING',
  pressure: 'MISSING',
  standard: 'MISSING',
  dimension: 'MISSING',
  product_type: 'MISSING',
  dimension_unit: 'MISSING'
}
Failed to parse comparison for match 3144: {
  grade: 'MISSING',
  length: 'MISSING',
  material: 'MISSING',
  pressure: 'MISSING',
  standard: 'MISSING',
  dimension: 'MISSING',
  product_type: 'MISSING',
  dimension_unit: 'MISSING'
}
Failed to parse comparison for match 3145: {
  grade: 'MISSING',
  length: 'MISSING',
  material: 'MISSING',
  pressure: 'MISSING',
  standard: 'MISSING',
  dimension: 'MISSING',
  product_type: 'MISSING',
  dimension_unit: 'MISSING'
}
Failed to parse comparison for match 3146: {
  grade: 'MISSING',
  length: 'MISSING',
  material: 'MISSING',
  pressure: 'MISSING',
  standard: 'MISSING',
  dimension: 'MISSING',
  product_type: 'MISSING',
  dimension_unit: 'MISSING'
}
Failed to parse comparison for match 3147: {
  grade: 'MISSING',
  length: 'MISSING',
  material: 'MISSING',
  pressure: 'MISSING',
  standard: 'MISSING',
  dimension: 'MISSING',
  product_type: 'MISSING',
  dimension_unit: 'MISSING'
}
Failed to parse comparison for match 3148: {
  grade: 'MISSING',
  length: 'MISSING',
  material: 'MISSING',
  pressure: 'MISSING',
  standard: 'MISSING',
  dimension: 'MISSING',
  product_type: 'MISSING',
  dimension_unit: 'MISSING'
}
Failed to parse comparison for match 3149: {
  grade: 'MISSING',
  length: 'MISSING',
  material: 'MISSING',
  pressure: 'MISSING',
  standard: 'MISSING',
  dimension: 'MISSING',
  product_type: 'MISSING',
  dimension_unit: 'MISSING'
}
Failed to parse comparison for match 3150: {
  grade: 'MISSING',
  length: 'MISSING',
  material: 'MISSING',
  pressure: 'MISSING',
  standard: 'MISSING',
  dimension: 'MISSING',
  product_type: 'MISSING',
  dimension_unit: 'MISSING'
}
Failed to parse comparison for match 3151: {
  grade: 'MISSING',
  length: 'MISSING',
  material: 'MISSING',
  pressure: 'MISSING',
  standard: 'MISSING',
  dimension: 'MISSING',
  product_type: 'MISSING',
  dimension_unit: 'MISSING'
}
Failed to parse comparison for match 3152: {
  grade: 'MISSING',
  length: 'MISSING',
  material: 'MISSING',
  pressure: 'MISSING',
  standard: 'MISSING',
  dimension: 'MISSING',
  product_type: 'MISSING',
  dimension_unit: 'MISSING'
}
Failed to parse comparison for match 3153: {
  grade: 'MISSING',
  length: 'MISSING',
  material: 'MISSING',
  pressure: 'MISSING',
  standard: 'MISSING',
  dimension: 'MISSING',
  product_type: 'MISSING',
  dimension_unit: 'MISSING'
}
Failed to parse comparison for match 3154: {
  grade: 'MISSING',
  length: 'MISSING',
  material: 'MISSING',
  pressure: 'MISSING',
  standard: 'MISSING',
  dimension: 'MISSING',
  product_type: 'MISSING',
  dimension_unit: 'MISSING'
}
Failed to parse comparison for match 3155: {
  grade: 'MISSING',
  length: 'MISSING',
  material: 'MISSING',
  pressure: 'MISSING',
  standard: 'MISSING',
  dimension: 'MISSING',
  product_type: 'MISSING',
  dimension_unit: 'MISSING'
}
Failed to parse comparison for match 3156: {
  grade: 'MISSING',
  length: 'MISSING',
  material: 'MISSING',
  pressure: 'MISSING',
  standard: 'MISSING',
  dimension: 'MISSING',
  product_type: 'MISSING',
  dimension_unit: 'MISSING'
}
Failed to parse comparison for match 3157: {
  grade: 'MISSING',
  length: 'MISSING',
  material: 'MISSING',
  pressure: 'MISSING',
  standard: 'MISSING',
  dimension: 'MISSING',
  product_type: 'MISSING',
  dimension_unit: 'MISSING'
}
Failed to parse comparison for match 3158: {
  grade: 'MISSING',
  length: 'MISSING',
  material: 'MISSING',
  pressure: 'MISSING',
  standard: 'MISSING',
  dimension: 'MISSING',
  product_type: 'MISSING',
  dimension_unit: 'MISSING'
}
Failed to parse comparison for match 3159: {
  grade: 'MISSING',
  length: 'MISSING',
  material: 'MISSING',
  pressure: 'MISSING',
  standard: 'MISSING',
  dimension: 'MISSING',
  product_type: 'MISSING',
  dimension_unit: 'MISSING'
}
Failed to parse comparison for match 3160: {
  grade: 'MISSING',
  length: 'MISSING',
  material: 'MISSING',
  pressure: 'MISSING',
  standard: 'MISSING',
  dimension: 'MISSING',
  product_type: 'MISSING',
  dimension_unit: 'MISSING'
}
Failed to parse comparison for match 3161: {
  grade: 'MISSING',
  length: 'MISSING',
  material: 'MISSING',
  pressure: 'MISSING',
  standard: 'MISSING',
  dimension: 'MISSING',
  product_type: 'MISSING',
  dimension_unit: 'MISSING'
}
Failed to parse comparison for match 3162: {
  grade: 'MISSING',
  length: 'MISSING',
  material: 'MISSING',
  pressure: 'MISSING',
  standard: 'MISSING',
  dimension: 'MISSING',
  product_type: 'MISSING',
  dimension_unit: 'MISSING'
}
Failed to parse comparison for match 3163: {
  grade: 'MISSING',
  length: 'MISSING',
  material: 'MISSING',
  pressure: 'MISSING',
  standard: 'MISSING',
  dimension: 'MISSING',
  product_type: 'MISSING',
  dimension_unit: 'MISSING'
}
Failed to parse comparison for match 3164: {
  grade: 'MISSING',
  length: 'MISSING',
  material: 'MISSING',
  pressure: 'MISSING',
  standard: 'MISSING',
  dimension: 'MISSING',
  product_type: 'MISSING',
  dimension_unit: 'MISSING'
}
Failed to parse comparison for match 3165: {
  grade: 'MISSING',
  length: 'MISSING',
  material: 'MISSING',
  pressure: 'MISSING',
  standard: 'MISSING',
  dimension: 'MISSING',
  product_type: 'MISSING',
  dimension_unit: 'MISSING'
}
Failed to parse comparison for match 3166: {
  grade: 'MISSING',
  length: 'MISSING',
  material: 'MISSING',
  pressure: 'MISSING',
  standard: 'MISSING',
  dimension: 'MISSING',
  product_type: 'MISSING',
  dimension_unit: 'MISSING'
}
Failed to parse comparison for match 3167: {
  grade: 'MISSING',
  length: 'MISSING',
  material: 'MISSING',
  pressure: 'MISSING',
  standard: 'MISSING',
  dimension: 'MISSING',
  product_type: 'MISSING',
  dimension_unit: 'MISSING'
}
Failed to parse comparison for match 3168: {
  grade: 'MISSING',
  length: 'MISSING',
  material: 'MISSING',
  pressure: 'MISSING',
  standard: 'MISSING',
  dimension: 'MISSING',
  product_type: 'MISSING',
  dimension_unit: 'MISSING'
}
Failed to parse comparison for match 3169: {
  grade: 'MISSING',
  length: 'MISSING',
  material: 'MISSING',
  pressure: 'MISSING',
  standard: 'MISSING',
  dimension: 'MISSING',
  product_type: 'MISSING',
  dimension_unit: 'MISSING'
}
Failed to parse comparison for match 3170: {
  grade: 'MISSING',
  length: 'MISSING',
  material: 'MISSING',
  pressure: 'MISSING',
  standard: 'MISSING',
  dimension: 'MISSING',
  product_type: 'MISSING',
  dimension_unit: 'MISSING'
}
Failed to parse comparison for match 3171: {
  grade: 'MISSING',
  length: 'MISSING',
  material: 'MISSING',
  pressure: 'MISSING',
  standard: 'MISSING',
  dimension: 'MISSING',
  product_type: 'MISSING',
  dimension_unit: 'MISSING'
}
Failed to parse comparison for match 3172: {
  grade: 'MISSING',
  length: 'MISSING',
  material: 'MISSING',
  pressure: 'MISSING',
  standard: 'MISSING',
  dimension: 'MISSING',
  product_type: 'MISSING',
  dimension_unit: 'MISSING'
}
Failed to parse comparison for match 3173: {
  grade: 'MISSING',
  length: 'MISSING',
  material: 'MISSING',
  pressure: 'MISSING',
  standard: 'MISSING',
  dimension: 'MISSING',
  product_type: 'MISSING',
  dimension_unit: 'MISSING'
}
Failed to parse comparison for match 3174: {
  grade: 'MISSING',
  length: 'MISSING',
  material: 'MISSING',
  pressure: 'MISSING',
  standard: 'MISSING',
  dimension: 'MISSING',
  product_type: 'MISSING',
  dimension_unit: 'MISSING'
}
Failed to parse comparison for match 3175: {
  grade: 'MISSING',
  length: 'MISSING',
  material: 'MISSING',
  pressure: 'MISSING',
  standard: 'MISSING',
  dimension: 'MISSING',
  product_type: 'MISSING',
  dimension_unit: 'MISSING'
}
Failed to parse comparison for match 3176: {
  grade: 'MISSING',
  length: 'MISSING',
  material: 'MISSING',
  pressure: 'MISSING',
  standard: 'MISSING',
  dimension: 'MISSING',
  product_type: 'MISSING',
  dimension_unit: 'MISSING'
}
Failed to parse comparison for match 3177: {
  grade: 'MISSING',
  length: 'MISSING',
  material: 'MISSING',
  pressure: 'MISSING',
  standard: 'MISSING',
  dimension: 'MISSING',
  product_type: 'MISSING',
  dimension_unit: 'MISSING'
}
Failed to parse comparison for match 3178: {
  grade: 'MISSING',
  length: 'MISSING',
  material: 'MISSING',
  pressure: 'MISSING',
  standard: 'MISSING',
  dimension: 'MISSING',
  product_type: 'MISSING',
  dimension_unit: 'MISSING'
}
Failed to parse comparison for match 3179: {
  grade: 'MISSING',
  length: 'MISSING',
  material: 'MISSING',
  pressure: 'MISSING',
  standard: 'MISSING',
  dimension: 'MISSING',
  product_type: 'MISSING',
  dimension_unit: 'MISSING'
}
Failed to parse comparison for match 3180: {
  grade: 'MISSING',
  length: 'MISSING',
  material: 'MISSING',
  pressure: 'MISSING',
  standard: 'MISSING',
  dimension: 'MISSING',
  product_type: 'MISSING',
  dimension_unit: 'MISSING'
}
Failed to parse comparison for match 3181: {
  grade: 'MISSING',
  length: 'MISSING',
  material: 'MISSING',
  pressure: 'MISSING',
  standard: 'MISSING',
  dimension: 'MISSING',
  product_type: 'MISSING',
  dimension_unit: 'MISSING'
}
Failed to parse comparison for match 3182: {
  grade: 'MISSING',
  length: 'MISSING',
  material: 'MISSING',
  pressure: 'MISSING',
  standard: 'MISSING',
  dimension: 'MISSING',
  product_type: 'MISSING',
  dimension_unit: 'MISSING'
}
Failed to parse comparison for match 3183: {
  grade: 'MISSING',
  length: 'MISSING',
  material: 'MISSING',
  pressure: 'MISSING',
  standard: 'MISSING',
  dimension: 'MISSING',
  product_type: 'MISSING',
  dimension_unit: 'MISSING'
}
Failed to parse comparison for match 3184: {
  grade: 'MISSING',
  length: 'MISSING',
  material: 'MISSING',
  pressure: 'MISSING',
  standard: 'MISSING',
  dimension: 'MISSING',
  product_type: 'MISSING',
  dimension_unit: 'MISSING'
}
Failed to parse comparison for match 3185: {
  grade: 'MISSING',
  length: 'MISSING',
  material: 'MISSING',
  pressure: 'MISSING',
  standard: 'MISSING',
  dimension: 'MISSING',
  product_type: 'MISSING',
  dimension_unit: 'MISSING'
}
Failed to parse comparison for match 3186: {
  grade: 'MISSING',
  length: 'MISSING',
  material: 'MISSING',
  pressure: 'MISSING',
  standard: 'MISSING',
  dimension: 'MISSING',
  product_type: 'MISSING',
  dimension_unit: 'MISSING'
}
Failed to parse comparison for match 3187: {
  grade: 'MISSING',
  length: 'MISSING',
  material: 'MISSING',
  pressure: 'MISSING',
  standard: 'MISSING',
  dimension: 'MISSING',
  product_type: 'MISSING',
  dimension_unit: 'MISSING'
}
Failed to parse comparison for match 3188: {
  grade: 'MISSING',
  length: 'MISSING',
  material: 'MISSING',
  pressure: 'MISSING',
  standard: 'MISSING',
  dimension: 'MISSING',
  product_type: 'MISSING',
  dimension_unit: 'MISSING'
}
Failed to parse comparison for match 3189: {
  grade: 'MISSING',
  length: 'MISSING',
  material: 'MISSING',
  pressure: 'MISSING',
  standard: 'MISSING',
  dimension: 'MISSING',
  product_type: 'MISSING',
  dimension_unit: 'MISSING'
}
Failed to parse comparison for match 3190: {
  grade: 'MISSING',
  length: 'MISSING',
  material: 'MISSING',
  pressure: 'MISSING',
  standard: 'MISSING',
  dimension: 'MISSING',
  product_type: 'MISSING',
  dimension_unit: 'MISSING'
}
Failed to parse comparison for match 3191: {
  grade: 'MISSING',
  length: 'MISSING',
  material: 'MISSING',
  pressure: 'MISSING',
  standard: 'MISSING',
  dimension: 'MISSING',
  product_type: 'MISSING',
  dimension_unit: 'MISSING'
}
Failed to parse comparison for match 3192: {
  grade: 'MISSING',
  length: 'MISSING',
  material: 'MISSING',
  pressure: 'MISSING',
  standard: 'MISSING',
  dimension: 'MISSING',
  product_type: 'MISSING',
  dimension_unit: 'MISSING'
}
Failed to parse comparison for match 3193: {
  grade: 'MISSING',
  length: 'MISSING',
  material: 'MISSING',
  pressure: 'MISSING',
  standard: 'MISSING',
  dimension: 'MISSING',
  product_type: 'MISSING',
  dimension_unit: 'MISSING'
}
Failed to parse comparison for match 3194: {
  grade: 'MISSING',
  length: 'MISSING',
  material: 'MISSING',
  pressure: 'MISSING',
  standard: 'MISSING',
  dimension: 'MISSING',
  product_type: 'MISSING',
  dimension_unit: 'MISSING'
}
Failed to parse comparison for match 3195: {
  grade: 'MISSING',
  length: 'MISSING',
  material: 'MISSING',
  pressure: 'MISSING',
  standard: 'MISSING',
  dimension: 'MISSING',
  product_type: 'MISSING',
  dimension_unit: 'MISSING'
}
Failed to parse comparison for match 3196: {
  grade: 'MISSING',
  length: 'MISSING',
  material: 'MISSING',
  pressure: 'MISSING',
  standard: 'MISSING',
  dimension: 'MISSING',
  product_type: 'MISSING',
  dimension_unit: 'MISSING'
}
Failed to parse comparison for match 3197: {
  grade: 'MISSING',
  length: 'MISSING',
  material: 'MISSING',
  pressure: 'MISSING',
  standard: 'MISSING',
  dimension: 'MISSING',
  product_type: 'MISSING',
  dimension_unit: 'MISSING'
}
Failed to parse comparison for match 3198: {
  grade: 'MISSING',
  length: 'MISSING',
  material: 'MISSING',
  pressure: 'MISSING',
  standard: 'MISSING',
  dimension: 'MISSING',
  product_type: 'MISSING',
  dimension_unit: 'MISSING'
}
Failed to parse comparison for match 3199: {
  grade: 'MISSING',
  length: 'MISSING',
  material: 'MISSING',
  pressure: 'MISSING',
  standard: 'MISSING',
  dimension: 'MISSING',
  product_type: 'MISSING',
  dimension_unit: 'MISSING'
}
Failed to parse comparison for match 3200: {
  grade: 'MISSING',
  length: 'MISSING',
  material: 'MISSING',
  pressure: 'MISSING',
  standard: 'MISSING',
  dimension: 'MISSING',
  product_type: 'MISSING',
  dimension_unit: 'MISSING'
}
Failed to parse comparison for match 3201: {
  grade: 'MISSING',
  length: 'MISSING',
  material: 'MISSING',
  pressure: 'MISSING',
  standard: 'MISSING',
  dimension: 'MISSING',
  product_type: 'MISSING',
  dimension_unit: 'MISSING'
}
Failed to parse comparison for match 3202: {
  grade: 'MISSING',
  length: 'MISSING',
  material: 'MISSING',
  pressure: 'MISSING',
  standard: 'MISSING',
  dimension: 'MISSING',
  product_type: 'MISSING',
  dimension_unit: 'MISSING'
}
Failed to parse comparison for match 3203: {
  grade: 'MISSING',
  length: 'MISSING',
  material: 'MISSING',
  pressure: 'MISSING',
  standard: 'MISSING',
  dimension: 'MISSING',
  product_type: 'MISSING',
  dimension_unit: 'MISSING'
}
Failed to parse comparison for match 3204: {
  grade: 'MISSING',
  length: 'MISSING',
  material: 'MISSING',
  pressure: 'MISSING',
  standard: 'MISSING',
  dimension: 'MISSING',
  product_type: 'MISSING',
  dimension_unit: 'MISSING'
}
Failed to parse comparison for match 3205: {
  grade: 'MISSING',
  length: 'MISSING',
  material: 'MISSING',
  pressure: 'MISSING',
  standard: 'MISSING',
  dimension: 'MISSING',
  product_type: 'MISSING',
  dimension_unit: 'MISSING'
}
Failed to parse comparison for match 3206: {
  grade: 'MISSING',
  length: 'MISSING',
  material: 'MISSING',
  pressure: 'MISSING',
  standard: 'MISSING',
  dimension: 'MISSING',
  product_type: 'MISSING',
  dimension_unit: 'MISSING'
}
Failed to parse comparison for match 3207: {
  grade: 'MISSING',
  length: 'MISSING',
  material: 'MISSING',
  pressure: 'MISSING',
  standard: 'MISSING',
  dimension: 'MISSING',
  product_type: 'MISSING',
  dimension_unit: 'MISSING'
}
Failed to parse comparison for match 3208: {
  grade: 'MISSING',
  length: 'MISSING',
  material: 'MISSING',
  pressure: 'MISSING',
  standard: 'MISSING',
  dimension: 'MISSING',
  product_type: 'MISSING',
  dimension_unit: 'MISSING'
}
Failed to parse comparison for match 3209: {
  grade: 'MISSING',
  length: 'MISSING',
  material: 'MISSING',
  pressure: 'MISSING',
  standard: 'MISSING',
  dimension: 'MISSING',
  product_type: 'MISSING',
  dimension_unit: 'MISSING'
}
Failed to parse comparison for match 3210: {
  grade: 'MISSING',
  length: 'MISSING',
  material: 'MISSING',
  pressure: 'MISSING',
  standard: 'MISSING',
  dimension: 'MISSING',
  product_type: 'MISSING',
  dimension_unit: 'MISSING'
}
Failed to parse comparison for match 3211: {
  grade: 'MISSING',
  length: 'MISSING',
  material: 'MISSING',
  pressure: 'MISSING',
  standard: 'MISSING',
  dimension: 'MISSING',
  product_type: 'MISSING',
  dimension_unit: 'MISSING'
}
Failed to parse comparison for match 3212: {
  grade: 'MISSING',
  length: 'MISSING',
  material: 'MISSING',
  pressure: 'MISSING',
  standard: 'MISSING',
  dimension: 'MISSING',
  product_type: 'MISSING',
  dimension_unit: 'MISSING'
}
Failed to parse comparison for match 3213: {
  grade: 'MISSING',
  length: 'MISSING',
  material: 'MISSING',
  pressure: 'MISSING',
  standard: 'MISSING',
  dimension: 'MISSING',
  product_type: 'MISSING',
  dimension_unit: 'MISSING'
}
Failed to parse comparison for match 3214: {
  grade: 'MISSING',
  length: 'MISSING',
  material: 'MISSING',
  pressure: 'MISSING',
  standard: 'MISSING',
  dimension: 'MISSING',
  product_type: 'MISSING',
  dimension_unit: 'MISSING'
}
Failed to parse comparison for match 3215: {
  grade: 'MISSING',
  length: 'MISSING',
  material: 'MISSING',
  pressure: 'MISSING',
  standard: 'MISSING',
  dimension: 'MISSING',
  product_type: 'MISSING',
  dimension_unit: 'MISSING'
}
Failed to parse comparison for match 3216: {
  grade: 'MISSING',
  length: 'MISSING',
  material: 'MISSING',
  pressure: 'MISSING',
  standard: 'MISSING',
  dimension: 'MISSING',
  product_type: 'MISSING',
  dimension_unit: 'MISSING'
}
Failed to parse comparison for match 3217: {
  grade: 'MISSING',
  length: 'MISSING',
  material: 'MISSING',
  pressure: 'MISSING',
  standard: 'MISSING',
  dimension: 'MISSING',
  product_type: 'MISSING',
  dimension_unit: 'MISSING'
}
Failed to parse comparison for match 3218: {
  grade: 'MISSING',
  length: 'MISSING',
  material: 'MISSING',
  pressure: 'MISSING',
  standard: 'MISSING',
  dimension: 'MISSING',
  product_type: 'MISSING',
  dimension_unit: 'MISSING'
}
Failed to parse comparison for match 3219: {
  grade: 'MISSING',
  length: 'MISSING',
  material: 'MISSING',
  pressure: 'MISSING',
  standard: 'MISSING',
  dimension: 'MISSING',
  product_type: 'MISSING',
  dimension_unit: 'MISSING'
}
Failed to parse comparison for match 3220: {
  grade: 'MISSING',
  length: 'MISSING',
  material: 'MISSING',
  pressure: 'MISSING',
  standard: 'MISSING',
  dimension: 'MISSING',
  product_type: 'MISSING',
  dimension_unit: 'MISSING'
}
Failed to parse comparison for match 3221: {
  grade: 'MISSING',
  length: 'MISSING',
  material: 'MISSING',
  pressure: 'MISSING',
  standard: 'MISSING',
  dimension: 'MISSING',
  product_type: 'MISSING',
  dimension_unit: 'MISSING'
}
Failed to parse comparison for match 3222: {
  grade: 'MISSING',
  length: 'MISSING',
  material: 'MISSING',
  pressure: 'MISSING',
  standard: 'MISSING',
  dimension: 'MISSING',
  product_type: 'MISSING',
  dimension_unit: 'MISSING'
}
Failed to parse comparison for match 3223: {
  grade: 'MISSING',
  length: 'MISSING',
  material: 'MISSING',
  pressure: 'MISSING',
  standard: 'MISSING',
  dimension: 'MISSING',
  product_type: 'MISSING',
  dimension_unit: 'MISSING'
}
Failed to parse comparison for match 3224: {
  grade: 'MISSING',
  length: 'MISSING',
  material: 'MISSING',
  pressure: 'MISSING',
  standard: 'MISSING',
  dimension: 'MISSING',
  product_type: 'MISSING',
  dimension_unit: 'MISSING'
}
Failed to parse comparison for match 3225: {
  grade: 'MISSING',
  length: 'MISSING',
  material: 'MISSING',
  pressure: 'MISSING',
  standard: 'MISSING',
  dimension: 'MISSING',
  product_type: 'MISSING',
  dimension_unit: 'MISSING'
}
Failed to parse comparison for match 3226: {
  grade: 'MISSING',
  length: 'MISSING',
  material: 'MISSING',
  pressure: 'MISSING',
  standard: 'MISSING',
  dimension: 'MISSING',
  product_type: 'MISSING',
  dimension_unit: 'MISSING'
}
Failed to parse comparison for match 3227: {
  grade: 'MISSING',
  length: 'MISSING',
  material: 'MISSING',
  pressure: 'MISSING',
  standard: 'MISSING',
  dimension: 'MISSING',
  product_type: 'MISSING',
  dimension_unit: 'MISSING'
}
Failed to parse comparison for match 3228: {
  grade: 'MISSING',
  length: 'MISSING',
  material: 'MISSING',
  pressure: 'MISSING',
  standard: 'MISSING',
  dimension: 'MISSING',
  product_type: 'MISSING',
  dimension_unit: 'MISSING'
}
Failed to parse comparison for match 3229: {
  grade: 'MISSING',
  length: 'MISSING',
  material: 'MISSING',
  pressure: 'MISSING',
  standard: 'MISSING',
  dimension: 'MISSING',
  product_type: 'MISSING',
  dimension_unit: 'MISSING'
}
Failed to parse comparison for match 3230: {
  grade: 'MISSING',
  length: 'MISSING',
  material: 'MISSING',
  pressure: 'MISSING',
  standard: 'MISSING',
  dimension: 'MISSING',
  product_type: 'MISSING',
  dimension_unit: 'MISSING'
}
Failed to parse comparison for match 3231: {
  grade: 'MISSING',
  length: 'MISSING',
  material: 'MISSING',
  pressure: 'MISSING',
  standard: 'MISSING',
  dimension: 'MISSING',
  product_type: 'MISSING',
  dimension_unit: 'MISSING'
}
Failed to parse comparison for match 3232: {
  grade: 'MISSING',
  length: 'MISSING',
  material: 'MISSING',
  pressure: 'MISSING',
  standard: 'MISSING',
  dimension: 'MISSING',
  product_type: 'MISSING',
  dimension_unit: 'MISSING'
}
Failed to parse comparison for match 3233: {
  grade: 'MISSING',
  length: 'MISSING',
  material: 'MISSING',
  pressure: 'MISSING',
  standard: 'MISSING',
  dimension: 'MISSING',
  product_type: 'MISSING',
  dimension_unit: 'MISSING'
}
Failed to parse comparison for match 3234: {
  grade: 'MISSING',
  length: 'MISSING',
  material: 'MISSING',
  pressure: 'MISSING',
  standard: 'MISSING',
  dimension: 'MISSING',
  product_type: 'MISSING',
  dimension_unit: 'MISSING'
}
Failed to parse comparison for match 3235: {
  grade: 'MISSING',
  length: 'MISSING',
  material: 'MISSING',
  pressure: 'MISSING',
  standard: 'MISSING',
  dimension: 'MISSING',
  product_type: 'MISSING',
  dimension_unit: 'MISSING'
}
Failed to parse comparison for match 3236: {
  grade: 'MISSING',
  length: 'MISSING',
  material: 'MISSING',
  pressure: 'MISSING',
  standard: 'MISSING',
  dimension: 'MISSING',
  product_type: 'MISSING',
  dimension_unit: 'MISSING'
}
Failed to parse comparison for match 3237: {
  grade: 'MISSING',
  length: 'MISSING',
  material: 'MISSING',
  pressure: 'MISSING',
  standard: 'MISSING',
  dimension: 'MISSING',
  product_type: 'MISSING',
  dimension_unit: 'MISSING'
}
Failed to parse comparison for match 3238: {
  grade: 'MISSING',
  length: 'MISSING',
  material: 'MISSING',
  pressure: 'MISSING',
  standard: 'MISSING',
  dimension: 'MISSING',
  product_type: 'MISSING',
  dimension_unit: 'MISSING'
}
Failed to parse comparison for match 3239: {
  grade: 'MISSING',
  length: 'MISSING',
  material: 'MISSING',
  pressure: 'MISSING',
  standard: 'MISSING',
  dimension: 'MISSING',
  product_type: 'MISSING',
  dimension_unit: 'MISSING'
}
Failed to parse comparison for match 3240: {
  grade: 'MISSING',
  length: 'MISSING',
  material: 'MISSING',
  pressure: 'MISSING',
  standard: 'MISSING',
  dimension: 'MISSING',
  product_type: 'MISSING',
  dimension_unit: 'MISSING'
}
Failed to parse comparison for match 3241: {
  grade: 'MISSING',
  length: 'MISSING',
  material: 'MISSING',
  pressure: 'MISSING',
  standard: 'MISSING',
  dimension: 'MISSING',
  product_type: 'MISSING',
  dimension_unit: 'MISSING'
}
Failed to parse comparison for match 3242: {
  grade: 'MISSING',
  length: 'MISSING',
  material: 'MISSING',
  pressure: 'MISSING',
  standard: 'MISSING',
  dimension: 'MISSING',
  product_type: 'MISSING',
  dimension_unit: 'MISSING'
}
Failed to parse comparison for match 3243: {
  grade: 'MISSING',
  length: 'MISSING',
  material: 'MISSING',
  pressure: 'MISSING',
  standard: 'MISSING',
  dimension: 'MISSING',
  product_type: 'MISSING',
  dimension_unit: 'MISSING'
}
Failed to parse comparison for match 3244: {
  grade: 'MISSING',
  length: 'MISSING',
  material: 'MISSING',
  pressure: 'MISSING',
  standard: 'MISSING',
  dimension: 'MISSING',
  product_type: 'MISSING',
  dimension_unit: 'MISSING'
}
Failed to parse comparison for match 3245: {
  grade: 'MISSING',
  length: 'MISSING',
  material: 'MISSING',
  pressure: 'MISSING',
  standard: 'MISSING',
  dimension: 'MISSING',
  product_type: 'MISSING',
  dimension_unit: 'MISSING'
}
Failed to parse comparison for match 3246: {
  grade: 'MISSING',
  length: 'MISSING',
  material: 'MISSING',
  pressure: 'MISSING',
  standard: 'MISSING',
  dimension: 'MISSING',
  product_type: 'MISSING',
  dimension_unit: 'MISSING'
}
Failed to parse comparison for match 3247: {
  grade: 'MISSING',
  length: 'MISSING',
  material: 'MISSING',
  pressure: 'MISSING',
  standard: 'MISSING',
  dimension: 'MISSING',
  product_type: 'MISSING',
  dimension_unit: 'MISSING'
}
Failed to parse comparison for match 3248: {
  grade: 'MISSING',
  length: 'MISSING',
  material: 'MISSING',
  pressure: 'MISSING',
  standard: 'MISSING',
  dimension: 'MISSING',
  product_type: 'MISSING',
  dimension_unit: 'MISSING'
}
Failed to parse comparison for match 3249: {
  grade: 'MISSING',
  length: 'MISSING',
  material: 'MISSING',
  pressure: 'MISSING',
  standard: 'MISSING',
  dimension: 'MISSING',
  product_type: 'MISSING',
  dimension_unit: 'MISSING'
}
Failed to parse comparison for match 3250: {
  grade: 'MISSING',
  length: 'MISSING',
  material: 'MISSING',
  pressure: 'MISSING',
  standard: 'MISSING',
  dimension: 'MISSING',
  product_type: 'MISSING',
  dimension_unit: 'MISSING'
}
Failed to parse comparison for match 3251: {
  grade: 'MISSING',
  length: 'MISSING',
  material: 'MISSING',
  pressure: 'MISSING',
  standard: 'MISSING',
  dimension: 'MISSING',
  product_type: 'MISSING',
  dimension_unit: 'MISSING'
}
Failed to parse comparison for match 3252: {
  grade: 'MISSING',
  length: 'MISSING',
  material: 'MISSING',
  pressure: 'MISSING',
  standard: 'MISSING',
  dimension: 'MISSING',
  product_type: 'MISSING',
  dimension_unit: 'MISSING'
}
Failed to parse comparison for match 3253: {
  grade: 'MISSING',
  length: 'MISSING',
  material: 'MISSING',
  pressure: 'MISSING',
  standard: 'MISSING',
  dimension: 'MISSING',
  product_type: 'MISSING',
  dimension_unit: 'MISSING'
}
Failed to parse comparison for match 3254: {
  grade: 'MISSING',
  length: 'MISSING',
  material: 'MISSING',
  pressure: 'MISSING',
  standard: 'MISSING',
  dimension: 'MISSING',
  product_type: 'MISSING',
  dimension_unit: 'MISSING'
}
Failed to parse comparison for match 3255: {
  grade: 'MISSING',
  length: 'MISSING',
  material: 'MISSING',
  pressure: 'MISSING',
  standard: 'MISSING',
  dimension: 'MISSING',
  product_type: 'MISSING',
  dimension_unit: 'MISSING'
}
Failed to parse comparison for match 3256: {
  grade: 'MISSING',
  length: 'MISSING',
  material: 'MISSING',
  pressure: 'MISSING',
  standard: 'MISSING',
  dimension: 'MISSING',
  product_type: 'MISSING',
  dimension_unit: 'MISSING'
}
Failed to parse comparison for match 3257: {
  grade: 'MISSING',
  length: 'MISSING',
  material: 'MISSING',
  pressure: 'MISSING',
  standard: 'MISSING',
  dimension: 'MISSING',
  product_type: 'MISSING',
  dimension_unit: 'MISSING'
}
Failed to parse comparison for match 3258: {
  grade: 'MISSING',
  length: 'MISSING',
  material: 'MISSING',
  pressure: 'MISSING',
  standard: 'MISSING',
  dimension: 'MISSING',
  product_type: 'MISSING',
  dimension_unit: 'MISSING'
}
Failed to parse comparison for match 3259: {
  grade: 'MISSING',
  length: 'MISSING',
  material: 'MISSING',
  pressure: 'MISSING',
  standard: 'MISSING',
  dimension: 'MISSING',
  product_type: 'MISSING',
  dimension_unit: 'MISSING'
}
Failed to parse comparison for match 3260: {
  grade: 'MISSING',
  length: 'MISSING',
  material: 'MISSING',
  pressure: 'MISSING',
  standard: 'MISSING',
  dimension: 'MISSING',
  product_type: 'MISSING',
  dimension_unit: 'MISSING'
}
Failed to parse comparison for match 3261: {
  grade: 'MISSING',
  length: 'MISSING',
  material: 'MISSING',
  pressure: 'MISSING',
  standard: 'MISSING',
  dimension: 'MISSING',
  product_type: 'MISSING',
  dimension_unit: 'MISSING'
}
Failed to parse comparison for match 3262: {
  grade: 'MISSING',
  length: 'MISSING',
  material: 'MISSING',
  pressure: 'MISSING',
  standard: 'MISSING',
  dimension: 'MISSING',
  product_type: 'MISSING',
  dimension_unit: 'MISSING'
}
Failed to parse comparison for match 3263: {
  grade: 'MISSING',
  length: 'MISSING',
  material: 'MISSING',
  pressure: 'MISSING',
  standard: 'MISSING',
  dimension: 'MISSING',
  product_type: 'MISSING',
  dimension_unit: 'MISSING'
}
Failed to parse comparison for match 3264: {
  grade: 'MISSING',
  length: 'MISSING',
  material: 'MISSING',
  pressure: 'MISSING',
  standard: 'MISSING',
  dimension: 'MISSING',
  product_type: 'MISSING',
  dimension_unit: 'MISSING'
}
Failed to parse comparison for match 3265: {
  grade: 'MISSING',
  length: 'MISSING',
  material: 'MISSING',
  pressure: 'MISSING',
  standard: 'MISSING',
  dimension: 'MISSING',
  product_type: 'MISSING',
  dimension_unit: 'MISSING'
}
Failed to parse comparison for match 3266: {
  grade: 'MISSING',
  length: 'MISSING',
  material: 'MISSING',
  pressure: 'MISSING',
  standard: 'MISSING',
  dimension: 'MISSING',
  product_type: 'MISSING',
  dimension_unit: 'MISSING'
}
Failed to parse comparison for match 3267: {
  grade: 'MISSING',
  length: 'MISSING',
  material: 'MISSING',
  pressure: 'MISSING',
  standard: 'MISSING',
  dimension: 'MISSING',
  product_type: 'MISSING',
  dimension_unit: 'MISSING'
}
Failed to parse comparison for match 3268: {
  grade: 'MISSING',
  length: 'MISSING',
  material: 'MISSING',
  pressure: 'MISSING',
  standard: 'MISSING',
  dimension: 'MISSING',
  product_type: 'MISSING',
  dimension_unit: 'MISSING'
}
Failed to parse comparison for match 3269: {
  grade: 'MISSING',
  length: 'MISSING',
  material: 'MISSING',
  pressure: 'MISSING',
  standard: 'MISSING',
  dimension: 'MISSING',
  product_type: 'MISSING',
  dimension_unit: 'MISSING'
}
Failed to parse comparison for match 3270: {
  grade: 'MISSING',
  length: 'MISSING',
  material: 'MISSING',
  pressure: 'MISSING',
  standard: 'MISSING',
  dimension: 'MISSING',
  product_type: 'MISSING',
  dimension_unit: 'MISSING'
}
Failed to parse comparison for match 3271: {
  grade: 'MISSING',
  length: 'MISSING',
  material: 'MISSING',
  pressure: 'MISSING',
  standard: 'MISSING',
  dimension: 'MISSING',
  product_type: 'MISSING',
  dimension_unit: 'MISSING'
}
Failed to parse comparison for match 3272: {
  grade: 'MISSING',
  length: 'MISSING',
  material: 'MISSING',
  pressure: 'MISSING',
  standard: 'MISSING',
  dimension: 'MISSING',
  product_type: 'MISSING',
  dimension_unit: 'MISSING'
}
Failed to parse comparison for match 3273: {
  grade: 'MISSING',
  length: 'MISSING',
  material: 'MISSING',
  pressure: 'MISSING',
  standard: 'MISSING',
  dimension: 'MISSING',
  product_type: 'MISSING',
  dimension_unit: 'MISSING'
}
Failed to parse comparison for match 3274: {
  grade: 'MISSING',
  length: 'MISSING',
  material: 'MISSING',
  pressure: 'MISSING',
  standard: 'MISSING',
  dimension: 'MISSING',
  product_type: 'MISSING',
  dimension_unit: 'MISSING'
}
Failed to parse comparison for match 3275: {
  grade: 'MISSING',
  length: 'MISSING',
  material: 'MISSING',
  pressure: 'MISSING',
  standard: 'MISSING',
  dimension: 'MISSING',
  product_type: 'MISSING',
  dimension_unit: 'MISSING'
}
Failed to parse comparison for match 3276: {
  grade: 'MISSING',
  length: 'MISSING',
  material: 'MISSING',
  pressure: 'MISSING',
  standard: 'MISSING',
  dimension: 'MISSING',
  product_type: 'MISSING',
  dimension_unit: 'MISSING'
}
Failed to parse comparison for match 3277: {
  grade: 'MISSING',
  length: 'MISSING',
  material: 'MISSING',
  pressure: 'MISSING',
  standard: 'MISSING',
  dimension: 'MISSING',
  product_type: 'MISSING',
  dimension_unit: 'MISSING'
}
Failed to parse comparison for match 3278: {
  grade: 'MISSING',
  length: 'MISSING',
  material: 'MISSING',
  pressure: 'MISSING',
  standard: 'MISSING',
  dimension: 'MISSING',
  product_type: 'MISSING',
  dimension_unit: 'MISSING'
}
Failed to parse comparison for match 3279: {
  grade: 'MISSING',
  length: 'MISSING',
  material: 'MISSING',
  pressure: 'MISSING',
  standard: 'MISSING',
  dimension: 'MISSING',
  product_type: 'MISSING',
  dimension_unit: 'MISSING'
}
Failed to parse comparison for match 3280: {
  grade: 'MISSING',
  length: 'MISSING',
  material: 'MISSING',
  pressure: 'MISSING',
  standard: 'MISSING',
  dimension: 'MISSING',
  product_type: 'MISSING',
  dimension_unit: 'MISSING'
}
Failed to parse comparison for match 3281: {
  grade: 'MISSING',
  length: 'MISSING',
  material: 'MISSING',
  pressure: 'MISSING',
  standard: 'MISSING',
  dimension: 'MISSING',
  product_type: 'MISSING',
  dimension_unit: 'MISSING'
}
Failed to parse comparison for match 3282: {
  grade: 'MISSING',
  length: 'MISSING',
  material: 'MISSING',
  pressure: 'MISSING',
  standard: 'MISSING',
  dimension: 'MISSING',
  product_type: 'MISSING',
  dimension_unit: 'MISSING'
}
Failed to parse comparison for match 3283: {
  grade: 'MISSING',
  length: 'MISSING',
  material: 'MISSING',
  pressure: 'MISSING',
  standard: 'MISSING',
  dimension: 'MISSING',
  product_type: 'MISSING',
  dimension_unit: 'MISSING'
}
Failed to parse comparison for match 3284: {
  grade: 'MISSING',
  length: 'MISSING',
  material: 'MISSING',
  pressure: 'MISSING',
  standard: 'MISSING',
  dimension: 'MISSING',
  product_type: 'MISSING',
  dimension_unit: 'MISSING'
}
Failed to parse comparison for match 3285: {
  grade: 'MISSING',
  length: 'MISSING',
  material: 'MISSING',
  pressure: 'MISSING',
  standard: 'MISSING',
  dimension: 'MISSING',
  product_type: 'MISSING',
  dimension_unit: 'MISSING'
}
Failed to parse comparison for match 3286: {
  grade: 'MISSING',
  length: 'MISSING',
  material: 'MISSING',
  pressure: 'MISSING',
  standard: 'MISSING',
  dimension: 'MISSING',
  product_type: 'MISSING',
  dimension_unit: 'MISSING'
}
Failed to parse comparison for match 3287: {
  grade: 'MISSING',
  length: 'MISSING',
  material: 'MISSING',
  pressure: 'MISSING',
  standard: 'MISSING',
  dimension: 'MISSING',
  product_type: 'MISSING',
  dimension_unit: 'MISSING'
}
Failed to parse comparison for match 3288: {
  grade: 'MISSING',
  length: 'MISSING',
  material: 'MISSING',
  pressure: 'MISSING',
  standard: 'MISSING',
  dimension: 'MISSING',
  product_type: 'MISSING',
  dimension_unit: 'MISSING'
}
Failed to parse comparison for match 3289: {
  grade: 'MISSING',
  length: 'MISSING',
  material: 'MISSING',
  pressure: 'MISSING',
  standard: 'MISSING',
  dimension: 'MISSING',
  product_type: 'MISSING',
  dimension_unit: 'MISSING'
}
Failed to parse comparison for match 3290: {
  grade: 'MISSING',
  length: 'MISSING',
  material: 'MISSING',
  pressure: 'MISSING',
  standard: 'MISSING',
  dimension: 'MISSING',
  product_type: 'MISSING',
  dimension_unit: 'MISSING'
}
Failed to parse comparison for match 3291: {
  grade: 'MISSING',
  length: 'MISSING',
  material: 'MISSING',
  pressure: 'MISSING',
  standard: 'MISSING',
  dimension: 'MISSING',
  product_type: 'MISSING',
  dimension_unit: 'MISSING'
}
Failed to parse comparison for match 3292: {
  grade: 'MISSING',
  length: 'MISSING',
  material: 'MISSING',
  pressure: 'MISSING',
  standard: 'MISSING',
  dimension: 'MISSING',
  product_type: 'MISSING',
  dimension_unit: 'MISSING'
}
Failed to parse comparison for match 3293: {
  grade: 'MISSING',
  length: 'MISSING',
  material: 'MISSING',
  pressure: 'MISSING',
  standard: 'MISSING',
  dimension: 'MISSING',
  product_type: 'MISSING',
  dimension_unit: 'MISSING'
}
Failed to parse comparison for match 3294: {
  grade: 'MISSING',
  length: 'MISSING',
  material: 'MISSING',
  pressure: 'MISSING',
  standard: 'MISSING',
  dimension: 'MISSING',
  product_type: 'MISSING',
  dimension_unit: 'MISSING'
}
Failed to parse comparison for match 3295: {
  grade: 'MISSING',
  length: 'MISSING',
  material: 'MISSING',
  pressure: 'MISSING',
  standard: 'MISSING',
  dimension: 'MISSING',
  product_type: 'MISSING',
  dimension_unit: 'MISSING'
}
Failed to parse comparison for match 3296: {
  grade: 'MISSING',
  length: 'MISSING',
  material: 'MISSING',
  pressure: 'MISSING',
  standard: 'MISSING',
  dimension: 'MISSING',
  product_type: 'MISSING',
  dimension_unit: 'MISSING'
}
Failed to parse comparison for match 3297: {
  grade: 'MISSING',
  length: 'MISSING',
  material: 'MISSING',
  pressure: 'MISSING',
  standard: 'MISSING',
  dimension: 'MISSING',
  product_type: 'MISSING',
  dimension_unit: 'MISSING'
}
Failed to parse comparison for match 3298: {
  grade: 'MISSING',
  length: 'MISSING',
  material: 'MISSING',
  pressure: 'MISSING',
  standard: 'MISSING',
  dimension: 'MISSING',
  product_type: 'MISSING',
  dimension_unit: 'MISSING'
}
Failed to parse comparison for match 3299: {
  grade: 'MISSING',
  length: 'MISSING',
  material: 'MISSING',
  pressure: 'MISSING',
  standard: 'MISSING',
  dimension: 'MISSING',
  product_type: 'MISSING',
  dimension_unit: 'MISSING'
}
Failed to parse comparison for match 3300: {
  grade: 'MISSING',
  length: 'MISSING',
  material: 'MISSING',
  pressure: 'MISSING',
  standard: 'MISSING',
  dimension: 'MISSING',
  product_type: 'MISSING',
  dimension_unit: 'MISSING'
}
Failed to parse comparison for match 3301: {
  grade: 'MISSING',
  length: 'MISSING',
  material: 'MISSING',
  pressure: 'MISSING',
  standard: 'MISSING',
  dimension: 'MISSING',
  product_type: 'MISSING',
  dimension_unit: 'MISSING'
}
Failed to parse comparison for match 3302: {
  grade: 'MISSING',
  length: 'MISSING',
  material: 'MISSING',
  pressure: 'MISSING',
  standard: 'MISSING',
  dimension: 'MISSING',
  product_type: 'MISSING',
  dimension_unit: 'MISSING'
}
Failed to parse comparison for match 3303: {
  grade: 'MISSING',
  length: 'MISSING',
  material: 'MISSING',
  pressure: 'MISSING',
  standard: 'MISSING',
  dimension: 'MISSING',
  product_type: 'MISSING',
  dimension_unit: 'MISSING'
}
Failed to parse comparison for match 3304: {
  grade: 'MISSING',
  length: 'MISSING',
  material: 'MISSING',
  pressure: 'MISSING',
  standard: 'MISSING',
  dimension: 'MISSING',
  product_type: 'MISSING',
  dimension_unit: 'MISSING'
}
Failed to parse comparison for match 3305: {
  grade: 'MISSING',
  length: 'MISSING',
  material: 'MISSING',
  pressure: 'MISSING',
  standard: 'MISSING',
  dimension: 'MISSING',
  product_type: 'MISSING',
  dimension_unit: 'MISSING'
}
Failed to parse comparison for match 3306: {
  grade: 'MISSING',
  length: 'MISSING',
  material: 'MISSING',
  pressure: 'MISSING',
  standard: 'MISSING',
  dimension: 'MISSING',
  product_type: 'MISSING',
  dimension_unit: 'MISSING'
}
Failed to parse comparison for match 3307: {
  grade: 'MISSING',
  length: 'MISSING',
  material: 'MISSING',
  pressure: 'MISSING',
  standard: 'MISSING',
  dimension: 'MISSING',
  product_type: 'MISSING',
  dimension_unit: 'MISSING'
}
Failed to parse comparison for match 3308: {
  grade: 'MISSING',
  length: 'MISSING',
  material: 'MISSING',
  pressure: 'MISSING',
  standard: 'MISSING',
  dimension: 'MISSING',
  product_type: 'MISSING',
  dimension_unit: 'MISSING'
}
Failed to parse comparison for match 3309: {
  grade: 'MISSING',
  length: 'MISSING',
  material: 'MISSING',
  pressure: 'MISSING',
  standard: 'MISSING',
  dimension: 'MISSING',
  product_type: 'MISSING',
  dimension_unit: 'MISSING'
}
Failed to parse comparison for match 3310: {
  grade: 'MISSING',
  length: 'MISSING',
  material: 'MISSING',
  pressure: 'MISSING',
  standard: 'MISSING',
  dimension: 'MISSING',
  product_type: 'MISSING',
  dimension_unit: 'MISSING'
}
Failed to parse comparison for match 3311: {
  grade: 'MISSING',
  length: 'MISSING',
  material: 'MISSING',
  pressure: 'MISSING',
  standard: 'MISSING',
  dimension: 'MISSING',
  product_type: 'MISSING',
  dimension_unit: 'MISSING'
}
Failed to parse comparison for match 3312: {
  grade: 'MISSING',
  length: 'MISSING',
  material: 'MISSING',
  pressure: 'MISSING',
  standard: 'MISSING',
  dimension: 'MISSING',
  product_type: 'MISSING',
  dimension_unit: 'MISSING'
}
Failed to parse comparison for match 3313: {
  grade: 'MISSING',
  length: 'MISSING',
  material: 'MISSING',
  pressure: 'MISSING',
  standard: 'MISSING',
  dimension: 'MISSING',
  product_type: 'MISSING',
  dimension_unit: 'MISSING'
}
Failed to parse comparison for match 3314: {
  grade: 'MISSING',
  length: 'MISSING',
  material: 'MISSING',
  pressure: 'MISSING',
  standard: 'MISSING',
  dimension: 'MISSING',
  product_type: 'MISSING',
  dimension_unit: 'MISSING'
}
Failed to parse comparison for match 3315: {
  grade: 'MISSING',
  length: 'MISSING',
  material: 'MISSING',
  pressure: 'MISSING',
  standard: 'MISSING',
  dimension: 'MISSING',
  product_type: 'MISSING',
  dimension_unit: 'MISSING'
}
Failed to parse comparison for match 3316: {
  grade: 'MISSING',
  length: 'MISSING',
  material: 'MISSING',
  pressure: 'MISSING',
  standard: 'MISSING',
  dimension: 'MISSING',
  product_type: 'MISSING',
  dimension_unit: 'MISSING'
}
Failed to parse comparison for match 3317: {
  grade: 'MISSING',
  length: 'MISSING',
  material: 'MISSING',
  pressure: 'MISSING',
  standard: 'MISSING',
  dimension: 'MISSING',
  product_type: 'MISSING',
  dimension_unit: 'MISSING'
}
Failed to parse comparison for match 3318: {
  grade: 'MISSING',
  length: 'MISSING',
  material: 'MISSING',
  pressure: 'MISSING',
  standard: 'MISSING',
  dimension: 'MISSING',
  product_type: 'MISSING',
  dimension_unit: 'MISSING'
}
Failed to parse comparison for match 3319: {
  grade: 'MISSING',
  length: 'MISSING',
  material: 'MISSING',
  pressure: 'MISSING',
  standard: 'MISSING',
  dimension: 'MISSING',
  product_type: 'MISSING',
  dimension_unit: 'MISSING'
}
Failed to parse comparison for match 3320: {
  grade: 'MISSING',
  length: 'MISSING',
  material: 'MISSING',
  pressure: 'MISSING',
  standard: 'MISSING',
  dimension: 'MISSING',
  product_type: 'MISSING',
  dimension_unit: 'MISSING'
}
Failed to parse comparison for match 3321: {
  grade: 'MISSING',
  length: 'MISSING',
  material: 'MISSING',
  pressure: 'MISSING',
  standard: 'MISSING',
  dimension: 'MISSING',
  product_type: 'MISSING',
  dimension_unit: 'MISSING'
}
Failed to parse comparison for match 3322: {
  grade: 'MISSING',
  length: 'MISSING',
  material: 'MISSING',
  pressure: 'MISSING',
  standard: 'MISSING',
  dimension: 'MISSING',
  product_type: 'MISSING',
  dimension_unit: 'MISSING'
}
Failed to parse comparison for match 3323: {
  grade: 'MISSING',
  length: 'MISSING',
  material: 'MISSING',
  pressure: 'MISSING',
  standard: 'MISSING',
  dimension: 'MISSING',
  product_type: 'MISSING',
  dimension_unit: 'MISSING'
}
Failed to parse comparison for match 3324: {
  grade: 'MISSING',
  length: 'MISSING',
  material: 'MISSING',
  pressure: 'MISSING',
  standard: 'MISSING',
  dimension: 'MISSING',
  product_type: 'MISSING',
  dimension_unit: 'MISSING'
}
Failed to parse comparison for match 3325: {
  grade: 'MISSING',
  length: 'MISSING',
  material: 'MISSING',
  pressure: 'MISSING',
  standard: 'MISSING',
  dimension: 'MISSING',
  product_type: 'MISSING',
  dimension_unit: 'MISSING'
}
Failed to parse comparison for match 3326: {
  grade: 'MISSING',
  length: 'MISSING',
  material: 'MISSING',
  pressure: 'MISSING',
  standard: 'MISSING',
  dimension: 'MISSING',
  product_type: 'MISSING',
  dimension_unit: 'MISSING'
}
Failed to parse comparison for match 3327: {
  grade: 'MISSING',
  length: 'MISSING',
  material: 'MISSING',
  pressure: 'MISSING',
  standard: 'MISSING',
  dimension: 'MISSING',
  product_type: 'MISSING',
  dimension_unit: 'MISSING'
}
Failed to parse comparison for match 3328: {
  grade: 'MISSING',
  length: 'MISSING',
  material: 'MISSING',
  pressure: 'MISSING',
  standard: 'MISSING',
  dimension: 'MISSING',
  product_type: 'MISSING',
  dimension_unit: 'MISSING'
}
Failed to parse comparison for match 3329: {
  grade: 'MISSING',
  length: 'MISSING',
  material: 'MISSING',
  pressure: 'MISSING',
  standard: 'MISSING',
  dimension: 'MISSING',
  product_type: 'MISSING',
  dimension_unit: 'MISSING'
}
Failed to parse comparison for match 3330: {
  grade: 'MISSING',
  length: 'MISSING',
  material: 'MISSING',
  pressure: 'MISSING',
  standard: 'MISSING',
  dimension: 'MISSING',
  product_type: 'MISSING',
  dimension_unit: 'MISSING'
}
Failed to parse comparison for match 3331: {
  grade: 'MISSING',
  length: 'MISSING',
  material: 'MISSING',
  pressure: 'MISSING',
  standard: 'MISSING',
  dimension: 'MISSING',
  product_type: 'MISSING',
  dimension_unit: 'MISSING'
}
Failed to parse comparison for match 3332: {
  grade: 'MISSING',
  length: 'MISSING',
  material: 'MISSING',
  pressure: 'MISSING',
  standard: 'MISSING',
  dimension: 'MISSING',
  product_type: 'MISSING',
  dimension_unit: 'MISSING'
}
Failed to parse comparison for match 3333: {
  grade: 'MISSING',
  length: 'MISSING',
  material: 'MISSING',
  pressure: 'MISSING',
  standard: 'MISSING',
  dimension: 'MISSING',
  product_type: 'MISSING',
  dimension_unit: 'MISSING'
}
Failed to parse comparison for match 3334: {
  grade: 'MISSING',
  length: 'MISSING',
  material: 'MISSING',
  pressure: 'MISSING',
  standard: 'MISSING',
  dimension: 'MISSING',
  product_type: 'MISSING',
  dimension_unit: 'MISSING'
}
Failed to parse comparison for match 3335: {
  grade: 'MISSING',
  length: 'MISSING',
  material: 'MISSING',
  pressure: 'MISSING',
  standard: 'MISSING',
  dimension: 'MISSING',
  product_type: 'MISSING',
  dimension_unit: 'MISSING'
}
Failed to parse comparison for match 3336: {
  grade: 'MISSING',
  length: 'MISSING',
  material: 'MISSING',
  pressure: 'MISSING',
  standard: 'MISSING',
  dimension: 'MISSING',
  product_type: 'MISSING',
  dimension_unit: 'MISSING'
}
Failed to parse comparison for match 3337: {
  grade: 'MISSING',
  length: 'MISSING',
  material: 'MISSING',
  pressure: 'MISSING',
  standard: 'MISSING',
  dimension: 'MISSING',
  product_type: 'MISSING',
  dimension_unit: 'MISSING'
}
Failed to parse comparison for match 3338: {
  grade: 'MISSING',
  length: 'MISSING',
  material: 'MISSING',
  pressure: 'MISSING',
  standard: 'MISSING',
  dimension: 'MISSING',
  product_type: 'MISSING',
  dimension_unit: 'MISSING'
}
Failed to parse comparison for match 3339: {
  grade: 'MISSING',
  length: 'MISSING',
  material: 'MISSING',
  pressure: 'MISSING',
  standard: 'MISSING',
  dimension: 'MISSING',
  product_type: 'MISSING',
  dimension_unit: 'MISSING'
}
Failed to parse comparison for match 3340: {
  grade: 'MISSING',
  length: 'MISSING',
  material: 'MISSING',
  pressure: 'MISSING',
  standard: 'MISSING',
  dimension: 'MISSING',
  product_type: 'MISSING',
  dimension_unit: 'MISSING'
}
Failed to parse comparison for match 3341: {
  grade: 'MISSING',
  length: 'MISSING',
  material: 'MISSING',
  pressure: 'MISSING',
  standard: 'MISSING',
  dimension: 'MISSING',
  product_type: 'MISSING',
  dimension_unit: 'MISSING'
}
Failed to parse comparison for match 3342: {
  grade: 'MISSING',
  length: 'MISSING',
  material: 'MISSING',
  pressure: 'MISSING',
  standard: 'MISSING',
  dimension: 'MISSING',
  product_type: 'MISSING',
  dimension_unit: 'MISSING'
}
Failed to parse comparison for match 3343: {
  grade: 'MISSING',
  length: 'MISSING',
  material: 'MISSING',
  pressure: 'MISSING',
  standard: 'MISSING',
  dimension: 'MISSING',
  product_type: 'MISSING',
  dimension_unit: 'MISSING'
}
Failed to parse comparison for match 3344: {
  grade: 'MISSING',
  length: 'MISSING',
  material: 'MISSING',
  pressure: 'MISSING',
  standard: 'MISSING',
  dimension: 'MISSING',
  product_type: 'MISSING',
  dimension_unit: 'MISSING'
}
Failed to parse comparison for match 3345: {
  grade: 'MISSING',
  length: 'MISSING',
  material: 'MISSING',
  pressure: 'MISSING',
  standard: 'MISSING',
  dimension: 'MISSING',
  product_type: 'MISSING',
  dimension_unit: 'MISSING'
}
Failed to parse comparison for match 3346: {
  grade: 'MISSING',
  length: 'MISSING',
  material: 'MISSING',
  pressure: 'MISSING',
  standard: 'MISSING',
  dimension: 'MISSING',
  product_type: 'MISSING',
  dimension_unit: 'MISSING'
}
Failed to parse comparison for match 3347: {
  grade: 'MISSING',
  length: 'MISSING',
  material: 'MISSING',
  pressure: 'MISSING',
  standard: 'MISSING',
  dimension: 'MISSING',
  product_type: 'MISSING',
  dimension_unit: 'MISSING'
}
Failed to parse comparison for match 3348: {
  grade: 'MISSING',
  length: 'MISSING',
  material: 'MISSING',
  pressure: 'MISSING',
  standard: 'MISSING',
  dimension: 'MISSING',
  product_type: 'MISSING',
  dimension_unit: 'MISSING'
}
Failed to parse comparison for match 3349: {
  grade: 'MISSING',
  length: 'MISSING',
  material: 'MISSING',
  pressure: 'MISSING',
  standard: 'MISSING',
  dimension: 'MISSING',
  product_type: 'MISSING',
  dimension_unit: 'MISSING'
}
Failed to parse comparison for match 3350: {
  grade: 'MISSING',
  length: 'MISSING',
  material: 'MISSING',
  pressure: 'MISSING',
  standard: 'MISSING',
  dimension: 'MISSING',
  product_type: 'MISSING',
  dimension_unit: 'MISSING'
}
Failed to parse comparison for match 3351: {
  grade: 'MISSING',
  length: 'MISSING',
  material: 'MISSING',
  pressure: 'MISSING',
  standard: 'MISSING',
  dimension: 'MISSING',
  product_type: 'MISSING',
  dimension_unit: 'MISSING'
}
Failed to parse comparison for match 3352: {
  grade: 'MISSING',
  length: 'MISSING',
  material: 'MISSING',
  pressure: 'MISSING',
  standard: 'MISSING',
  dimension: 'MISSING',
  product_type: 'MISSING',
  dimension_unit: 'MISSING'
}
Failed to parse comparison for match 3353: {
  grade: 'MISSING',
  length: 'MISSING',
  material: 'MISSING',
  pressure: 'MISSING',
  standard: 'MISSING',
  dimension: 'MISSING',
  product_type: 'MISSING',
  dimension_unit: 'MISSING'
}
Failed to parse comparison for match 3354: {
  grade: 'MISSING',
  length: 'MISSING',
  material: 'MISSING',
  pressure: 'MISSING',
  standard: 'MISSING',
  dimension: 'MISSING',
  product_type: 'MISSING',
  dimension_unit: 'MISSING'
}
Failed to parse comparison for match 3355: {
  grade: 'MISSING',
  length: 'MISSING',
  material: 'MISSING',
  pressure: 'MISSING',
  standard: 'MISSING',
  dimension: 'MISSING',
  product_type: 'MISSING',
  dimension_unit: 'MISSING'
}
Failed to parse comparison for match 3356: {
  grade: 'MISSING',
  length: 'MISSING',
  material: 'MISSING',
  pressure: 'MISSING',
  standard: 'MISSING',
  dimension: 'MISSING',
  product_type: 'MISSING',
  dimension_unit: 'MISSING'
}
Failed to parse comparison for match 3357: {
  grade: 'MISSING',
  length: 'MISSING',
  material: 'MISSING',
  pressure: 'MISSING',
  standard: 'MISSING',
  dimension: 'MISSING',
  product_type: 'MISSING',
  dimension_unit: 'MISSING'
}
Failed to parse comparison for match 3358: {
  grade: 'MISSING',
  length: 'MISSING',
  material: 'MISSING',
  pressure: 'MISSING',
  standard: 'MISSING',
  dimension: 'MISSING',
  product_type: 'MISSING',
  dimension_unit: 'MISSING'
}
Failed to parse comparison for match 3359: {
  grade: 'MISSING',
  length: 'MISSING',
  material: 'MISSING',
  pressure: 'MISSING',
  standard: 'MISSING',
  dimension: 'MISSING',
  product_type: 'MISSING',
  dimension_unit: 'MISSING'
}
Failed to parse comparison for match 3360: {
  grade: 'MISSING',
  length: 'MISSING',
  material: 'MISSING',
  pressure: 'MISSING',
  standard: 'MISSING',
  dimension: 'MISSING',
  product_type: 'MISSING',
  dimension_unit: 'MISSING'
}
Failed to parse comparison for match 3361: {
  grade: 'MISSING',
  length: 'MISSING',
  material: 'MISSING',
  pressure: 'MISSING',
  standard: 'MISSING',
  dimension: 'MISSING',
  product_type: 'MISSING',
  dimension_unit: 'MISSING'
}
Failed to parse comparison for match 3362: {
  grade: 'MISSING',
  length: 'MISSING',
  material: 'MISSING',
  pressure: 'MISSING',
  standard: 'MISSING',
  dimension: 'MISSING',
  product_type: 'MISSING',
  dimension_unit: 'MISSING'
}
Failed to parse comparison for match 3363: {
  grade: 'MISSING',
  length: 'MISSING',
  material: 'MISSING',
  pressure: 'MISSING',
  standard: 'MISSING',
  dimension: 'MISSING',
  product_type: 'MISSING',
  dimension_unit: 'MISSING'
}
Failed to parse comparison for match 3364: {
  grade: 'MISSING',
  length: 'MISSING',
  material: 'MISSING',
  pressure: 'MISSING',
  standard: 'MISSING',
  dimension: 'MISSING',
  product_type: 'MISSING',
  dimension_unit: 'MISSING'
}
Failed to parse comparison for match 3365: {
  grade: 'MISSING',
  length: 'MISSING',
  material: 'MISSING',
  pressure: 'MISSING',
  standard: 'MISSING',
  dimension: 'MISSING',
  product_type: 'MISSING',
  dimension_unit: 'MISSING'
}
Failed to parse comparison for match 3366: {
  grade: 'MISSING',
  length: 'MISSING',
  material: 'MISSING',
  pressure: 'MISSING',
  standard: 'MISSING',
  dimension: 'MISSING',
  product_type: 'MISSING',
  dimension_unit: 'MISSING'
}
Failed to parse comparison for match 3367: {
  grade: 'MISSING',
  length: 'MISSING',
  material: 'MISSING',
  pressure: 'MISSING',
  standard: 'MISSING',
  dimension: 'MISSING',
  product_type: 'MISSING',
  dimension_unit: 'MISSING'
}
Failed to parse comparison for match 3368: {
  grade: 'MISSING',
  length: 'MISSING',
  material: 'MISSING',
  pressure: 'MISSING',
  standard: 'MISSING',
  dimension: 'MISSING',
  product_type: 'MISSING',
  dimension_unit: 'MISSING'
}
Failed to parse comparison for match 3369: {
  grade: 'MISSING',
  length: 'MISSING',
  material: 'MISSING',
  pressure: 'MISSING',
  standard: 'MISSING',
  dimension: 'MISSING',
  product_type: 'MISSING',
  dimension_unit: 'MISSING'
}
Failed to parse comparison for match 3370: {
  grade: 'MISSING',
  length: 'MISSING',
  material: 'MISSING',
  pressure: 'MISSING',
  standard: 'MISSING',
  dimension: 'MISSING',
  product_type: 'MISSING',
  dimension_unit: 'MISSING'
}
Failed to parse comparison for match 3371: {
  grade: 'MISSING',
  length: 'MISSING',
  material: 'MISSING',
  pressure: 'MISSING',
  standard: 'MISSING',
  dimension: 'MISSING',
  product_type: 'MISSING',
  dimension_unit: 'MISSING'
}
Failed to parse comparison for match 3372: {
  grade: 'MISSING',
  length: 'MISSING',
  material: 'MISSING',
  pressure: 'MISSING',
  standard: 'MISSING',
  dimension: 'MISSING',
  product_type: 'MISSING',
  dimension_unit: 'MISSING'
}
Failed to parse comparison for match 3373: {
  grade: 'MISSING',
  length: 'MISSING',
  material: 'MISSING',
  pressure: 'MISSING',
  standard: 'MISSING',
  dimension: 'MISSING',
  product_type: 'MISSING',
  dimension_unit: 'MISSING'
}
Failed to parse comparison for match 3374: {
  grade: 'MISSING',
  length: 'MISSING',
  material: 'MISSING',
  pressure: 'MISSING',
  standard: 'MISSING',
  dimension: 'MISSING',
  product_type: 'MISSING',
  dimension_unit: 'MISSING'
}
Failed to parse comparison for match 3375: {
  grade: 'MISSING',
  length: 'MISSING',
  material: 'MISSING',
  pressure: 'MISSING',
  standard: 'MISSING',
  dimension: 'MISSING',
  product_type: 'MISSING',
  dimension_unit: 'MISSING'
}
Failed to parse comparison for match 3376: {
  grade: 'MISSING',
  length: 'MISSING',
  material: 'MISSING',
  pressure: 'MISSING',
  standard: 'MISSING',
  dimension: 'MISSING',
  product_type: 'MISSING',
  dimension_unit: 'MISSING'
}
Failed to parse comparison for match 3377: {
  grade: 'MISSING',
  length: 'MISSING',
  material: 'MISSING',
  pressure: 'MISSING',
  standard: 'MISSING',
  dimension: 'MISSING',
  product_type: 'MISSING',
  dimension_unit: 'MISSING'
}
Failed to parse comparison for match 3378: {
  grade: 'MISSING',
  length: 'MISSING',
  material: 'MISSING',
  pressure: 'MISSING',
  standard: 'MISSING',
  dimension: 'MISSING',
  product_type: 'MISSING',
  dimension_unit: 'MISSING'
}
Failed to parse comparison for match 3379: {
  grade: 'MISSING',
  length: 'MISSING',
  material: 'MISSING',
  pressure: 'MISSING',
  standard: 'MISSING',
  dimension: 'MISSING',
  product_type: 'MISSING',
  dimension_unit: 'MISSING'
}
Failed to parse comparison for match 3380: {
  grade: 'MISSING',
  length: 'MISSING',
  material: 'MISSING',
  pressure: 'MISSING',
  standard: 'MISSING',
  dimension: 'MISSING',
  product_type: 'MISSING',
  dimension_unit: 'MISSING'
}
Failed to parse comparison for match 3381: {
  grade: 'MISSING',
  length: 'MISSING',
  material: 'MISSING',
  pressure: 'MISSING',
  standard: 'MISSING',
  dimension: 'MISSING',
  product_type: 'MISSING',
  dimension_unit: 'MISSING'
}
Failed to parse comparison for match 3382: {
  grade: 'MISSING',
  length: 'MISSING',
  material: 'MISSING',
  pressure: 'MISSING',
  standard: 'MISSING',
  dimension: 'MISSING',
  product_type: 'MISSING',
  dimension_unit: 'MISSING'
}
Failed to parse comparison for match 3383: {
  grade: 'MISSING',
  length: 'MISSING',
  material: 'MISSING',
  pressure: 'MISSING',
  standard: 'MISSING',
  dimension: 'MISSING',
  product_type: 'MISSING',
  dimension_unit: 'MISSING'
}
Failed to parse comparison for match 3384: {
  grade: 'MISSING',
  length: 'MISSING',
  material: 'MISSING',
  pressure: 'MISSING',
  standard: 'MISSING',
  dimension: 'MISSING',
  product_type: 'MISSING',
  dimension_unit: 'MISSING'
}
Failed to parse comparison for match 3385: {
  grade: 'MISSING',
  length: 'MISSING',
  material: 'MISSING',
  pressure: 'MISSING',
  standard: 'MISSING',
  dimension: 'MISSING',
  product_type: 'MISSING',
  dimension_unit: 'MISSING'
}
Failed to parse comparison for match 3386: {
  grade: 'MISSING',
  length: 'MISSING',
  material: 'MISSING',
  pressure: 'MISSING',
  standard: 'MISSING',
  dimension: 'MISSING',
  product_type: 'MISSING',
  dimension_unit: 'MISSING'
}
Failed to parse comparison for match 3387: {
  grade: 'MISSING',
  length: 'MISSING',
  material: 'MISSING',
  pressure: 'MISSING',
  standard: 'MISSING',
  dimension: 'MISSING',
  product_type: 'MISSING',
  dimension_unit: 'MISSING'
}
Failed to parse comparison for match 3388: {
  grade: 'MISSING',
  length: 'MISSING',
  material: 'MISSING',
  pressure: 'MISSING',
  standard: 'MISSING',
  dimension: 'MISSING',
  product_type: 'MISSING',
  dimension_unit: 'MISSING'
}
Failed to parse comparison for match 3389: {
  grade: 'MISSING',
  length: 'MISSING',
  material: 'MISSING',
  pressure: 'MISSING',
  standard: 'MISSING',
  dimension: 'MISSING',
  product_type: 'MISSING',
  dimension_unit: 'MISSING'
}
Failed to parse comparison for match 3390: {
  grade: 'MISSING',
  length: 'MISSING',
  material: 'MISSING',
  pressure: 'MISSING',
  standard: 'MISSING',
  dimension: 'MISSING',
  product_type: 'MISSING',
  dimension_unit: 'MISSING'
}
Failed to parse comparison for match 3391: {
  grade: 'MISSING',
  length: 'MISSING',
  material: 'MISSING',
  pressure: 'MISSING',
  standard: 'MISSING',
  dimension: 'MISSING',
  product_type: 'MISSING',
  dimension_unit: 'MISSING'
}
Failed to parse comparison for match 3392: {
  grade: 'MISSING',
  length: 'MISSING',
  material: 'MISSING',
  pressure: 'MISSING',
  standard: 'MISSING',
  dimension: 'MISSING',
  product_type: 'MISSING',
  dimension_unit: 'MISSING'
}
Failed to parse comparison for match 3393: {
  grade: 'MISSING',
  length: 'MISSING',
  material: 'MISSING',
  pressure: 'MISSING',
  standard: 'MISSING',
  dimension: 'MISSING',
  product_type: 'MISSING',
  dimension_unit: 'MISSING'
}
Failed to parse comparison for match 3394: {
  grade: 'MISSING',
  length: 'MISSING',
  material: 'MISSING',
  pressure: 'MISSING',
  standard: 'MISSING',
  dimension: 'MISSING',
  product_type: 'MISSING',
  dimension_unit: 'MISSING'
}
Failed to parse comparison for match 3395: {
  grade: 'MISSING',
  length: 'MISSING',
  material: 'MISSING',
  pressure: 'MISSING',
  standard: 'MISSING',
  dimension: 'MISSING',
  product_type: 'MISSING',
  dimension_unit: 'MISSING'
}
Failed to parse comparison for match 3396: {
  grade: 'MISSING',
  length: 'MISSING',
  material: 'MISSING',
  pressure: 'MISSING',
  standard: 'MISSING',
  dimension: 'MISSING',
  product_type: 'MISSING',
  dimension_unit: 'MISSING'
}
Failed to parse comparison for match 3397: {
  grade: 'MISSING',
  length: 'MISSING',
  material: 'MISSING',
  pressure: 'MISSING',
  standard: 'MISSING',
  dimension: 'MISSING',
  product_type: 'MISSING',
  dimension_unit: 'MISSING'
}
Failed to parse comparison for match 3398: {
  grade: 'MISSING',
  length: 'MISSING',
  material: 'MISSING',
  pressure: 'MISSING',
  standard: 'MISSING',
  dimension: 'MISSING',
  product_type: 'MISSING',
  dimension_unit: 'MISSING'
}
Failed to parse comparison for match 3399: {
  grade: 'MISSING',
  length: 'MISSING',
  material: 'MISSING',
  pressure: 'MISSING',
  standard: 'MISSING',
  dimension: 'MISSING',
  product_type: 'MISSING',
  dimension_unit: 'MISSING'
}
Failed to parse comparison for match 3400: {
  grade: 'MISSING',
  length: 'MISSING',
  material: 'MISSING',
  pressure: 'MISSING',
  standard: 'MISSING',
  dimension: 'MISSING',
  product_type: 'MISSING',
  dimension_unit: 'MISSING'
}
Failed to parse comparison for match 3401: {
  grade: 'MISSING',
  length: 'MISSING',
  material: 'MISSING',
  pressure: 'MISSING',
  standard: 'MISSING',
  dimension: 'MISSING',
  product_type: 'MISSING',
  dimension_unit: 'MISSING'
}
Failed to parse comparison for match 3402: {
  grade: 'MISSING',
  length: 'MISSING',
  material: 'MISSING',
  pressure: 'MISSING',
  standard: 'MISSING',
  dimension: 'MISSING',
  product_type: 'MISSING',
  dimension_unit: 'MISSING'
}
Failed to parse comparison for match 3403: {
  grade: 'MISSING',
  length: 'MISSING',
  material: 'MISSING',
  pressure: 'MISSING',
  standard: 'MISSING',
  dimension: 'MISSING',
  product_type: 'MISSING',
  dimension_unit: 'MISSING'
}
Failed to parse comparison for match 3404: {
  grade: 'MISSING',
  length: 'MISSING',
  material: 'MISSING',
  pressure: 'MISSING',
  standard: 'MISSING',
  dimension: 'MISSING',
  product_type: 'MISSING',
  dimension_unit: 'MISSING'
}
Failed to parse comparison for match 3405: {
  grade: 'MISSING',
  length: 'MISSING',
  material: 'MISSING',
  pressure: 'MISSING',
  standard: 'MISSING',
  dimension: 'MISSING',
  product_type: 'MISSING',
  dimension_unit: 'MISSING'
}
Failed to parse comparison for match 3406: {
  grade: 'MISSING',
  length: 'MISSING',
  material: 'MISSING',
  pressure: 'MISSING',
  standard: 'MISSING',
  dimension: 'MISSING',
  product_type: 'MISSING',
  dimension_unit: 'MISSING'
}
Failed to parse comparison for match 3407: {
  grade: 'MISSING',
  length: 'MISSING',
  material: 'MISSING',
  pressure: 'MISSING',
  standard: 'MISSING',
  dimension: 'MISSING',
  product_type: 'MISSING',
  dimension_unit: 'MISSING'
}
Failed to parse comparison for match 3408: {
  grade: 'MISSING',
  length: 'MISSING',
  material: 'MISSING',
  pressure: 'MISSING',
  standard: 'MISSING',
  dimension: 'MISSING',
  product_type: 'MISSING',
  dimension_unit: 'MISSING'
}
Failed to parse comparison for match 3409: {
  grade: 'MISSING',
  length: 'MISSING',
  material: 'MISSING',
  pressure: 'MISSING',
  standard: 'MISSING',
  dimension: 'MISSING',
  product_type: 'MISSING',
  dimension_unit: 'MISSING'
}
Failed to parse comparison for match 3410: {
  grade: 'MISSING',
  length: 'MISSING',
  material: 'MISSING',
  pressure: 'MISSING',
  standard: 'MISSING',
  dimension: 'MISSING',
  product_type: 'MISSING',
  dimension_unit: 'MISSING'
}
Failed to parse comparison for match 3411: {
  grade: 'MISSING',
  length: 'MISSING',
  material: 'MISSING',
  pressure: 'MISSING',
  standard: 'MISSING',
  dimension: 'MISSING',
  product_type: 'MISSING',
  dimension_unit: 'MISSING'
}
Failed to parse comparison for match 3412: {
  grade: 'MISSING',
  length: 'MISSING',
  material: 'MISSING',
  pressure: 'MISSING',
  standard: 'MISSING',
  dimension: 'MISSING',
  product_type: 'MISSING',
  dimension_unit: 'MISSING'
}
Failed to parse comparison for match 3413: {
  grade: 'MISSING',
  length: 'MISSING',
  material: 'MISSING',
  pressure: 'MISSING',
  standard: 'MISSING',
  dimension: 'MISSING',
  product_type: 'MISSING',
  dimension_unit: 'MISSING'
}
Failed to parse comparison for match 3414: {
  grade: 'MISSING',
  length: 'MISSING',
  material: 'MISSING',
  pressure: 'MISSING',
  standard: 'MISSING',
  dimension: 'MISSING',
  product_type: 'MISSING',
  dimension_unit: 'MISSING'
}
Failed to parse comparison for match 3415: {
  grade: 'MISSING',
  length: 'MISSING',
  material: 'MISSING',
  pressure: 'MISSING',
  standard: 'MISSING',
  dimension: 'MISSING',
  product_type: 'MISSING',
  dimension_unit: 'MISSING'
}
Failed to parse comparison for match 3416: {
  grade: 'MISSING',
  length: 'MISSING',
  material: 'MISSING',
  pressure: 'MISSING',
  standard: 'MISSING',
  dimension: 'MISSING',
  product_type: 'MISSING',
  dimension_unit: 'MISSING'
}
Failed to parse comparison for match 3417: {
  grade: 'MISSING',
  length: 'MISSING',
  material: 'MISSING',
  pressure: 'MISSING',
  standard: 'MISSING',
  dimension: 'MISSING',
  product_type: 'MISSING',
  dimension_unit: 'MISSING'
}
Failed to parse comparison for match 3418: {
  grade: 'MISSING',
  length: 'MISSING',
  material: 'MISSING',
  pressure: 'MISSING',
  standard: 'MISSING',
  dimension: 'MISSING',
  product_type: 'MISSING',
  dimension_unit: 'MISSING'
}
Failed to parse comparison for match 3419: {
  grade: 'MISSING',
  length: 'MISSING',
  material: 'MISSING',
  pressure: 'MISSING',
  standard: 'MISSING',
  dimension: 'MISSING',
  product_type: 'MISSING',
  dimension_unit: 'MISSING'
}
Failed to parse comparison for match 3420: {
  grade: 'MISSING',
  length: 'MISSING',
  material: 'MISSING',
  pressure: 'MISSING',
  standard: 'MISSING',
  dimension: 'MISSING',
  product_type: 'MISSING',
  dimension_unit: 'MISSING'
}
Failed to parse comparison for match 3421: {
  grade: 'MISSING',
  length: 'MISSING',
  material: 'MISSING',
  pressure: 'MISSING',
  standard: 'MISSING',
  dimension: 'MISSING',
  product_type: 'MISSING',
  dimension_unit: 'MISSING'
}
Failed to parse comparison for match 3422: {
  grade: 'MISSING',
  length: 'MISSING',
  material: 'MISSING',
  pressure: 'MISSING',
  standard: 'MISSING',
  dimension: 'MISSING',
  product_type: 'MISSING',
  dimension_unit: 'MISSING'
}
Failed to parse comparison for match 3423: {
  grade: 'MISSING',
  length: 'MISSING',
  material: 'MISSING',
  pressure: 'MISSING',
  standard: 'MISSING',
  dimension: 'MISSING',
  product_type: 'MISSING',
  dimension_unit: 'MISSING'
}
Failed to parse comparison for match 3424: {
  grade: 'MISSING',
  length: 'MISSING',
  material: 'MISSING',
  pressure: 'MISSING',
  standard: 'MISSING',
  dimension: 'MISSING',
  product_type: 'MISSING',
  dimension_unit: 'MISSING'
}
Failed to parse comparison for match 3425: {
  grade: 'MISSING',
  length: 'MISSING',
  material: 'MISSING',
  pressure: 'MISSING',
  standard: 'MISSING',
  dimension: 'MISSING',
  product_type: 'MISSING',
  dimension_unit: 'MISSING'
}
Failed to parse comparison for match 3426: {
  grade: 'MISSING',
  length: 'MISSING',
  material: 'MISSING',
  pressure: 'MISSING',
  standard: 'MISSING',
  dimension: 'MISSING',
  product_type: 'MISSING',
  dimension_unit: 'MISSING'
}
Failed to parse comparison for match 3427: {
  grade: 'MISSING',
  length: 'MISSING',
  material: 'MISSING',
  pressure: 'MISSING',
  standard: 'MISSING',
  dimension: 'MISSING',
  product_type: 'MISSING',
  dimension_unit: 'MISSING'
}
Failed to parse comparison for match 3428: {
  grade: 'MISSING',
  length: 'MISSING',
  material: 'MISSING',
  pressure: 'MISSING',
  standard: 'MISSING',
  dimension: 'MISSING',
  product_type: 'MISSING',
  dimension_unit: 'MISSING'
}
Failed to parse comparison for match 3429: {
  grade: 'MISSING',
  length: 'MISSING',
  material: 'MISSING',
  pressure: 'MISSING',
  standard: 'MISSING',
  dimension: 'MISSING',
  product_type: 'MISSING',
  dimension_unit: 'MISSING'
}
Failed to parse comparison for match 3430: {
  grade: 'MISSING',
  length: 'MISSING',
  material: 'MISSING',
  pressure: 'MISSING',
  standard: 'MISSING',
  dimension: 'MISSING',
  product_type: 'MISSING',
  dimension_unit: 'MISSING'
}
Failed to parse comparison for match 3431: {
  grade: 'MISSING',
  length: 'MISSING',
  material: 'MISSING',
  pressure: 'MISSING',
  standard: 'MISSING',
  dimension: 'MISSING',
  product_type: 'MISSING',
  dimension_unit: 'MISSING'
}
Failed to parse comparison for match 3432: {
  grade: 'MISSING',
  length: 'MISSING',
  material: 'MISSING',
  pressure: 'MISSING',
  standard: 'MISSING',
  dimension: 'MISSING',
  product_type: 'MISSING',
  dimension_unit: 'MISSING'
}
Failed to parse comparison for match 3433: {
  grade: 'MISSING',
  length: 'MISSING',
  material: 'MISSING',
  pressure: 'MISSING',
  standard: 'MISSING',
  dimension: 'MISSING',
  product_type: 'MISSING',
  dimension_unit: 'MISSING'
}
Failed to parse comparison for match 3434: {
  grade: 'MISSING',
  length: 'MISSING',
  material: 'MISSING',
  pressure: 'MISSING',
  standard: 'MISSING',
  dimension: 'MISSING',
  product_type: 'MISSING',
  dimension_unit: 'MISSING'
}
Failed to parse comparison for match 3435: {
  grade: 'MISSING',
  length: 'MISSING',
  material: 'MISSING',
  pressure: 'MISSING',
  standard: 'MISSING',
  dimension: 'MISSING',
  product_type: 'MISSING',
  dimension_unit: 'MISSING'
}
Failed to parse comparison for match 3436: {
  grade: 'MISSING',
  length: 'MISSING',
  material: 'MISSING',
  pressure: 'MISSING',
  standard: 'MISSING',
  dimension: 'MISSING',
  product_type: 'MISSING',
  dimension_unit: 'MISSING'
}
Failed to parse comparison for match 3437: {
  grade: 'MISSING',
  length: 'MISSING',
  material: 'MISSING',
  pressure: 'MISSING',
  standard: 'MISSING',
  dimension: 'MISSING',
  product_type: 'MISSING',
  dimension_unit: 'MISSING'
}
Failed to parse comparison for match 3438: {
  grade: 'MISSING',
  length: 'MISSING',
  material: 'MISSING',
  pressure: 'MISSING',
  standard: 'MISSING',
  dimension: 'MISSING',
  product_type: 'MISSING',
  dimension_unit: 'MISSING'
}
Failed to parse comparison for match 3439: {
  grade: 'MISSING',
  length: 'MISSING',
  material: 'MISSING',
  pressure: 'MISSING',
  standard: 'MISSING',
  dimension: 'MISSING',
  product_type: 'MISSING',
  dimension_unit: 'MISSING'
}
Failed to parse comparison for match 3440: {
  grade: 'MISSING',
  length: 'MISSING',
  material: 'MISSING',
  pressure: 'MISSING',
  standard: 'MISSING',
  dimension: 'MISSING',
  product_type: 'MISSING',
  dimension_unit: 'MISSING'
}
Failed to parse comparison for match 3441: {
  grade: 'MISSING',
  length: 'MISSING',
  material: 'MISSING',
  pressure: 'MISSING',
  standard: 'MISSING',
  dimension: 'MISSING',
  product_type: 'MISSING',
  dimension_unit: 'MISSING'
}
Failed to parse comparison for match 3442: {
  grade: 'MISSING',
  length: 'MISSING',
  material: 'MISSING',
  pressure: 'MISSING',
  standard: 'MISSING',
  dimension: 'MISSING',
  product_type: 'MISSING',
  dimension_unit: 'MISSING'
}
Failed to parse comparison for match 3443: {
  grade: 'MISSING',
  length: 'MISSING',
  material: 'MISSING',
  pressure: 'MISSING',
  standard: 'MISSING',
  dimension: 'MISSING',
  product_type: 'MISSING',
  dimension_unit: 'MISSING'
}
Failed to parse comparison for match 3444: {
  grade: 'MISSING',
  length: 'MISSING',
  material: 'MISSING',
  pressure: 'MISSING',
  standard: 'MISSING',
  dimension: 'MISSING',
  product_type: 'MISSING',
  dimension_unit: 'MISSING'
}
Failed to parse comparison for match 3445: {
  grade: 'MISSING',
  length: 'MISSING',
  material: 'MISSING',
  pressure: 'MISSING',
  standard: 'MISSING',
  dimension: 'MISSING',
  product_type: 'MISSING',
  dimension_unit: 'MISSING'
}
Failed to parse comparison for match 3446: {
  grade: 'MISSING',
  length: 'MISSING',
  material: 'MISSING',
  pressure: 'MISSING',
  standard: 'MISSING',
  dimension: 'MISSING',
  product_type: 'MISSING',
  dimension_unit: 'MISSING'
}
Failed to parse comparison for match 3447: {
  grade: 'MISSING',
  length: 'MISSING',
  material: 'MISSING',
  pressure: 'MISSING',
  standard: 'MISSING',
  dimension: 'MISSING',
  product_type: 'MISSING',
  dimension_unit: 'MISSING'
}
Failed to parse comparison for match 3448: {
  grade: 'MISSING',
  length: 'MISSING',
  material: 'MISSING',
  pressure: 'MISSING',
  standard: 'MISSING',
  dimension: 'MISSING',
  product_type: 'MISSING',
  dimension_unit: 'MISSING'
}
Failed to parse comparison for match 3449: {
  grade: 'MISSING',
  length: 'MISSING',
  material: 'MISSING',
  pressure: 'MISSING',
  standard: 'MISSING',
  dimension: 'MISSING',
  product_type: 'MISSING',
  dimension_unit: 'MISSING'
}
Failed to parse comparison for match 3450: {
  grade: 'MISSING',
  length: 'MISSING',
  material: 'MISSING',
  pressure: 'MISSING',
  standard: 'MISSING',
  dimension: 'MISSING',
  product_type: 'MISSING',
  dimension_unit: 'MISSING'
}
Failed to parse comparison for match 3451: {
  grade: 'MISSING',
  length: 'MISSING',
  material: 'MISSING',
  pressure: 'MISSING',
  standard: 'MISSING',
  dimension: 'MISSING',
  product_type: 'MISSING',
  dimension_unit: 'MISSING'
}
Failed to parse comparison for match 3452: {
  grade: 'MISSING',
  length: 'MISSING',
  material: 'MISSING',
  pressure: 'MISSING',
  standard: 'MISSING',
  dimension: 'MISSING',
  product_type: 'MISSING',
  dimension_unit: 'MISSING'
}
Failed to parse comparison for match 3453: {
  grade: 'MISSING',
  length: 'MISSING',
  material: 'MISSING',
  pressure: 'MISSING',
  standard: 'MISSING',
  dimension: 'MISSING',
  product_type: 'MISSING',
  dimension_unit: 'MISSING'
}
Failed to parse comparison for match 3454: {
  grade: 'MISSING',
  length: 'MISSING',
  material: 'MISSING',
  pressure: 'MISSING',
  standard: 'MISSING',
  dimension: 'MISSING',
  product_type: 'MISSING',
  dimension_unit: 'MISSING'
}
Failed to parse comparison for match 3455: {
  grade: 'MISSING',
  length: 'MISSING',
  material: 'MISSING',
  pressure: 'MISSING',
  standard: 'MISSING',
  dimension: 'MISSING',
  product_type: 'MISSING',
  dimension_unit: 'MISSING'
}
Failed to parse comparison for match 3456: {
  grade: 'MISSING',
  length: 'MISSING',
  material: 'MISSING',
  pressure: 'MISSING',
  standard: 'MISSING',
  dimension: 'MISSING',
  product_type: 'MISSING',
  dimension_unit: 'MISSING'
}
Failed to parse comparison for match 3457: {
  grade: 'MISSING',
  length: 'MISSING',
  material: 'MISSING',
  pressure: 'MISSING',
  standard: 'MISSING',
  dimension: 'MISSING',
  product_type: 'MISSING',
  dimension_unit: 'MISSING'
}
Failed to parse comparison for match 3458: {
  grade: 'MISSING',
  length: 'MISSING',
  material: 'MISSING',
  pressure: 'MISSING',
  standard: 'MISSING',
  dimension: 'MISSING',
  product_type: 'MISSING',
  dimension_unit: 'MISSING'
}
Failed to parse comparison for match 3459: {
  grade: 'MISSING',
  length: 'MISSING',
  material: 'MISSING',
  pressure: 'MISSING',
  standard: 'MISSING',
  dimension: 'MISSING',
  product_type: 'MISSING',
  dimension_unit: 'MISSING'
}
Failed to parse comparison for match 3460: {
  grade: 'MISSING',
  length: 'MISSING',
  material: 'MISSING',
  pressure: 'MISSING',
  standard: 'MISSING',
  dimension: 'MISSING',
  product_type: 'MISSING',
  dimension_unit: 'MISSING'
}
Failed to parse comparison for match 3461: {
  grade: 'MISSING',
  length: 'MISSING',
  material: 'MISSING',
  pressure: 'MISSING',
  standard: 'MISSING',
  dimension: 'MISSING',
  product_type: 'MISSING',
  dimension_unit: 'MISSING'
}
Failed to parse comparison for match 3462: {
  grade: 'MISSING',
  length: 'MISSING',
  material: 'MISSING',
  pressure: 'MISSING',
  standard: 'MISSING',
  dimension: 'MISSING',
  product_type: 'MISSING',
  dimension_unit: 'MISSING'
}
Failed to parse comparison for match 3463: {
  grade: 'MISSING',
  length: 'MISSING',
  material: 'MISSING',
  pressure: 'MISSING',
  standard: 'MISSING',
  dimension: 'MISSING',
  product_type: 'MISSING',
  dimension_unit: 'MISSING'
}
Failed to parse comparison for match 3464: {
  grade: 'MISSING',
  length: 'MISSING',
  material: 'MISSING',
  pressure: 'MISSING',
  standard: 'MISSING',
  dimension: 'MISSING',
  product_type: 'MISSING',
  dimension_unit: 'MISSING'
}
Failed to parse comparison for match 3465: {
  grade: 'MISSING',
  length: 'MISSING',
  material: 'MISSING',
  pressure: 'MISSING',
  standard: 'MISSING',
  dimension: 'MISSING',
  product_type: 'MISSING',
  dimension_unit: 'MISSING'
}
Failed to parse comparison for match 3466: {
  grade: 'MISSING',
  length: 'MISSING',
  material: 'MISSING',
  pressure: 'MISSING',
  standard: 'MISSING',
  dimension: 'MISSING',
  product_type: 'MISSING',
  dimension_unit: 'MISSING'
}
Failed to parse comparison for match 3467: {
  grade: 'MISSING',
  length: 'MISSING',
  material: 'MISSING',
  pressure: 'MISSING',
  standard: 'MISSING',
  dimension: 'MISSING',
  product_type: 'MISSING',
  dimension_unit: 'MISSING'
}
Failed to parse comparison for match 3468: {
  grade: 'MISSING',
  length: 'MISSING',
  material: 'MISSING',
  pressure: 'MISSING',
  standard: 'MISSING',
  dimension: 'MISSING',
  product_type: 'MISSING',
  dimension_unit: 'MISSING'
}
Failed to parse comparison for match 3469: {
  grade: 'MISSING',
  length: 'MISSING',
  material: 'MISSING',
  pressure: 'MISSING',
  standard: 'MISSING',
  dimension: 'MISSING',
  product_type: 'MISSING',
  dimension_unit: 'MISSING'
}
Failed to parse comparison for match 3470: {
  grade: 'MISSING',
  length: 'MISSING',
  material: 'MISSING',
  pressure: 'MISSING',
  standard: 'MISSING',
  dimension: 'MISSING',
  product_type: 'MISSING',
  dimension_unit: 'MISSING'
}
Failed to parse comparison for match 3471: {
  grade: 'MISSING',
  length: 'MISSING',
  material: 'MISSING',
  pressure: 'MISSING',
  standard: 'MISSING',
  dimension: 'MISSING',
  product_type: 'MISSING',
  dimension_unit: 'MISSING'
}
Failed to parse comparison for match 3472: {
  grade: 'MISSING',
  length: 'MISSING',
  material: 'MISSING',
  pressure: 'MISSING',
  standard: 'MISSING',
  dimension: 'MISSING',
  product_type: 'MISSING',
  dimension_unit: 'MISSING'
}
Failed to parse comparison for match 3473: {
  grade: 'MISSING',
  length: 'MISSING',
  material: 'MISSING',
  pressure: 'MISSING',
  standard: 'MISSING',
  dimension: 'MISSING',
  product_type: 'MISSING',
  dimension_unit: 'MISSING'
}
Failed to parse comparison for match 3474: {
  grade: 'MISSING',
  length: 'MISSING',
  material: 'MISSING',
  pressure: 'MISSING',
  standard: 'MISSING',
  dimension: 'MISSING',
  product_type: 'MISSING',
  dimension_unit: 'MISSING'
}
Failed to parse comparison for match 3475: {
  grade: 'MISSING',
  length: 'MISSING',
  material: 'MISSING',
  pressure: 'MISSING',
  standard: 'MISSING',
  dimension: 'MISSING',
  product_type: 'MISSING',
  dimension_unit: 'MISSING'
}
Failed to parse comparison for match 3476: {
  grade: 'MISSING',
  length: 'MISSING',
  material: 'MISSING',
  pressure: 'MISSING',
  standard: 'MISSING',
  dimension: 'MISSING',
  product_type: 'MISSING',
  dimension_unit: 'MISSING'
}
Failed to parse comparison for match 3477: {
  grade: 'MISSING',
  length: 'MISSING',
  material: 'MISSING',
  pressure: 'MISSING',
  standard: 'MISSING',
  dimension: 'MISSING',
  product_type: 'MISSING',
  dimension_unit: 'MISSING'
}
Failed to parse comparison for match 3478: {
  grade: 'MISSING',
  length: 'MISSING',
  material: 'MISSING',
  pressure: 'MISSING',
  standard: 'MISSING',
  dimension: 'MISSING',
  product_type: 'MISSING',
  dimension_unit: 'MISSING'
}
Failed to parse comparison for match 3479: {
  grade: 'MISSING',
  length: 'MISSING',
  material: 'MISSING',
  pressure: 'MISSING',
  standard: 'MISSING',
  dimension: 'MISSING',
  product_type: 'MISSING',
  dimension_unit: 'MISSING'
}
Failed to parse comparison for match 3480: {
  grade: 'MISSING',
  length: 'MISSING',
  material: 'MISSING',
  pressure: 'MISSING',
  standard: 'MISSING',
  dimension: 'MISSING',
  product_type: 'MISSING',
  dimension_unit: 'MISSING'
}
Failed to parse comparison for match 3481: {
  grade: 'MISSING',
  length: 'MISSING',
  material: 'MISSING',
  pressure: 'MISSING',
  standard: 'MISSING',
  dimension: 'MISSING',
  product_type: 'MISSING',
  dimension_unit: 'MISSING'
}
Failed to parse comparison for match 3482: {
  grade: 'MISSING',
  length: 'MISSING',
  material: 'MISSING',
  pressure: 'MISSING',
  standard: 'MISSING',
  dimension: 'MISSING',
  product_type: 'MISSING',
  dimension_unit: 'MISSING'
}
Failed to parse comparison for match 3483: {
  grade: 'MISSING',
  length: 'MISSING',
  material: 'MISSING',
  pressure: 'MISSING',
  standard: 'MISSING',
  dimension: 'MISSING',
  product_type: 'MISSING',
  dimension_unit: 'MISSING'
}
Failed to parse comparison for match 3484: {
  grade: 'MISSING',
  length: 'MISSING',
  material: 'MISSING',
  pressure: 'MISSING',
  standard: 'MISSING',
  dimension: 'MISSING',
  product_type: 'MISSING',
  dimension_unit: 'MISSING'
}
Failed to parse comparison for match 3485: {
  grade: 'MISSING',
  length: 'MISSING',
  material: 'MISSING',
  pressure: 'MISSING',
  standard: 'MISSING',
  dimension: 'MISSING',
  product_type: 'MISSING',
  dimension_unit: 'MISSING'
}
Failed to parse comparison for match 3486: {
  grade: 'MISSING',
  length: 'MISSING',
  material: 'MISSING',
  pressure: 'MISSING',
  standard: 'MISSING',
  dimension: 'MISSING',
  product_type: 'MISSING',
  dimension_unit: 'MISSING'
}
Failed to parse comparison for match 3487: {
  grade: 'MISSING',
  length: 'MISSING',
  material: 'MISSING',
  pressure: 'MISSING',
  standard: 'MISSING',
  dimension: 'MISSING',
  product_type: 'MISSING',
  dimension_unit: 'MISSING'
}
Failed to parse comparison for match 3488: {
  grade: 'MISSING',
  length: 'MISSING',
  material: 'MISSING',
  pressure: 'MISSING',
  standard: 'MISSING',
  dimension: 'MISSING',
  product_type: 'MISSING',
  dimension_unit: 'MISSING'
}
Failed to parse comparison for match 3489: {
  grade: 'MISSING',
  length: 'MISSING',
  material: 'MISSING',
  pressure: 'MISSING',
  standard: 'MISSING',
  dimension: 'MISSING',
  product_type: 'MISSING',
  dimension_unit: 'MISSING'
}
Failed to parse comparison for match 3490: {
  grade: 'MISSING',
  length: 'MISSING',
  material: 'MISSING',
  pressure: 'MISSING',
  standard: 'MISSING',
  dimension: 'MISSING',
  product_type: 'MISSING',
  dimension_unit: 'MISSING'
}
Failed to parse comparison for match 3491: {
  grade: 'MISSING',
  length: 'MISSING',
  material: 'MISSING',
  pressure: 'MISSING',
  standard: 'MISSING',
  dimension: 'MISSING',
  product_type: 'MISSING',
  dimension_unit: 'MISSING'
}
Failed to parse comparison for match 3492: {
  grade: 'MISSING',
  length: 'MISSING',
  material: 'MISSING',
  pressure: 'MISSING',
  standard: 'MISSING',
  dimension: 'MISSING',
  product_type: 'MISSING',
  dimension_unit: 'MISSING'
}
Failed to parse comparison for match 3493: {
  grade: 'MISSING',
  length: 'MISSING',
  material: 'MISSING',
  pressure: 'MISSING',
  standard: 'MISSING',
  dimension: 'MISSING',
  product_type: 'MISSING',
  dimension_unit: 'MISSING'
}
Failed to parse comparison for match 3494: {
  grade: 'MISSING',
  length: 'MISSING',
  material: 'MISSING',
  pressure: 'MISSING',
  standard: 'MISSING',
  dimension: 'MISSING',
  product_type: 'MISSING',
  dimension_unit: 'MISSING'
}
Failed to parse comparison for match 3495: {
  grade: 'MISSING',
  length: 'MISSING',
  material: 'MISSING',
  pressure: 'MISSING',
  standard: 'MISSING',
  dimension: 'MISSING',
  product_type: 'MISSING',
  dimension_unit: 'MISSING'
}
Failed to parse comparison for match 3496: {
  grade: 'MISSING',
  length: 'MISSING',
  material: 'MISSING',
  pressure: 'MISSING',
  standard: 'MISSING',
  dimension: 'MISSING',
  product_type: 'MISSING',
  dimension_unit: 'MISSING'
}
Failed to parse comparison for match 3497: {
  grade: 'MISSING',
  length: 'MISSING',
  material: 'MISSING',
  pressure: 'MISSING',
  standard: 'MISSING',
  dimension: 'MISSING',
  product_type: 'MISSING',
  dimension_unit: 'MISSING'
}
Failed to parse comparison for match 3498: {
  grade: 'MISSING',
  length: 'MISSING',
  material: 'MISSING',
  pressure: 'MISSING',
  standard: 'MISSING',
  dimension: 'MISSING',
  product_type: 'MISSING',
  dimension_unit: 'MISSING'
}
Failed to parse comparison for match 3499: {
  grade: 'MISSING',
  length: 'MISSING',
  material: 'MISSING',
  pressure: 'MISSING',
  standard: 'MISSING',
  dimension: 'MISSING',
  product_type: 'MISSING',
  dimension_unit: 'MISSING'
}
Failed to parse comparison for match 3500: {
  grade: 'MISSING',
  length: 'MISSING',
  material: 'MISSING',
  pressure: 'MISSING',
  standard: 'MISSING',
  dimension: 'MISSING',
  product_type: 'MISSING',
  dimension_unit: 'MISSING'
}
Failed to parse comparison for match 3501: {
  grade: 'MISSING',
  length: 'MISSING',
  material: 'MISSING',
  pressure: 'MISSING',
  standard: 'MISSING',
  dimension: 'MISSING',
  product_type: 'MISSING',
  dimension_unit: 'MISSING'
}
Failed to parse comparison for match 3502: {
  grade: 'MISSING',
  length: 'MISSING',
  material: 'MISSING',
  pressure: 'MISSING',
  standard: 'MISSING',
  dimension: 'MISSING',
  product_type: 'MISSING',
  dimension_unit: 'MISSING'
}
Failed to parse comparison for match 3503: {
  grade: 'MISSING',
  length: 'MISSING',
  material: 'MISSING',
  pressure: 'MISSING',
  standard: 'MISSING',
  dimension: 'MISSING',
  product_type: 'MISSING',
  dimension_unit: 'MISSING'
}
Failed to parse comparison for match 3504: {
  grade: 'MISSING',
  length: 'MISSING',
  material: 'MISSING',
  pressure: 'MISSING',
  standard: 'MISSING',
  dimension: 'MISSING',
  product_type: 'MISSING',
  dimension_unit: 'MISSING'
}
Failed to parse comparison for match 3505: {
  grade: 'MISSING',
  length: 'MISSING',
  material: 'MISSING',
  pressure: 'MISSING',
  standard: 'MISSING',
  dimension: 'MISSING',
  product_type: 'MISSING',
  dimension_unit: 'MISSING'
}
Failed to parse comparison for match 3506: {
  grade: 'MISSING',
  length: 'MISSING',
  material: 'MISSING',
  pressure: 'MISSING',
  standard: 'MISSING',
  dimension: 'MISSING',
  product_type: 'MISSING',
  dimension_unit: 'MISSING'
}
Failed to parse comparison for match 3507: {
  grade: 'MISSING',
  length: 'MISSING',
  material: 'MISSING',
  pressure: 'MISSING',
  standard: 'MISSING',
  dimension: 'MISSING',
  product_type: 'MISSING',
  dimension_unit: 'MISSING'
}
Failed to parse comparison for match 3508: {
  grade: 'MISSING',
  length: 'MISSING',
  material: 'MISSING',
  pressure: 'MISSING',
  standard: 'MISSING',
  dimension: 'MISSING',
  product_type: 'MISSING',
  dimension_unit: 'MISSING'
}
Failed to parse comparison for match 3509: {
  grade: 'MISSING',
  length: 'MISSING',
  material: 'MISSING',
  pressure: 'MISSING',
  standard: 'MISSING',
  dimension: 'MISSING',
  product_type: 'MISSING',
  dimension_unit: 'MISSING'
}
Failed to parse comparison for match 3510: {
  grade: 'MISSING',
  length: 'MISSING',
  material: 'MISSING',
  pressure: 'MISSING',
  standard: 'MISSING',
  dimension: 'MISSING',
  product_type: 'MISSING',
  dimension_unit: 'MISSING'
}
Failed to parse comparison for match 3511: {
  grade: 'MISSING',
  length: 'MISSING',
  material: 'MISSING',
  pressure: 'MISSING',
  standard: 'MISSING',
  dimension: 'MISSING',
  product_type: 'MISSING',
  dimension_unit: 'MISSING'
}
Failed to parse comparison for match 3512: {
  grade: 'MISSING',
  length: 'MISSING',
  material: 'MISSING',
  pressure: 'MISSING',
  standard: 'MISSING',
  dimension: 'MISSING',
  product_type: 'MISSING',
  dimension_unit: 'MISSING'
}
Failed to parse comparison for match 3513: {
  grade: 'MISSING',
  length: 'MISSING',
  material: 'MISSING',
  pressure: 'MISSING',
  standard: 'MISSING',
  dimension: 'MISSING',
  product_type: 'MISSING',
  dimension_unit: 'MISSING'
}
Failed to parse comparison for match 3514: {
  grade: 'MISSING',
  length: 'MISSING',
  material: 'MISSING',
  pressure: 'MISSING',
  standard: 'MISSING',
  dimension: 'MISSING',
  product_type: 'MISSING',
  dimension_unit: 'MISSING'
}
Failed to parse comparison for match 3515: {
  grade: 'MISSING',
  length: 'MISSING',
  material: 'MISSING',
  pressure: 'MISSING',
  standard: 'MISSING',
  dimension: 'MISSING',
  product_type: 'MISSING',
  dimension_unit: 'MISSING'
}
Failed to parse comparison for match 3516: {
  grade: 'MISSING',
  length: 'MISSING',
  material: 'MISSING',
  pressure: 'MISSING',
  standard: 'MISSING',
  dimension: 'MISSING',
  product_type: 'MISSING',
  dimension_unit: 'MISSING'
}
Failed to parse comparison for match 3517: {
  grade: 'MISSING',
  length: 'MISSING',
  material: 'MISSING',
  pressure: 'MISSING',
  standard: 'MISSING',
  dimension: 'MISSING',
  product_type: 'MISSING',
  dimension_unit: 'MISSING'
}
Failed to parse comparison for match 3518: {
  grade: 'MISSING',
  length: 'MISSING',
  material: 'MISSING',
  pressure: 'MISSING',
  standard: 'MISSING',
  dimension: 'MISSING',
  product_type: 'MISSING',
  dimension_unit: 'MISSING'
}
Failed to parse comparison for match 3519: {
  grade: 'MISSING',
  length: 'MISSING',
  material: 'MISSING',
  pressure: 'MISSING',
  standard: 'MISSING',
  dimension: 'MISSING',
  product_type: 'MISSING',
  dimension_unit: 'MISSING'
}
Failed to parse comparison for match 3520: {
  grade: 'MISSING',
  length: 'MISSING',
  material: 'MISSING',
  pressure: 'MISSING',
  standard: 'MISSING',
  dimension: 'MISSING',
  product_type: 'MISSING',
  dimension_unit: 'MISSING'
}
Failed to parse comparison for match 3521: {
  grade: 'MISSING',
  length: 'MISSING',
  material: 'MISSING',
  pressure: 'MISSING',
  standard: 'MISSING',
  dimension: 'MISSING',
  product_type: 'MISSING',
  dimension_unit: 'MISSING'
}
Failed to parse comparison for match 3522: {
  grade: 'MISSING',
  length: 'MISSING',
  material: 'MISSING',
  pressure: 'MISSING',
  standard: 'MISSING',
  dimension: 'MISSING',
  product_type: 'MISSING',
  dimension_unit: 'MISSING'
}
Failed to parse comparison for match 3523: {
  grade: 'MISSING',
  length: 'MISSING',
  material: 'MISSING',
  pressure: 'MISSING',
  standard: 'MISSING',
  dimension: 'MISSING',
  product_type: 'MISSING',
  dimension_unit: 'MISSING'
}
Failed to parse comparison for match 3524: {
  grade: 'MISSING',
  length: 'MISSING',
  material: 'MISSING',
  pressure: 'MISSING',
  standard: 'MISSING',
  dimension: 'MISSING',
  product_type: 'MISSING',
  dimension_unit: 'MISSING'
}
Failed to parse comparison for match 3525: {
  grade: 'MISSING',
  length: 'MISSING',
  material: 'MISSING',
  pressure: 'MISSING',
  standard: 'MISSING',
  dimension: 'MISSING',
  product_type: 'MISSING',
  dimension_unit: 'MISSING'
}
Failed to parse comparison for match 3526: {
  grade: 'MISSING',
  length: 'MISSING',
  material: 'MISSING',
  pressure: 'MISSING',
  standard: 'MISSING',
  dimension: 'MISSING',
  product_type: 'MISSING',
  dimension_unit: 'MISSING'
}
Failed to parse comparison for match 3527: {
  grade: 'MISSING',
  length: 'MISSING',
  material: 'MISSING',
  pressure: 'MISSING',
  standard: 'MISSING',
  dimension: 'MISSING',
  product_type: 'MISSING',
  dimension_unit: 'MISSING'
}
Failed to parse comparison for match 3528: {
  grade: 'MISSING',
  length: 'MISSING',
  material: 'MISSING',
  pressure: 'MISSING',
  standard: 'MISSING',
  dimension: 'MISSING',
  product_type: 'MISSING',
  dimension_unit: 'MISSING'
}
Failed to parse comparison for match 3529: {
  grade: 'MISSING',
  length: 'MISSING',
  material: 'MISSING',
  pressure: 'MISSING',
  standard: 'MISSING',
  dimension: 'MISSING',
  product_type: 'MISSING',
  dimension_unit: 'MISSING'
}
Failed to parse comparison for match 3530: {
  grade: 'MISSING',
  length: 'MISSING',
  material: 'MISSING',
  pressure: 'MISSING',
  standard: 'MISSING',
  dimension: 'MISSING',
  product_type: 'MISSING',
  dimension_unit: 'MISSING'
}
Failed to parse comparison for match 3531: {
  grade: 'MISSING',
  length: 'MISSING',
  material: 'MISSING',
  pressure: 'MISSING',
  standard: 'MISSING',
  dimension: 'MISSING',
  product_type: 'MISSING',
  dimension_unit: 'MISSING'
}
Failed to parse comparison for match 3532: {
  grade: 'MISSING',
  length: 'MISSING',
  material: 'MISSING',
  pressure: 'MISSING',
  standard: 'MISSING',
  dimension: 'MISSING',
  product_type: 'MISSING',
  dimension_unit: 'MISSING'
}
Failed to parse comparison for match 3533: {
  grade: 'MISSING',
  length: 'MISSING',
  material: 'MISSING',
  pressure: 'MISSING',
  standard: 'MISSING',
  dimension: 'MISSING',
  product_type: 'MISSING',
  dimension_unit: 'MISSING'
}
Failed to parse comparison for match 3534: {
  grade: 'MISSING',
  length: 'MISSING',
  material: 'MISSING',
  pressure: 'MISSING',
  standard: 'MISSING',
  dimension: 'MISSING',
  product_type: 'MISSING',
  dimension_unit: 'MISSING'
}
Failed to parse comparison for match 3535: {
  grade: 'MISSING',
  length: 'MISSING',
  material: 'MISSING',
  pressure: 'MISSING',
  standard: 'MISSING',
  dimension: 'MISSING',
  product_type: 'MISSING',
  dimension_unit: 'MISSING'
}
Failed to parse comparison for match 3536: {
  grade: 'MISSING',
  length: 'MISSING',
  material: 'MISSING',
  pressure: 'MISSING',
  standard: 'MISSING',
  dimension: 'MISSING',
  product_type: 'MISSING',
  dimension_unit: 'MISSING'
}
Failed to parse comparison for match 3537: {
  grade: 'MISSING',
  length: 'MISSING',
  material: 'MISSING',
  pressure: 'MISSING',
  standard: 'MISSING',
  dimension: 'MISSING',
  product_type: 'MISSING',
  dimension_unit: 'MISSING'
}
Failed to parse comparison for match 3538: {
  grade: 'MISSING',
  length: 'MISSING',
  material: 'MISSING',
  pressure: 'MISSING',
  standard: 'MISSING',
  dimension: 'MISSING',
  product_type: 'MISSING',
  dimension_unit: 'MISSING'
}
Failed to parse comparison for match 3539: {
  grade: 'MISSING',
  length: 'MISSING',
  material: 'MISSING',
  pressure: 'MISSING',
  standard: 'MISSING',
  dimension: 'MISSING',
  product_type: 'MISSING',
  dimension_unit: 'MISSING'
}
Failed to parse comparison for match 3540: {
  grade: 'MISSING',
  length: 'MISSING',
  material: 'MISSING',
  pressure: 'MISSING',
  standard: 'MISSING',
  dimension: 'MISSING',
  product_type: 'MISSING',
  dimension_unit: 'MISSING'
}
Failed to parse comparison for match 3541: {
  grade: 'MISSING',
  length: 'MISSING',
  material: 'MISSING',
  pressure: 'MISSING',
  standard: 'MISSING',
  dimension: 'MISSING',
  product_type: 'MISSING',
  dimension_unit: 'MISSING'
}
Failed to parse comparison for match 3542: {
  grade: 'MISSING',
  length: 'MISSING',
  material: 'MISSING',
  pressure: 'MISSING',
  standard: 'MISSING',
  dimension: 'MISSING',
  product_type: 'MISSING',
  dimension_unit: 'MISSING'
}
Failed to parse comparison for match 3543: {
  grade: 'MISSING',
  length: 'MISSING',
  material: 'MISSING',
  pressure: 'MISSING',
  standard: 'MISSING',
  dimension: 'MISSING',
  product_type: 'MISSING',
  dimension_unit: 'MISSING'
}
Failed to parse comparison for match 3544: {
  grade: 'MISSING',
  length: 'MISSING',
  material: 'MISSING',
  pressure: 'MISSING',
  standard: 'MISSING',
  dimension: 'MISSING',
  product_type: 'MISSING',
  dimension_unit: 'MISSING'
}
Failed to parse comparison for match 3545: {
  grade: 'MISSING',
  length: 'MISSING',
  material: 'MISSING',
  pressure: 'MISSING',
  standard: 'MISSING',
  dimension: 'MISSING',
  product_type: 'MISSING',
  dimension_unit: 'MISSING'
}
Failed to parse comparison for match 3546: {
  grade: 'MISSING',
  length: 'MISSING',
  material: 'MISSING',
  pressure: 'MISSING',
  standard: 'MISSING',
  dimension: 'MISSING',
  product_type: 'MISSING',
  dimension_unit: 'MISSING'
}
Failed to parse comparison for match 3547: {
  grade: 'MISSING',
  length: 'MISSING',
  material: 'MISSING',
  pressure: 'MISSING',
  standard: 'MISSING',
  dimension: 'MISSING',
  product_type: 'MISSING',
  dimension_unit: 'MISSING'
}
Failed to parse comparison for match 3548: {
  grade: 'MISSING',
  length: 'MISSING',
  material: 'MISSING',
  pressure: 'MISSING',
  standard: 'MISSING',
  dimension: 'MISSING',
  product_type: 'MISSING',
  dimension_unit: 'MISSING'
}
Failed to parse comparison for match 3549: {
  grade: 'MISSING',
  length: 'MISSING',
  material: 'MISSING',
  pressure: 'MISSING',
  standard: 'MISSING',
  dimension: 'MISSING',
  product_type: 'MISSING',
  dimension_unit: 'MISSING'
}
Failed to parse comparison for match 3550: {
  grade: 'MISSING',
  length: 'MISSING',
  material: 'MISSING',
  pressure: 'MISSING',
  standard: 'MISSING',
  dimension: 'MISSING',
  product_type: 'MISSING',
  dimension_unit: 'MISSING'
}
Failed to parse comparison for match 3551: {
  grade: 'MISSING',
  length: 'MISSING',
  material: 'MISSING',
  pressure: 'MISSING',
  standard: 'MISSING',
  dimension: 'MISSING',
  product_type: 'MISSING',
  dimension_unit: 'MISSING'
}
Failed to parse comparison for match 3552: {
  grade: 'MISSING',
  length: 'MISSING',
  material: 'MISSING',
  pressure: 'MISSING',
  standard: 'MISSING',
  dimension: 'MISSING',
  product_type: 'MISSING',
  dimension_unit: 'MISSING'
}
Failed to parse comparison for match 3553: {
  grade: 'MISSING',
  length: 'MISSING',
  material: 'MISSING',
  pressure: 'MISSING',
  standard: 'MISSING',
  dimension: 'MISSING',
  product_type: 'MISSING',
  dimension_unit: 'MISSING'
}
Failed to parse comparison for match 3554: {
  grade: 'MISSING',
  length: 'MISSING',
  material: 'MISSING',
  pressure: 'MISSING',
  standard: 'MISSING',
  dimension: 'MISSING',
  product_type: 'MISSING',
  dimension_unit: 'MISSING'
}
Failed to parse comparison for match 3555: {
  grade: 'MISSING',
  length: 'MISSING',
  material: 'MISSING',
  pressure: 'MISSING',
  standard: 'MISSING',
  dimension: 'MISSING',
  product_type: 'MISSING',
  dimension_unit: 'MISSING'
}
Failed to parse comparison for match 3556: {
  grade: 'MISSING',
  length: 'MISSING',
  material: 'MISSING',
  pressure: 'MISSING',
  standard: 'MISSING',
  dimension: 'MISSING',
  product_type: 'MISSING',
  dimension_unit: 'MISSING'
}
Failed to parse comparison for match 3557: {
  grade: 'MISSING',
  length: 'MISSING',
  material: 'MISSING',
  pressure: 'MISSING',
  standard: 'MISSING',
  dimension: 'MISSING',
  product_type: 'MISSING',
  dimension_unit: 'MISSING'
}
Failed to parse comparison for match 3558: {
  grade: 'MISSING',
  length: 'MISSING',
  material: 'MISSING',
  pressure: 'MISSING',
  standard: 'MISSING',
  dimension: 'MISSING',
  product_type: 'MISSING',
  dimension_unit: 'MISSING'
}
Failed to parse comparison for match 3559: {
  grade: 'MISSING',
  length: 'MISSING',
  material: 'MISSING',
  pressure: 'MISSING',
  standard: 'MISSING',
  dimension: 'MISSING',
  product_type: 'MISSING',
  dimension_unit: 'MISSING'
}
Failed to parse comparison for match 3560: {
  grade: 'MISSING',
  length: 'MISSING',
  material: 'MISSING',
  pressure: 'MISSING',
  standard: 'MISSING',
  dimension: 'MISSING',
  product_type: 'MISSING',
  dimension_unit: 'MISSING'
}
Failed to parse comparison for match 3561: {
  grade: 'MISSING',
  length: 'MISSING',
  material: 'MISSING',
  pressure: 'MISSING',
  standard: 'MISSING',
  dimension: 'MISSING',
  product_type: 'MISSING',
  dimension_unit: 'MISSING'
}
Failed to parse comparison for match 3562: {
  grade: 'MISSING',
  length: 'MISSING',
  material: 'MISSING',
  pressure: 'MISSING',
  standard: 'MISSING',
  dimension: 'MISSING',
  product_type: 'MISSING',
  dimension_unit: 'MISSING'
}
Failed to parse comparison for match 3563: {
  grade: 'MISSING',
  length: 'MISSING',
  material: 'MISSING',
  pressure: 'MISSING',
  standard: 'MISSING',
  dimension: 'MISSING',
  product_type: 'MISSING',
  dimension_unit: 'MISSING'
}
Failed to parse comparison for match 3564: {
  grade: 'MISSING',
  length: 'MISSING',
  material: 'MISSING',
  pressure: 'MISSING',
  standard: 'MISSING',
  dimension: 'MISSING',
  product_type: 'MISSING',
  dimension_unit: 'MISSING'
}
Failed to parse comparison for match 3565: {
  grade: 'MISSING',
  length: 'MISSING',
  material: 'MISSING',
  pressure: 'MISSING',
  standard: 'MISSING',
  dimension: 'MISSING',
  product_type: 'MISSING',
  dimension_unit: 'MISSING'
}
Failed to parse comparison for match 3566: {
  grade: 'MISSING',
  length: 'MISSING',
  material: 'MISSING',
  pressure: 'MISSING',
  standard: 'MISSING',
  dimension: 'MISSING',
  product_type: 'MISSING',
  dimension_unit: 'MISSING'
}
Failed to parse comparison for match 3567: {
  grade: 'MISSING',
  length: 'MISSING',
  material: 'MISSING',
  pressure: 'MISSING',
  standard: 'MISSING',
  dimension: 'MISSING',
  product_type: 'MISSING',
  dimension_unit: 'MISSING'
}
Failed to parse comparison for match 3568: {
  grade: 'MISSING',
  length: 'MISSING',
  material: 'MISSING',
  pressure: 'MISSING',
  standard: 'MISSING',
  dimension: 'MISSING',
  product_type: 'MISSING',
  dimension_unit: 'MISSING'
}
Failed to parse comparison for match 3569: {
  grade: 'MISSING',
  length: 'MISSING',
  material: 'MISSING',
  pressure: 'MISSING',
  standard: 'MISSING',
  dimension: 'MISSING',
  product_type: 'MISSING',
  dimension_unit: 'MISSING'
}
Failed to parse comparison for match 3570: {
  grade: 'MISSING',
  length: 'MISSING',
  material: 'MISSING',
  pressure: 'MISSING',
  standard: 'MISSING',
  dimension: 'MISSING',
  product_type: 'MISSING',
  dimension_unit: 'MISSING'
}
Failed to parse comparison for match 3571: {
  grade: 'MISSING',
  length: 'MISSING',
  material: 'MISSING',
  pressure: 'MISSING',
  standard: 'MISSING',
  dimension: 'MISSING',
  product_type: 'MISSING',
  dimension_unit: 'MISSING'
}
Failed to parse comparison for match 3572: {
  grade: 'MISSING',
  length: 'MISSING',
  material: 'MISSING',
  pressure: 'MISSING',
  standard: 'MISSING',
  dimension: 'MISSING',
  product_type: 'MISSING',
  dimension_unit: 'MISSING'
}
Failed to parse comparison for match 3573: {
  grade: 'MISSING',
  length: 'MISSING',
  material: 'MISSING',
  pressure: 'MISSING',
  standard: 'MISSING',
  dimension: 'MISSING',
  product_type: 'MISSING',
  dimension_unit: 'MISSING'
}
Failed to parse comparison for match 3574: {
  grade: 'MISSING',
  length: 'MISSING',
  material: 'MISSING',
  pressure: 'MISSING',
  standard: 'MISSING',
  dimension: 'MISSING',
  product_type: 'MISSING',
  dimension_unit: 'MISSING'
}
Failed to parse comparison for match 3575: {
  grade: 'MISSING',
  length: 'MISSING',
  material: 'MISSING',
  pressure: 'MISSING',
  standard: 'MISSING',
  dimension: 'MISSING',
  product_type: 'MISSING',
  dimension_unit: 'MISSING'
}
Failed to parse comparison for match 3576: {
  grade: 'MISSING',
  length: 'MISSING',
  material: 'MISSING',
  pressure: 'MISSING',
  standard: 'MISSING',
  dimension: 'MISSING',
  product_type: 'MISSING',
  dimension_unit: 'MISSING'
}
Failed to parse comparison for match 3577: {
  grade: 'MISSING',
  length: 'MISSING',
  material: 'MISSING',
  pressure: 'MISSING',
  standard: 'MISSING',
  dimension: 'MISSING',
  product_type: 'MISSING',
  dimension_unit: 'MISSING'
}
Failed to parse comparison for match 3578: {
  grade: 'MISSING',
  length: 'MISSING',
  material: 'MISSING',
  pressure: 'MISSING',
  standard: 'MISSING',
  dimension: 'MISSING',
  product_type: 'MISSING',
  dimension_unit: 'MISSING'
}
Failed to parse comparison for match 3579: {
  grade: 'MISSING',
  length: 'MISSING',
  material: 'MISSING',
  pressure: 'MISSING',
  standard: 'MISSING',
  dimension: 'MISSING',
  product_type: 'MISSING',
  dimension_unit: 'MISSING'
}
Failed to parse comparison for match 3580: {
  grade: 'MISSING',
  length: 'MISSING',
  material: 'MISSING',
  pressure: 'MISSING',
  standard: 'MISSING',
  dimension: 'MISSING',
  product_type: 'MISSING',
  dimension_unit: 'MISSING'
}
Failed to parse comparison for match 3581: {
  grade: 'MISSING',
  length: 'MISSING',
  material: 'MISSING',
  pressure: 'MISSING',
  standard: 'MISSING',
  dimension: 'MISSING',
  product_type: 'MISSING',
  dimension_unit: 'MISSING'
}
Failed to parse comparison for match 3582: {
  grade: 'MISSING',
  length: 'MISSING',
  material: 'MISSING',
  pressure: 'MISSING',
  standard: 'MISSING',
  dimension: 'MISSING',
  product_type: 'MISSING',
  dimension_unit: 'MISSING'
}
Failed to parse comparison for match 3583: {
  grade: 'MISSING',
  length: 'MISSING',
  material: 'MISSING',
  pressure: 'MISSING',
  standard: 'MISSING',
  dimension: 'MISSING',
  product_type: 'MISSING',
  dimension_unit: 'MISSING'
}
Failed to parse comparison for match 3584: {
  grade: 'MISSING',
  length: 'MISSING',
  material: 'MISSING',
  pressure: 'MISSING',
  standard: 'MISSING',
  dimension: 'MISSING',
  product_type: 'MISSING',
  dimension_unit: 'MISSING'
}
Failed to parse comparison for match 3585: {
  grade: 'MISSING',
  length: 'MISSING',
  material: 'MISSING',
  pressure: 'MISSING',
  standard: 'MISSING',
  dimension: 'MISSING',
  product_type: 'MISSING',
  dimension_unit: 'MISSING'
}
Failed to parse comparison for match 3586: {
  grade: 'MISSING',
  length: 'MISSING',
  material: 'MISSING',
  pressure: 'MISSING',
  standard: 'MISSING',
  dimension: 'MISSING',
  product_type: 'MISSING',
  dimension_unit: 'MISSING'
}
Failed to parse comparison for match 3587: {
  grade: 'MISSING',
  length: 'MISSING',
  material: 'MISSING',
  pressure: 'MISSING',
  standard: 'MISSING',
  dimension: 'MISSING',
  product_type: 'MISSING',
  dimension_unit: 'MISSING'
}
Failed to parse comparison for match 3588: {
  grade: 'MISSING',
  length: 'MISSING',
  material: 'MISSING',
  pressure: 'MISSING',
  standard: 'MISSING',
  dimension: 'MISSING',
  product_type: 'MISSING',
  dimension_unit: 'MISSING'
}
Failed to parse comparison for match 3589: {
  grade: 'MISSING',
  length: 'MISSING',
  material: 'MISSING',
  pressure: 'MISSING',
  standard: 'MISSING',
  dimension: 'MISSING',
  product_type: 'MISSING',
  dimension_unit: 'MISSING'
}
Failed to parse comparison for match 3590: {
  grade: 'MISSING',
  length: 'MISSING',
  material: 'MISSING',
  pressure: 'MISSING',
  standard: 'MISSING',
  dimension: 'MISSING',
  product_type: 'MISSING',
  dimension_unit: 'MISSING'
}
Failed to parse comparison for match 3591: {
  grade: 'MISSING',
  length: 'MISSING',
  material: 'MISSING',
  pressure: 'MISSING',
  standard: 'MISSING',
  dimension: 'MISSING',
  product_type: 'MISSING',
  dimension_unit: 'MISSING'
}
Failed to parse comparison for match 3592: {
  grade: 'MISSING',
  length: 'MISSING',
  material: 'MISSING',
  pressure: 'MISSING',
  standard: 'MISSING',
  dimension: 'MISSING',
  product_type: 'MISSING',
  dimension_unit: 'MISSING'
}
Failed to parse comparison for match 3593: {
  grade: 'MISSING',
  length: 'MISSING',
  material: 'MISSING',
  pressure: 'MISSING',
  standard: 'MISSING',
  dimension: 'MISSING',
  product_type: 'MISSING',
  dimension_unit: 'MISSING'
}
Failed to parse comparison for match 3594: {
  grade: 'MISSING',
  length: 'MISSING',
  material: 'MISSING',
  pressure: 'MISSING',
  standard: 'MISSING',
  dimension: 'MISSING',
  product_type: 'MISSING',
  dimension_unit: 'MISSING'
}
Failed to parse comparison for match 3595: {
  grade: 'MISSING',
  length: 'MISSING',
  material: 'MISSING',
  pressure: 'MISSING',
  standard: 'MISSING',
  dimension: 'MISSING',
  product_type: 'MISSING',
  dimension_unit: 'MISSING'
}
Failed to parse comparison for match 3596: {
  grade: 'MISSING',
  length: 'MISSING',
  material: 'MISSING',
  pressure: 'MISSING',
  standard: 'MISSING',
  dimension: 'MISSING',
  product_type: 'MISSING',
  dimension_unit: 'MISSING'
}
Failed to parse comparison for match 3597: {
  grade: 'MISSING',
  length: 'MISSING',
  material: 'MISSING',
  pressure: 'MISSING',
  standard: 'MISSING',
  dimension: 'MISSING',
  product_type: 'MISSING',
  dimension_unit: 'MISSING'
}
Failed to parse comparison for match 3598: {
  grade: 'MISSING',
  length: 'MISSING',
  material: 'MISSING',
  pressure: 'MISSING',
  standard: 'MISSING',
  dimension: 'MISSING',
  product_type: 'MISSING',
  dimension_unit: 'MISSING'
}
Failed to parse comparison for match 3599: {
  grade: 'MISSING',
  length: 'MISSING',
  material: 'MISSING',
  pressure: 'MISSING',
  standard: 'MISSING',
  dimension: 'MISSING',
  product_type: 'MISSING',
  dimension_unit: 'MISSING'
}
Failed to parse comparison for match 3600: {
  grade: 'MISSING',
  length: 'MISSING',
  material: 'MISSING',
  pressure: 'MISSING',
  standard: 'MISSING',
  dimension: 'MISSING',
  product_type: 'MISSING',
  dimension_unit: 'MISSING'
}
Failed to parse comparison for match 3601: {
  grade: 'MISSING',
  length: 'MISSING',
  material: 'MISSING',
  pressure: 'MISSING',
  standard: 'MISSING',
  dimension: 'MISSING',
  product_type: 'MISSING',
  dimension_unit: 'MISSING'
}
Failed to parse comparison for match 3602: {
  grade: 'MISSING',
  length: 'MISSING',
  material: 'MISSING',
  pressure: 'MISSING',
  standard: 'MISSING',
  dimension: 'MISSING',
  product_type: 'MISSING',
  dimension_unit: 'MISSING'
}
Failed to parse comparison for match 3603: {
  grade: 'MISSING',
  length: 'MISSING',
  material: 'MISSING',
  pressure: 'MISSING',
  standard: 'MISSING',
  dimension: 'MISSING',
  product_type: 'MISSING',
  dimension_unit: 'MISSING'
}
Failed to parse comparison for match 3604: {
  grade: 'MISSING',
  length: 'MISSING',
  material: 'MISSING',
  pressure: 'MISSING',
  standard: 'MISSING',
  dimension: 'MISSING',
  product_type: 'MISSING',
  dimension_unit: 'MISSING'
}
Failed to parse comparison for match 3605: {
  grade: 'MISSING',
  length: 'MISSING',
  material: 'MISSING',
  pressure: 'MISSING',
  standard: 'MISSING',
  dimension: 'MISSING',
  product_type: 'MISSING',
  dimension_unit: 'MISSING'
}
Failed to parse comparison for match 3606: {
  grade: 'MISSING',
  length: 'MISSING',
  material: 'MISSING',
  pressure: 'MISSING',
  standard: 'MISSING',
  dimension: 'MISSING',
  product_type: 'MISSING',
  dimension_unit: 'MISSING'
}
Failed to parse comparison for match 3607: {
  grade: 'MISSING',
  length: 'MISSING',
  material: 'MISSING',
  pressure: 'MISSING',
  standard: 'MISSING',
  dimension: 'MISSING',
  product_type: 'MISSING',
  dimension_unit: 'MISSING'
}
Failed to parse comparison for match 3608: {
  grade: 'MISSING',
  length: 'MISSING',
  material: 'MISSING',
  pressure: 'MISSING',
  standard: 'MISSING',
  dimension: 'MISSING',
  product_type: 'MISSING',
  dimension_unit: 'MISSING'
}
Failed to parse comparison for match 3609: {
  grade: 'MISSING',
  length: 'MISSING',
  material: 'MISSING',
  pressure: 'MISSING',
  standard: 'MISSING',
  dimension: 'MISSING',
  product_type: 'MISSING',
  dimension_unit: 'MISSING'
}
Failed to parse comparison for match 3610: {
  grade: 'MISSING',
  length: 'MISSING',
  material: 'MISSING',
  pressure: 'MISSING',
  standard: 'MISSING',
  dimension: 'MISSING',
  product_type: 'MISSING',
  dimension_unit: 'MISSING'
}
Failed to parse comparison for match 3611: {
  grade: 'MISSING',
  length: 'MISSING',
  material: 'MISSING',
  pressure: 'MISSING',
  standard: 'MISSING',
  dimension: 'MISSING',
  product_type: 'MISSING',
  dimension_unit: 'MISSING'
}
Failed to parse comparison for match 3612: {
  grade: 'MISSING',
  length: 'MISSING',
  material: 'MISSING',
  pressure: 'MISSING',
  standard: 'MISSING',
  dimension: 'MISSING',
  product_type: 'MISSING',
  dimension_unit: 'MISSING'
}
Failed to parse comparison for match 3613: {
  grade: 'MISSING',
  length: 'MISSING',
  material: 'MISSING',
  pressure: 'MISSING',
  standard: 'MISSING',
  dimension: 'MISSING',
  product_type: 'MISSING',
  dimension_unit: 'MISSING'
}
Failed to parse comparison for match 3614: {
  grade: 'MISSING',
  length: 'MISSING',
  material: 'MISSING',
  pressure: 'MISSING',
  standard: 'MISSING',
  dimension: 'MISSING',
  product_type: 'MISSING',
  dimension_unit: 'MISSING'
}
Failed to parse comparison for match 3615: {
  grade: 'MISSING',
  length: 'MISSING',
  material: 'MISSING',
  pressure: 'MISSING',
  standard: 'MISSING',
  dimension: 'MISSING',
  product_type: 'MISSING',
  dimension_unit: 'MISSING'
}
Failed to parse comparison for match 3616: {
  grade: 'MISSING',
  length: 'MISSING',
  material: 'MISSING',
  pressure: 'MISSING',
  standard: 'MISSING',
  dimension: 'MISSING',
  product_type: 'MISSING',
  dimension_unit: 'MISSING'
}
Failed to parse comparison for match 3617: {
  grade: 'MISSING',
  length: 'MISSING',
  material: 'MISSING',
  pressure: 'MISSING',
  standard: 'MISSING',
  dimension: 'MISSING',
  product_type: 'MISSING',
  dimension_unit: 'MISSING'
}
Failed to parse comparison for match 3618: {
  grade: 'MISSING',
  length: 'MISSING',
  material: 'MISSING',
  pressure: 'MISSING',
  standard: 'MISSING',
  dimension: 'MISSING',
  product_type: 'MISSING',
  dimension_unit: 'MISSING'
}
Failed to parse comparison for match 3619: {
  grade: 'MISSING',
  length: 'MISSING',
  material: 'MISSING',
  pressure: 'MISSING',
  standard: 'MISSING',
  dimension: 'MISSING',
  product_type: 'MISSING',
  dimension_unit: 'MISSING'
}
Failed to parse comparison for match 3620: {
  grade: 'MISSING',
  length: 'MISSING',
  material: 'MISSING',
  pressure: 'MISSING',
  standard: 'MISSING',
  dimension: 'MISSING',
  product_type: 'MISSING',
  dimension_unit: 'MISSING'
}
Failed to parse comparison for match 3621: {
  grade: 'MISSING',
  length: 'MISSING',
  material: 'MISSING',
  pressure: 'MISSING',
  standard: 'MISSING',
  dimension: 'MISSING',
  product_type: 'MISSING',
  dimension_unit: 'MISSING'
}
Failed to parse comparison for match 3622: {
  grade: 'MISSING',
  length: 'MISSING',
  material: 'MISSING',
  pressure: 'MISSING',
  standard: 'MISSING',
  dimension: 'MISSING',
  product_type: 'MISSING',
  dimension_unit: 'MISSING'
}
Failed to parse comparison for match 3623: {
  grade: 'MISSING',
  length: 'MISSING',
  material: 'MISSING',
  pressure: 'MISSING',
  standard: 'MISSING',
  dimension: 'MISSING',
  product_type: 'MISSING',
  dimension_unit: 'MISSING'
}
Failed to parse comparison for match 3624: {
  grade: 'MISSING',
  length: 'MISSING',
  material: 'MISSING',
  pressure: 'MISSING',
  standard: 'MISSING',
  dimension: 'MISSING',
  product_type: 'MISSING',
  dimension_unit: 'MISSING'
}
Failed to parse comparison for match 3625: {
  grade: 'MISSING',
  length: 'MISSING',
  material: 'MISSING',
  pressure: 'MISSING',
  standard: 'MISSING',
  dimension: 'MISSING',
  product_type: 'MISSING',
  dimension_unit: 'MISSING'
}
Failed to parse comparison for match 3626: {
  grade: 'MISSING',
  length: 'MISSING',
  material: 'MISSING',
  pressure: 'MISSING',
  standard: 'MISSING',
  dimension: 'MISSING',
  product_type: 'MISSING',
  dimension_unit: 'MISSING'
}
Failed to parse comparison for match 3627: {
  grade: 'MISSING',
  length: 'MISSING',
  material: 'MISSING',
  pressure: 'MISSING',
  standard: 'MISSING',
  dimension: 'MISSING',
  product_type: 'MISSING',
  dimension_unit: 'MISSING'
}
Failed to parse comparison for match 3628: {
  grade: 'MISSING',
  length: 'MISSING',
  material: 'MISSING',
  pressure: 'MISSING',
  standard: 'MISSING',
  dimension: 'MISSING',
  product_type: 'MISSING',
  dimension_unit: 'MISSING'
}
Failed to parse comparison for match 3629: {
  grade: 'MISSING',
  length: 'MISSING',
  material: 'MISSING',
  pressure: 'MISSING',
  standard: 'MISSING',
  dimension: 'MISSING',
  product_type: 'MISSING',
  dimension_unit: 'MISSING'
}
Failed to parse comparison for match 3630: {
  grade: 'MISSING',
  length: 'MISSING',
  material: 'MISSING',
  pressure: 'MISSING',
  standard: 'MISSING',
  dimension: 'MISSING',
  product_type: 'MISSING',
  dimension_unit: 'MISSING'
}
Failed to parse comparison for match 3631: {
  grade: 'MISSING',
  length: 'MISSING',
  material: 'MISSING',
  pressure: 'MISSING',
  standard: 'MISSING',
  dimension: 'MISSING',
  product_type: 'MISSING',
  dimension_unit: 'MISSING'
}
Failed to parse comparison for match 3632: {
  grade: 'MISSING',
  length: 'MISSING',
  material: 'MISSING',
  pressure: 'MISSING',
  standard: 'MISSING',
  dimension: 'MISSING',
  product_type: 'MISSING',
  dimension_unit: 'MISSING'
}
Failed to parse comparison for match 3633: {
  grade: 'MISSING',
  length: 'MISSING',
  material: 'MISSING',
  pressure: 'MISSING',
  standard: 'MISSING',
  dimension: 'MISSING',
  product_type: 'MISSING',
  dimension_unit: 'MISSING'
}
Failed to parse comparison for match 3634: {
  grade: 'MISSING',
  length: 'MISSING',
  material: 'MISSING',
  pressure: 'MISSING',
  standard: 'MISSING',
  dimension: 'MISSING',
  product_type: 'MISSING',
  dimension_unit: 'MISSING'
}
Failed to parse comparison for match 3635: {
  grade: 'MISSING',
  length: 'MISSING',
  material: 'MISSING',
  pressure: 'MISSING',
  standard: 'MISSING',
  dimension: 'MISSING',
  product_type: 'MISSING',
  dimension_unit: 'MISSING'
}
Failed to parse comparison for match 3636: {
  grade: 'MISSING',
  length: 'MISSING',
  material: 'MISSING',
  pressure: 'MISSING',
  standard: 'MISSING',
  dimension: 'MISSING',
  product_type: 'MISSING',
  dimension_unit: 'MISSING'
}
Failed to parse comparison for match 3637: {
  grade: 'MISSING',
  length: 'MISSING',
  material: 'MISSING',
  pressure: 'MISSING',
  standard: 'MISSING',
  dimension: 'MISSING',
  product_type: 'MISSING',
  dimension_unit: 'MISSING'
}
Failed to parse comparison for match 3638: {
  grade: 'MISSING',
  length: 'MISSING',
  material: 'MISSING',
  pressure: 'MISSING',
  standard: 'MISSING',
  dimension: 'MISSING',
  product_type: 'MISSING',
  dimension_unit: 'MISSING'
}
Failed to parse comparison for match 3639: {
  grade: 'MISSING',
  length: 'MISSING',
  material: 'MISSING',
  pressure: 'MISSING',
  standard: 'MISSING',
  dimension: 'MISSING',
  product_type: 'MISSING',
  dimension_unit: 'MISSING'
}
Failed to parse comparison for match 3640: {
  grade: 'MISSING',
  length: 'MISSING',
  material: 'MISSING',
  pressure: 'MISSING',
  standard: 'MISSING',
  dimension: 'MISSING',
  product_type: 'MISSING',
  dimension_unit: 'MISSING'
}
Failed to parse comparison for match 3641: {
  grade: 'MISSING',
  length: 'MISSING',
  material: 'MISSING',
  pressure: 'MISSING',
  standard: 'MISSING',
  dimension: 'MISSING',
  product_type: 'MISSING',
  dimension_unit: 'MISSING'
}
Failed to parse comparison for match 3642: {
  grade: 'MISSING',
  length: 'MISSING',
  material: 'MISSING',
  pressure: 'MISSING',
  standard: 'MISSING',
  dimension: 'MISSING',
  product_type: 'MISSING',
  dimension_unit: 'MISSING'
}
Failed to parse comparison for match 3643: {
  grade: 'MISSING',
  length: 'MISSING',
  material: 'MISSING',
  pressure: 'MISSING',
  standard: 'MISSING',
  dimension: 'MISSING',
  product_type: 'MISSING',
  dimension_unit: 'MISSING'
}
Failed to parse comparison for match 3644: {
  grade: 'MISSING',
  length: 'MISSING',
  material: 'MISSING',
  pressure: 'MISSING',
  standard: 'MISSING',
  dimension: 'MISSING',
  product_type: 'MISSING',
  dimension_unit: 'MISSING'
}
Failed to parse comparison for match 3645: {
  grade: 'MISSING',
  length: 'MISSING',
  material: 'MISSING',
  pressure: 'MISSING',
  standard: 'MISSING',
  dimension: 'MISSING',
  product_type: 'MISSING',
  dimension_unit: 'MISSING'
}
Failed to parse comparison for match 3646: {
  grade: 'MISSING',
  length: 'MISSING',
  material: 'MISSING',
  pressure: 'MISSING',
  standard: 'MISSING',
  dimension: 'MISSING',
  product_type: 'MISSING',
  dimension_unit: 'MISSING'
}
Failed to parse comparison for match 3647: {
  grade: 'MISSING',
  length: 'MISSING',
  material: 'MISSING',
  pressure: 'MISSING',
  standard: 'MISSING',
  dimension: 'MISSING',
  product_type: 'MISSING',
  dimension_unit: 'MISSING'
}
Failed to parse comparison for match 3648: {
  grade: 'MISSING',
  length: 'MISSING',
  material: 'MISSING',
  pressure: 'MISSING',
  standard: 'MISSING',
  dimension: 'MISSING',
  product_type: 'MISSING',
  dimension_unit: 'MISSING'
}
Failed to parse comparison for match 3649: {
  grade: 'MISSING',
  length: 'MISSING',
  material: 'MISSING',
  pressure: 'MISSING',
  standard: 'MISSING',
  dimension: 'MISSING',
  product_type: 'MISSING',
  dimension_unit: 'MISSING'
}
Failed to parse comparison for match 3650: {
  grade: 'MISSING',
  length: 'MISSING',
  material: 'MISSING',
  pressure: 'MISSING',
  standard: 'MISSING',
  dimension: 'MISSING',
  product_type: 'MISSING',
  dimension_unit: 'MISSING'
}
Failed to parse comparison for match 3651: {
  grade: 'MISSING',
  length: 'MISSING',
  material: 'MISSING',
  pressure: 'MISSING',
  standard: 'MISSING',
  dimension: 'MISSING',
  product_type: 'MISSING',
  dimension_unit: 'MISSING'
}
Failed to parse comparison for match 3652: {
  grade: 'MISSING',
  length: 'MISSING',
  material: 'MISSING',
  pressure: 'MISSING',
  standard: 'MISSING',
  dimension: 'MISSING',
  product_type: 'MISSING',
  dimension_unit: 'MISSING'
}
Failed to parse comparison for match 3653: {
  grade: 'MISSING',
  length: 'MISSING',
  material: 'MISSING',
  pressure: 'MISSING',
  standard: 'MISSING',
  dimension: 'MISSING',
  product_type: 'MISSING',
  dimension_unit: 'MISSING'
}
Failed to parse comparison for match 3654: {
  grade: 'MISSING',
  length: 'MISSING',
  material: 'MISSING',
  pressure: 'MISSING',
  standard: 'MISSING',
  dimension: 'MISSING',
  product_type: 'MISSING',
  dimension_unit: 'MISSING'
}
Failed to parse comparison for match 3655: {
  grade: 'MISSING',
  length: 'MISSING',
  material: 'MISSING',
  pressure: 'MISSING',
  standard: 'MISSING',
  dimension: 'MISSING',
  product_type: 'MISSING',
  dimension_unit: 'MISSING'
}
Failed to parse comparison for match 3656: {
  grade: 'MISSING',
  length: 'MISSING',
  material: 'MISSING',
  pressure: 'MISSING',
  standard: 'MISSING',
  dimension: 'MISSING',
  product_type: 'MISSING',
  dimension_unit: 'MISSING'
}
Failed to parse comparison for match 3657: {
  grade: 'MISSING',
  length: 'MISSING',
  material: 'MISSING',
  pressure: 'MISSING',
  standard: 'MISSING',
  dimension: 'MISSING',
  product_type: 'MISSING',
  dimension_unit: 'MISSING'
}
Failed to parse comparison for match 3658: {
  grade: 'MISSING',
  length: 'MISSING',
  material: 'MISSING',
  pressure: 'MISSING',
  standard: 'MISSING',
  dimension: 'MISSING',
  product_type: 'MISSING',
  dimension_unit: 'MISSING'
}
Failed to parse comparison for match 3659: {
  grade: 'MISSING',
  length: 'MISSING',
  material: 'MISSING',
  pressure: 'MISSING',
  standard: 'MISSING',
  dimension: 'MISSING',
  product_type: 'MISSING',
  dimension_unit: 'MISSING'
}
Failed to parse comparison for match 3660: {
  grade: 'MISSING',
  length: 'MISSING',
  material: 'MISSING',
  pressure: 'MISSING',
  standard: 'MISSING',
  dimension: 'MISSING',
  product_type: 'MISSING',
  dimension_unit: 'MISSING'
}
Failed to parse comparison for match 3661: {
  grade: 'MISSING',
  length: 'MISSING',
  material: 'MISSING',
  pressure: 'MISSING',
  standard: 'MISSING',
  dimension: 'MISSING',
  product_type: 'MISSING',
  dimension_unit: 'MISSING'
}
Failed to parse comparison for match 3662: {
  grade: 'MISSING',
  length: 'MISSING',
  material: 'MISSING',
  pressure: 'MISSING',
  standard: 'MISSING',
  dimension: 'MISSING',
  product_type: 'MISSING',
  dimension_unit: 'MISSING'
}
Failed to parse comparison for match 3663: {
  grade: 'MISSING',
  length: 'MISSING',
  material: 'MISSING',
  pressure: 'MISSING',
  standard: 'MISSING',
  dimension: 'MISSING',
  product_type: 'MISSING',
  dimension_unit: 'MISSING'
}
Failed to parse comparison for match 3664: {
  grade: 'MISSING',
  length: 'MISSING',
  material: 'MISSING',
  pressure: 'MISSING',
  standard: 'MISSING',
  dimension: 'MISSING',
  product_type: 'MISSING',
  dimension_unit: 'MISSING'
}
Failed to parse comparison for match 3665: {
  grade: 'MISSING',
  length: 'MISSING',
  material: 'MISSING',
  pressure: 'MISSING',
  standard: 'MISSING',
  dimension: 'MISSING',
  product_type: 'MISSING',
  dimension_unit: 'MISSING'
}
Failed to parse comparison for match 3666: {
  grade: 'MISSING',
  length: 'MISSING',
  material: 'MISSING',
  pressure: 'MISSING',
  standard: 'MISSING',
  dimension: 'MISSING',
  product_type: 'MISSING',
  dimension_unit: 'MISSING'
}
Failed to parse comparison for match 3667: {
  grade: 'MISSING',
  length: 'MISSING',
  material: 'MISSING',
  pressure: 'MISSING',
  standard: 'MISSING',
  dimension: 'MISSING',
  product_type: 'MISSING',
  dimension_unit: 'MISSING'
}
Failed to parse comparison for match 3668: {
  grade: 'MISSING',
  length: 'MISSING',
  material: 'MISSING',
  pressure: 'MISSING',
  standard: 'MISSING',
  dimension: 'MISSING',
  product_type: 'MISSING',
  dimension_unit: 'MISSING'
}
Failed to parse comparison for match 3669: {
  grade: 'MISSING',
  length: 'MISSING',
  material: 'MISSING',
  pressure: 'MISSING',
  standard: 'MISSING',
  dimension: 'MISSING',
  product_type: 'MISSING',
  dimension_unit: 'MISSING'
}
Failed to parse comparison for match 3670: {
  grade: 'MISSING',
  length: 'MISSING',
  material: 'MISSING',
  pressure: 'MISSING',
  standard: 'MISSING',
  dimension: 'MISSING',
  product_type: 'MISSING',
  dimension_unit: 'MISSING'
}
Failed to parse comparison for match 3671: {
  grade: 'MISSING',
  length: 'MISSING',
  material: 'MISSING',
  pressure: 'MISSING',
  standard: 'MISSING',
  dimension: 'MISSING',
  product_type: 'MISSING',
  dimension_unit: 'MISSING'
}
Failed to parse comparison for match 3672: {
  grade: 'MISSING',
  length: 'MISSING',
  material: 'MISSING',
  pressure: 'MISSING',
  standard: 'MISSING',
  dimension: 'MISSING',
  product_type: 'MISSING',
  dimension_unit: 'MISSING'
}
Failed to parse comparison for match 3673: {
  grade: 'MISSING',
  length: 'MISSING',
  material: 'MISSING',
  pressure: 'MISSING',
  standard: 'MISSING',
  dimension: 'MISSING',
  product_type: 'MISSING',
  dimension_unit: 'MISSING'
}
Failed to parse comparison for match 3674: {
  grade: 'MISSING',
  length: 'MISSING',
  material: 'MISSING',
  pressure: 'MISSING',
  standard: 'MISSING',
  dimension: 'MISSING',
  product_type: 'MISSING',
  dimension_unit: 'MISSING'
}
Failed to parse comparison for match 3675: {
  grade: 'MISSING',
  length: 'MISSING',
  material: 'MISSING',
  pressure: 'MISSING',
  standard: 'MISSING',
  dimension: 'MISSING',
  product_type: 'MISSING',
  dimension_unit: 'MISSING'
}
Failed to parse comparison for match 3676: {
  grade: 'MISSING',
  length: 'MISSING',
  material: 'MISSING',
  pressure: 'MISSING',
  standard: 'MISSING',
  dimension: 'MISSING',
  product_type: 'MISSING',
  dimension_unit: 'MISSING'
}
Failed to parse comparison for match 3677: {
  grade: 'MISSING',
  length: 'MISSING',
  material: 'MISSING',
  pressure: 'MISSING',
  standard: 'MISSING',
  dimension: 'MISSING',
  product_type: 'MISSING',
  dimension_unit: 'MISSING'
}
Failed to parse comparison for match 3678: {
  grade: 'MISSING',
  length: 'MISSING',
  material: 'MISSING',
  pressure: 'MISSING',
  standard: 'MISSING',
  dimension: 'MISSING',
  product_type: 'MISSING',
  dimension_unit: 'MISSING'
}
Failed to parse comparison for match 3679: {
  grade: 'MISSING',
  length: 'MISSING',
  material: 'MATCH',
  pressure: 'MISSING',
  standard: 'MISSING',
  dimension: 'MISSING',
  product_type: 'MISSING',
  dimension_unit: 'MISSING'
}
Failed to parse comparison for match 3680: {
  grade: 'MISSING',
  length: 'MISSING',
  material: 'MATCH',
  pressure: 'MISSING',
  standard: 'MISSING',
  dimension: 'MISSING',
  product_type: 'MISSING',
  dimension_unit: 'MISSING'
}
Failed to parse comparison for match 3681: {
  grade: 'MISSING',
  length: 'MISSING',
  material: 'MISSING',
  pressure: 'MISSING',
  standard: 'MISSING',
  dimension: 'MISSING',
  product_type: 'MISSING',
  dimension_unit: 'MISSING'
}
Failed to parse comparison for match 3682: {
  grade: 'MISSING',
  length: 'MISSING',
  material: 'MISSING',
  pressure: 'MISSING',
  standard: 'MISSING',
  dimension: 'MISSING',
  product_type: 'MISSING',
  dimension_unit: 'MISSING'
}
Failed to parse comparison for match 3683: {
  grade: 'MISSING',
  length: 'MISSING',
  material: 'MISSING',
  pressure: 'MISSING',
  standard: 'MISSING',
  dimension: 'MISSING',
  product_type: 'MISSING',
  dimension_unit: 'MISSING'
}
Failed to parse comparison for match 3684: {
  grade: 'MISSING',
  length: 'MISSING',
  material: 'MISSING',
  pressure: 'MISSING',
  standard: 'MISSING',
  dimension: 'MISSING',
  product_type: 'MISSING',
  dimension_unit: 'MISSING'
}
Failed to parse comparison for match 3685: {
  grade: 'MISSING',
  length: 'MISSING',
  material: 'MISSING',
  pressure: 'MISSING',
  standard: 'MISSING',
  dimension: 'MISSING',
  product_type: 'MISSING',
  dimension_unit: 'MISSING'
}
Failed to parse comparison for match 3686: {
  grade: 'MISSING',
  length: 'MISSING',
  material: 'MISSING',
  pressure: 'MISSING',
  standard: 'MISSING',
  dimension: 'MISSING',
  product_type: 'MISSING',
  dimension_unit: 'MISSING'
}
Failed to parse comparison for match 3687: {
  grade: 'MISSING',
  length: 'MISSING',
  material: 'MISSING',
  pressure: 'MISSING',
  standard: 'MISSING',
  dimension: 'MISSING',
  product_type: 'MISSING',
  dimension_unit: 'MISSING'
}
Failed to parse comparison for match 3688: {
  grade: 'MISSING',
  length: 'MISSING',
  material: 'MATCH',
  pressure: 'MISSING',
  standard: 'MISSING',
  dimension: 'MISSING',
  product_type: 'MISSING',
  dimension_unit: 'MISSING'
}
Failed to parse comparison for match 3689: {
  grade: 'MISSING',
  length: 'MISSING',
  material: 'MISSING',
  pressure: 'MISSING',
  standard: 'MISSING',
  dimension: 'MISSING',
  product_type: 'MISSING',
  dimension_unit: 'MISSING'
}
Failed to parse comparison for match 3690: {
  grade: 'MISSING',
  length: 'MISSING',
  material: 'MISSING',
  pressure: 'MISSING',
  standard: 'MISSING',
  dimension: 'MISSING',
  product_type: 'MISSING',
  dimension_unit: 'MISSING'
}
Failed to parse comparison for match 3691: {
  grade: 'MISSING',
  length: 'MISSING',
  material: 'MISSING',
  pressure: 'MISSING',
  standard: 'MISSING',
  dimension: 'MISSING',
  product_type: 'MISSING',
  dimension_unit: 'MISSING'
}
Failed to parse comparison for match 3692: {
  grade: 'MISSING',
  length: 'MISSING',
  material: 'MISSING',
  pressure: 'MISSING',
  standard: 'MISSING',
  dimension: 'MISSING',
  product_type: 'MISSING',
  dimension_unit: 'MISSING'
}
Failed to parse comparison for match 3693: {
  grade: 'MISSING',
  length: 'MISSING',
  material: 'MISSING',
  pressure: 'MISSING',
  standard: 'MISSING',
  dimension: 'MISSING',
  product_type: 'MISSING',
  dimension_unit: 'MISSING'
}
Failed to parse comparison for match 3694: {
  grade: 'MISSING',
  length: 'MISSING',
  material: 'MISSING',
  pressure: 'MISSING',
  standard: 'MISSING',
  dimension: 'MISSING',
  product_type: 'MISSING',
  dimension_unit: 'MISSING'
}
Failed to parse comparison for match 3695: {
  grade: 'MISSING',
  length: 'MISSING',
  material: 'MISSING',
  pressure: 'MISSING',
  standard: 'MISSING',
  dimension: 'MISSING',
  product_type: 'MISSING',
  dimension_unit: 'MISSING'
}
Failed to parse comparison for match 3696: {
  grade: 'MISSING',
  length: 'MISSING',
  material: 'MISSING',
  pressure: 'MISSING',
  standard: 'MISSING',
  dimension: 'MISSING',
  product_type: 'MISSING',
  dimension_unit: 'MISSING'
}
Failed to parse comparison for match 3697: {
  grade: 'MISSING',
  length: 'MISSING',
  material: 'MISSING',
  pressure: 'MISSING',
  standard: 'MISSING',
  dimension: 'MISSING',
  product_type: 'MISSING',
  dimension_unit: 'MISSING'
}
Failed to parse comparison for match 3698: {
  grade: 'MISSING',
  length: 'MISSING',
  material: 'MISSING',
  pressure: 'MISSING',
  standard: 'MISSING',
  dimension: 'MISSING',
  product_type: 'MISSING',
  dimension_unit: 'MISSING'
}
Failed to parse comparison for match 3699: {
  grade: 'MISSING',
  length: 'MISSING',
  material: 'MISSING',
  pressure: 'MISSING',
  standard: 'MISSING',
  dimension: 'MISSING',
  product_type: 'MISSING',
  dimension_unit: 'MISSING'
}
Failed to parse comparison for match 3700: {
  grade: 'MISSING',
  length: 'MISSING',
  material: 'MISSING',
  pressure: 'MISSING',
  standard: 'MISSING',
  dimension: 'MISSING',
  product_type: 'MISSING',
  dimension_unit: 'MISSING'
}
Failed to parse comparison for match 3701: {
  grade: 'MISSING',
  length: 'MISSING',
  material: 'MISSING',
  pressure: 'MISSING',
  standard: 'MISSING',
  dimension: 'MISSING',
  product_type: 'MISSING',
  dimension_unit: 'MISSING'
}
Failed to parse comparison for match 3702: {
  grade: 'MISSING',
  length: 'MISSING',
  material: 'MISSING',
  pressure: 'MISSING',
  standard: 'MISSING',
  dimension: 'MISSING',
  product_type: 'MISSING',
  dimension_unit: 'MISSING'
}
Failed to parse comparison for match 3703: {
  grade: 'MISSING',
  length: 'MISSING',
  material: 'MISSING',
  pressure: 'MISSING',
  standard: 'MISSING',
  dimension: 'MISSING',
  product_type: 'MISSING',
  dimension_unit: 'MISSING'
}
Failed to parse comparison for match 3704: {
  grade: 'MISSING',
  length: 'MISSING',
  material: 'MISSING',
  pressure: 'MISSING',
  standard: 'MISSING',
  dimension: 'MISSING',
  product_type: 'MISSING',
  dimension_unit: 'MISSING'
}
Failed to parse comparison for match 3705: {
  grade: 'MISSING',
  length: 'MISSING',
  material: 'MISSING',
  pressure: 'MISSING',
  standard: 'MISSING',
  dimension: 'MISSING',
  product_type: 'MISSING',
  dimension_unit: 'MISSING'
}
Failed to parse comparison for match 3706: {
  grade: 'MISSING',
  length: 'MISSING',
  material: 'MISSING',
  pressure: 'MISSING',
  standard: 'MISSING',
  dimension: 'MISSING',
  product_type: 'MISSING',
  dimension_unit: 'MISSING'
}
Failed to parse comparison for match 3707: {
  grade: 'MISSING',
  length: 'MISSING',
  material: 'MISSING',
  pressure: 'MISSING',
  standard: 'MISSING',
  dimension: 'MISSING',
  product_type: 'MISSING',
  dimension_unit: 'MISSING'
}
Failed to parse comparison for match 3708: {
  grade: 'MISSING',
  length: 'MISSING',
  material: 'MISSING',
  pressure: 'MISSING',
  standard: 'MISSING',
  dimension: 'MISSING',
  product_type: 'MISSING',
  dimension_unit: 'MISSING'
}
Failed to parse comparison for match 3709: {
  grade: 'MISSING',
  length: 'MISSING',
  material: 'MISSING',
  pressure: 'MISSING',
  standard: 'MISSING',
  dimension: 'MISSING',
  product_type: 'MISSING',
  dimension_unit: 'MISSING'
}
Failed to parse comparison for match 3710: {
  grade: 'MISSING',
  length: 'MISSING',
  material: 'MISSING',
  pressure: 'MISSING',
  standard: 'MISSING',
  dimension: 'MISSING',
  product_type: 'MISSING',
  dimension_unit: 'MISSING'
}
Failed to parse comparison for match 3711: {
  grade: 'MISSING',
  length: 'MISSING',
  material: 'MISSING',
  pressure: 'MISSING',
  standard: 'MISSING',
  dimension: 'MISSING',
  product_type: 'MISSING',
  dimension_unit: 'MISSING'
}
Failed to parse comparison for match 3712: {
  grade: 'MISSING',
  length: 'MISSING',
  material: 'MISSING',
  pressure: 'MISSING',
  standard: 'MISSING',
  dimension: 'MISSING',
  product_type: 'MISSING',
  dimension_unit: 'MISSING'
}
Failed to parse comparison for match 3713: {
  grade: 'MISSING',
  length: 'MISSING',
  material: 'MISSING',
  pressure: 'MISSING',
  standard: 'MISSING',
  dimension: 'MISSING',
  product_type: 'MISSING',
  dimension_unit: 'MISSING'
}
Failed to parse comparison for match 3714: {
  grade: 'MISSING',
  length: 'MISSING',
  material: 'MISSING',
  pressure: 'MISSING',
  standard: 'MISSING',
  dimension: 'MISSING',
  product_type: 'MISSING',
  dimension_unit: 'MISSING'
}
Failed to parse comparison for match 3715: {
  grade: 'MISSING',
  length: 'MISSING',
  material: 'MISSING',
  pressure: 'MISSING',
  standard: 'MISSING',
  dimension: 'MISSING',
  product_type: 'MISSING',
  dimension_unit: 'MISSING'
}
Failed to parse comparison for match 3716: {
  grade: 'MISSING',
  length: 'MISSING',
  material: 'MISSING',
  pressure: 'MISSING',
  standard: 'MISSING',
  dimension: 'MISSING',
  product_type: 'MISSING',
  dimension_unit: 'MISSING'
}
Failed to parse comparison for match 3717: {
  grade: 'MISSING',
  length: 'MISSING',
  material: 'MISSING',
  pressure: 'MISSING',
  standard: 'MISSING',
  dimension: 'MISSING',
  product_type: 'MISSING',
  dimension_unit: 'MISSING'
}
Failed to parse comparison for match 3718: {
  grade: 'MISSING',
  length: 'MISSING',
  material: 'MISSING',
  pressure: 'MISSING',
  standard: 'MISSING',
  dimension: 'MISSING',
  product_type: 'MISSING',
  dimension_unit: 'MISSING'
}
Failed to parse comparison for match 3719: {
  grade: 'MISSING',
  length: 'MISSING',
  material: 'MISSING',
  pressure: 'MISSING',
  standard: 'MISSING',
  dimension: 'MISSING',
  product_type: 'MISSING',
  dimension_unit: 'MISSING'
}
Failed to parse comparison for match 3720: {
  grade: 'MISSING',
  length: 'MISSING',
  material: 'MISSING',
  pressure: 'MISSING',
  standard: 'MISSING',
  dimension: 'MISSING',
  product_type: 'MISSING',
  dimension_unit: 'MISSING'
}
Failed to parse comparison for match 3721: {
  grade: 'MISSING',
  length: 'MISSING',
  material: 'MISSING',
  pressure: 'MISSING',
  standard: 'MISSING',
  dimension: 'MISSING',
  product_type: 'MISSING',
  dimension_unit: 'MISSING'
}
Failed to parse comparison for match 3722: {
  grade: 'MISSING',
  length: 'MISSING',
  material: 'MISSING',
  pressure: 'MISSING',
  standard: 'MISSING',
  dimension: 'MISSING',
  product_type: 'MISSING',
  dimension_unit: 'MISSING'
}
Failed to parse comparison for match 3723: {
  grade: 'MISSING',
  length: 'MISSING',
  material: 'MISSING',
  pressure: 'MISSING',
  standard: 'MISSING',
  dimension: 'MISSING',
  product_type: 'MISSING',
  dimension_unit: 'MISSING'
}
Failed to parse comparison for match 3724: {
  grade: 'MISSING',
  length: 'MISSING',
  material: 'MISSING',
  pressure: 'MISSING',
  standard: 'MISSING',
  dimension: 'MISSING',
  product_type: 'MISSING',
  dimension_unit: 'MISSING'
}
Failed to parse comparison for match 3725: {
  grade: 'MISSING',
  length: 'MISSING',
  material: 'MISSING',
  pressure: 'MISSING',
  standard: 'MISSING',
  dimension: 'MISSING',
  product_type: 'MISSING',
  dimension_unit: 'MISSING'
}
Failed to parse comparison for match 3726: {
  grade: 'MISSING',
  length: 'MISSING',
  material: 'MISSING',
  pressure: 'MISSING',
  standard: 'MISSING',
  dimension: 'MISSING',
  product_type: 'MISSING',
  dimension_unit: 'MISSING'
}
Failed to parse comparison for match 3727: {
  grade: 'MISSING',
  length: 'MISSING',
  material: 'MISSING',
  pressure: 'MISSING',
  standard: 'MISSING',
  dimension: 'MISSING',
  product_type: 'MISSING',
  dimension_unit: 'MISSING'
}
Failed to parse comparison for match 3728: {
  grade: 'MISSING',
  length: 'MISSING',
  material: 'MISSING',
  pressure: 'MISSING',
  standard: 'MISSING',
  dimension: 'MISSING',
  product_type: 'MISSING',
  dimension_unit: 'MISSING'
}
Failed to parse comparison for match 3729: {
  grade: 'MISSING',
  length: 'MISSING',
  material: 'MISSING',
  pressure: 'MISSING',
  standard: 'MISSING',
  dimension: 'MISSING',
  product_type: 'MISSING',
  dimension_unit: 'MISSING'
}
Failed to parse comparison for match 3730: {
  grade: 'MISSING',
  length: 'MISSING',
  material: 'MISSING',
  pressure: 'MISSING',
  standard: 'MISSING',
  dimension: 'MISSING',
  product_type: 'MISSING',
  dimension_unit: 'MISSING'
}
Failed to parse comparison for match 3731: {
  grade: 'MISSING',
  length: 'MISSING',
  material: 'MISSING',
  pressure: 'MISSING',
  standard: 'MISSING',
  dimension: 'MISSING',
  product_type: 'MISSING',
  dimension_unit: 'MISSING'
}
Failed to parse comparison for match 3732: {
  grade: 'MISSING',
  length: 'MISSING',
  material: 'MISSING',
  pressure: 'MISSING',
  standard: 'MISSING',
  dimension: 'MISSING',
  product_type: 'MISSING',
  dimension_unit: 'MISSING'
}
Failed to parse comparison for match 3733: {
  grade: 'MISSING',
  length: 'MISSING',
  material: 'MISSING',
  pressure: 'MISSING',
  standard: 'MISSING',
  dimension: 'MISSING',
  product_type: 'MISSING',
  dimension_unit: 'MISSING'
}
Failed to parse comparison for match 3734: {
  grade: 'MISSING',
  length: 'MISSING',
  material: 'MISSING',
  pressure: 'MISSING',
  standard: 'MISSING',
  dimension: 'MISSING',
  product_type: 'MISSING',
  dimension_unit: 'MISSING'
}
Failed to parse comparison for match 3735: {
  grade: 'MISSING',
  length: 'MISSING',
  material: 'MISSING',
  pressure: 'MISSING',
  standard: 'MISSING',
  dimension: 'MISSING',
  product_type: 'MISSING',
  dimension_unit: 'MISSING'
}
Failed to parse comparison for match 3736: {
  grade: 'MISSING',
  length: 'MISSING',
  material: 'MISSING',
  pressure: 'MISSING',
  standard: 'MISSING',
  dimension: 'MISSING',
  product_type: 'MISSING',
  dimension_unit: 'MISSING'
}
Failed to parse comparison for match 3737: {
  grade: 'MISSING',
  length: 'MISSING',
  material: 'MISSING',
  pressure: 'MISSING',
  standard: 'MISSING',
  dimension: 'MISSING',
  product_type: 'MISSING',
  dimension_unit: 'MISSING'
}
Failed to parse comparison for match 3738: {
  grade: 'MISSING',
  length: 'MISSING',
  material: 'MISSING',
  pressure: 'MISSING',
  standard: 'MISSING',
  dimension: 'MISSING',
  product_type: 'MISSING',
  dimension_unit: 'MISSING'
}
Failed to parse comparison for match 3739: {
  grade: 'MISSING',
  length: 'MISSING',
  material: 'MISSING',
  pressure: 'MISSING',
  standard: 'MISSING',
  dimension: 'MISSING',
  product_type: 'MISSING',
  dimension_unit: 'MISSING'
}
Failed to parse comparison for match 3740: {
  grade: 'MISSING',
  length: 'MISSING',
  material: 'MISSING',
  pressure: 'MISSING',
  standard: 'MISSING',
  dimension: 'MISSING',
  product_type: 'MISSING',
  dimension_unit: 'MISSING'
}
Failed to parse comparison for match 3741: {
  grade: 'MISSING',
  length: 'MISSING',
  material: 'MISSING',
  pressure: 'MISSING',
  standard: 'MISSING',
  dimension: 'MISSING',
  product_type: 'MISSING',
  dimension_unit: 'MISSING'
}
Failed to parse comparison for match 3742: {
  grade: 'MISSING',
  length: 'MISSING',
  material: 'MISSING',
  pressure: 'MISSING',
  standard: 'MISSING',
  dimension: 'MISSING',
  product_type: 'MISSING',
  dimension_unit: 'MISSING'
}
Failed to parse comparison for match 3743: {
  grade: 'MISSING',
  length: 'MISSING',
  material: 'MISSING',
  pressure: 'MISSING',
  standard: 'MISSING',
  dimension: 'MISSING',
  product_type: 'MISSING',
  dimension_unit: 'MISSING'
}
Failed to parse comparison for match 3744: {
  grade: 'MISSING',
  length: 'MISSING',
  material: 'MISSING',
  pressure: 'MISSING',
  standard: 'MISSING',
  dimension: 'MISSING',
  product_type: 'MISSING',
  dimension_unit: 'MISSING'
}
Failed to parse comparison for match 3745: {
  grade: 'MISSING',
  length: 'MISSING',
  material: 'MISSING',
  pressure: 'MISSING',
  standard: 'MISSING',
  dimension: 'MISSING',
  product_type: 'MISSING',
  dimension_unit: 'MISSING'
}
Failed to parse comparison for match 3746: {
  grade: 'MISSING',
  length: 'MISSING',
  material: 'MISSING',
  pressure: 'MISSING',
  standard: 'MISSING',
  dimension: 'MISSING',
  product_type: 'MISSING',
  dimension_unit: 'MISSING'
}
Failed to parse comparison for match 3747: {
  grade: 'MISSING',
  length: 'MISSING',
  material: 'MISSING',
  pressure: 'MISSING',
  standard: 'MISSING',
  dimension: 'MISSING',
  product_type: 'MISSING',
  dimension_unit: 'MISSING'
}
Failed to parse comparison for match 1902: {
  grade: 'MISMATCH',
  length: 'MATCH',
  material: 'MATCH',
  pressure: 'MISSING',
  standard: 'MISMATCH',
  dimension: 'MISMATCH',
  product_type: 'MATCH',
  dimension_unit: 'MISMATCH'
}
Failed to parse comparison for match 1903: {
  grade: 'MATCH',
  length: 'MATCH',
  material: 'MISMATCH',
  pressure: 'MISSING',
  standard: 'MATCH',
  dimension: 'MATCH',
  product_type: 'MATCH',
  dimension_unit: 'MATCH'
}
Failed to parse comparison for match 1904: {
  grade: 'MISMATCH',
  length: 'MATCH',
  material: 'MISMATCH',
  pressure: 'MISSING',
  standard: 'MISMATCH',
  dimension: 'MISMATCH',
  product_type: 'MATCH',
  dimension_unit: 'MISMATCH'
}
Failed to parse comparison for match 1900: {
  grade: 'MATCH',
  length: 'MATCH',
  material: 'MATCH',
  pressure: 'MISSING',
  standard: 'MATCH',
  dimension: 'MATCH',
  product_type: 'MATCH',
  dimension_unit: 'MATCH'
}
Failed to parse comparison for match 1901: {
  grade: 'MATCH',
  length: 'MATCH',
  material: 'MATCH',
  pressure: 'MISSING',
  standard: 'MATCH',
  dimension: 'MATCH',
  product_type: 'MATCH',
  dimension_unit: 'MATCH'
}
Failed to parse comparison for match 1905: {
  grade: 'MISSING',
  length: 'MISSING',
  material: 'MISSING',
  pressure: 'MISSING',
  standard: 'MISSING',
  dimension: 'MISSING',
  product_type: 'MISSING',
  dimension_unit: 'MISSING'
}
Failed to parse comparison for match 1906: {
  grade: 'MISSING',
  length: 'MISSING',
  material: 'MISSING',
  pressure: 'MISSING',
  standard: 'MISSING',
  dimension: 'MISSING',
  product_type: 'MISSING',
  dimension_unit: 'MISSING'
}
Failed to parse comparison for match 1907: {
  grade: 'MISSING',
  length: 'MISSING',
  material: 'MISSING',
  pressure: 'MISSING',
  standard: 'MISSING',
  dimension: 'MISSING',
  product_type: 'MISSING',
  dimension_unit: 'MISSING'
}
Failed to parse comparison for match 1908: {
  grade: 'MISSING',
  length: 'MISSING',
  material: 'MISSING',
  pressure: 'MISSING',
  standard: 'MISSING',
  dimension: 'MISSING',
  product_type: 'MISSING',
  dimension_unit: 'MISSING'
}
Failed to parse comparison for match 1909: {
  grade: 'MISSING',
  length: 'MISSING',
  material: 'MISSING',
  pressure: 'MISSING',
  standard: 'MISSING',
  dimension: 'MISSING',
  product_type: 'MISSING',
  dimension_unit: 'MISSING'
}
Failed to parse comparison for match 1910: {
  grade: 'MISSING',
  length: 'MISSING',
  material: 'MISSING',
  pressure: 'MISSING',
  standard: 'MISSING',
  dimension: 'MISSING',
  product_type: 'MISSING',
  dimension_unit: 'MISSING'
}
Failed to parse comparison for match 1911: {
  grade: 'MISSING',
  length: 'MISSING',
  material: 'MISSING',
  pressure: 'MISSING',
  standard: 'MISSING',
  dimension: 'MISSING',
  product_type: 'MISSING',
  dimension_unit: 'MISSING'
}
Failed to parse comparison for match 1912: {
  grade: 'MISSING',
  length: 'MISSING',
  material: 'MISSING',
  pressure: 'MISSING',
  standard: 'MISSING',
  dimension: 'MISSING',
  product_type: 'MISSING',
  dimension_unit: 'MISSING'
}
Failed to parse comparison for match 1913: {
  grade: 'MISSING',
  length: 'MISSING',
  material: 'MISSING',
  pressure: 'MISSING',
  standard: 'MISSING',
  dimension: 'MISSING',
  product_type: 'MISSING',
  dimension_unit: 'MISSING'
}
Failed to parse comparison for match 1914: {
  grade: 'MISSING',
  length: 'MISSING',
  material: 'MISSING',
  pressure: 'MISSING',
  standard: 'MISSING',
  dimension: 'MISSING',
  product_type: 'MISSING',
  dimension_unit: 'MISSING'
}
Failed to parse comparison for match 1915: {
  grade: 'MISSING',
  length: 'MISSING',
  material: 'MISSING',
  pressure: 'MISSING',
  standard: 'MISSING',
  dimension: 'MISSING',
  product_type: 'MISSING',
  dimension_unit: 'MISSING'
}
Failed to parse comparison for match 1916: {
  grade: 'MISSING',
  length: 'MISSING',
  material: 'MISSING',
  pressure: 'MISSING',
  standard: 'MISSING',
  dimension: 'MISSING',
  product_type: 'MISSING',
  dimension_unit: 'MISSING'
}
Failed to parse comparison for match 1917: {
  grade: 'MISSING',
  length: 'MISSING',
  material: 'MISSING',
  pressure: 'MISSING',
  standard: 'MISSING',
  dimension: 'MISSING',
  product_type: 'MISSING',
  dimension_unit: 'MISSING'
}
Failed to parse comparison for match 1918: {
  grade: 'MISSING',
  length: 'MISSING',
  material: 'MISSING',
  pressure: 'MISSING',
  standard: 'MISSING',
  dimension: 'MISSING',
  product_type: 'MISSING',
  dimension_unit: 'MISSING'
}
Failed to parse comparison for match 1919: {
  grade: 'MISSING',
  length: 'MISSING',
  material: 'MISSING',
  pressure: 'MISSING',
  standard: 'MISSING',
  dimension: 'MISSING',
  product_type: 'MISSING',
  dimension_unit: 'MISSING'
}
Failed to parse comparison for match 1920: {
  grade: 'MISSING',
  length: 'MISSING',
  material: 'MISSING',
  pressure: 'MISSING',
  standard: 'MISSING',
  dimension: 'MISSING',
  product_type: 'MISSING',
  dimension_unit: 'MISSING'
}
Failed to parse comparison for match 1921: {
  grade: 'MISSING',
  length: 'MISSING',
  material: 'MISSING',
  pressure: 'MISSING',
  standard: 'MISSING',
  dimension: 'MISSING',
  product_type: 'MISSING',
  dimension_unit: 'MISSING'
}
Failed to parse comparison for match 1922: {
  grade: 'MISSING',
  length: 'MISSING',
  material: 'MISSING',
  pressure: 'MISSING',
  standard: 'MISSING',
  dimension: 'MISSING',
  product_type: 'MISSING',
  dimension_unit: 'MISSING'
}
Failed to parse comparison for match 1923: {
  grade: 'MISSING',
  length: 'MISSING',
  material: 'MISSING',
  pressure: 'MISSING',
  standard: 'MISSING',
  dimension: 'MISSING',
  product_type: 'MISSING',
  dimension_unit: 'MISSING'
}
Failed to parse comparison for match 1924: {
  grade: 'MISSING',
  length: 'MISSING',
  material: 'MISSING',
  pressure: 'MISSING',
  standard: 'MISSING',
  dimension: 'MISSING',
  product_type: 'MISSING',
  dimension_unit: 'MISSING'
}
Failed to parse comparison for match 1925: {
  grade: 'MISSING',
  length: 'MISSING',
  material: 'MISSING',
  pressure: 'MISSING',
  standard: 'MISSING',
  dimension: 'MISSING',
  product_type: 'MISSING',
  dimension_unit: 'MISSING'
}
Failed to parse comparison for match 1926: {
  grade: 'MISSING',
  length: 'MISSING',
  material: 'MISSING',
  pressure: 'MISSING',
  standard: 'MISSING',
  dimension: 'MISSING',
  product_type: 'MISSING',
  dimension_unit: 'MISSING'
}
Failed to parse comparison for match 1927: {
  grade: 'MISSING',
  length: 'MISSING',
  material: 'MISSING',
  pressure: 'MISSING',
  standard: 'MISSING',
  dimension: 'MISSING',
  product_type: 'MISSING',
  dimension_unit: 'MISSING'
}
Failed to parse comparison for match 1928: {
  grade: 'MISSING',
  length: 'MISSING',
  material: 'MISSING',
  pressure: 'MISSING',
  standard: 'MISSING',
  dimension: 'MISSING',
  product_type: 'MISSING',
  dimension_unit: 'MISSING'
}
Failed to parse comparison for match 1929: {
  grade: 'MISSING',
  length: 'MISSING',
  material: 'MISSING',
  pressure: 'MISSING',
  standard: 'MISSING',
  dimension: 'MISSING',
  product_type: 'MISSING',
  dimension_unit: 'MISSING'
}
Failed to parse comparison for match 1930: {
  grade: 'MISSING',
  length: 'MISSING',
  material: 'MISSING',
  pressure: 'MISSING',
  standard: 'MISSING',
  dimension: 'MISSING',
  product_type: 'MISSING',
  dimension_unit: 'MISSING'
}
Failed to parse comparison for match 1931: {
  grade: 'MISSING',
  length: 'MISSING',
  material: 'MISSING',
  pressure: 'MISSING',
  standard: 'MISSING',
  dimension: 'MISSING',
  product_type: 'MISSING',
  dimension_unit: 'MISSING'
}
Failed to parse comparison for match 1932: {
  grade: 'MISSING',
  length: 'MISSING',
  material: 'MISSING',
  pressure: 'MISSING',
  standard: 'MISSING',
  dimension: 'MISSING',
  product_type: 'MISSING',
  dimension_unit: 'MISSING'
}
Failed to parse comparison for match 1933: {
  grade: 'MISSING',
  length: 'MISSING',
  material: 'MISSING',
  pressure: 'MISSING',
  standard: 'MISSING',
  dimension: 'MISSING',
  product_type: 'MISSING',
  dimension_unit: 'MISSING'
}
Failed to parse comparison for match 1934: {
  grade: 'MISSING',
  length: 'MISSING',
  material: 'MISSING',
  pressure: 'MISSING',
  standard: 'MISSING',
  dimension: 'MISSING',
  product_type: 'MISSING',
  dimension_unit: 'MISSING'
}
Failed to parse comparison for match 1935: {
  grade: 'MISSING',
  length: 'MISSING',
  material: 'MISSING',
  pressure: 'MISSING',
  standard: 'MISSING',
  dimension: 'MISSING',
  product_type: 'MISSING',
  dimension_unit: 'MISSING'
}
Failed to parse comparison for match 1936: {
  grade: 'MISSING',
  length: 'MISSING',
  material: 'MISSING',
  pressure: 'MISSING',
  standard: 'MISSING',
  dimension: 'MISSING',
  product_type: 'MISSING',
  dimension_unit: 'MISSING'
}
Failed to parse comparison for match 1937: {
  grade: 'MISSING',
  length: 'MISSING',
  material: 'MISSING',
  pressure: 'MISSING',
  standard: 'MISSING',
  dimension: 'MISSING',
  product_type: 'MISSING',
  dimension_unit: 'MISSING'
}
Failed to parse comparison for match 1938: {
  grade: 'MISSING',
  length: 'MISSING',
  material: 'MISSING',
  pressure: 'MISSING',
  standard: 'MISSING',
  dimension: 'MISSING',
  product_type: 'MISSING',
  dimension_unit: 'MISSING'
}
Failed to parse comparison for match 1939: {
  grade: 'MISSING',
  length: 'MISSING',
  material: 'MISSING',
  pressure: 'MISSING',
  standard: 'MISSING',
  dimension: 'MISSING',
  product_type: 'MISSING',
  dimension_unit: 'MISSING'
}
Failed to parse comparison for match 1940: {
  grade: 'MISSING',
  length: 'MISSING',
  material: 'MISSING',
  pressure: 'MISSING',
  standard: 'MISSING',
  dimension: 'MISSING',
  product_type: 'MISSING',
  dimension_unit: 'MISSING'
}
Failed to parse comparison for match 1941: {
  grade: 'MISSING',
  length: 'MISSING',
  material: 'MISSING',
  pressure: 'MISSING',
  standard: 'MISSING',
  dimension: 'MISSING',
  product_type: 'MISSING',
  dimension_unit: 'MISSING'
}
Failed to parse comparison for match 1942: {
  grade: 'MISSING',
  length: 'MISSING',
  material: 'MISSING',
  pressure: 'MISSING',
  standard: 'MISSING',
  dimension: 'MISSING',
  product_type: 'MISSING',
  dimension_unit: 'MISSING'
}
Failed to parse comparison for match 1943: {
  grade: 'MISSING',
  length: 'MISSING',
  material: 'MISSING',
  pressure: 'MISSING',
  standard: 'MISSING',
  dimension: 'MISSING',
  product_type: 'MISSING',
  dimension_unit: 'MISSING'
}
Failed to parse comparison for match 1944: {
  grade: 'MISSING',
  length: 'MISSING',
  material: 'MISSING',
  pressure: 'MISSING',
  standard: 'MISSING',
  dimension: 'MISSING',
  product_type: 'MISSING',
  dimension_unit: 'MISSING'
}
Failed to parse comparison for match 1945: {
  grade: 'MISSING',
  length: 'MISSING',
  material: 'MISSING',
  pressure: 'MISSING',
  standard: 'MISSING',
  dimension: 'MISSING',
  product_type: 'MISSING',
  dimension_unit: 'MISSING'
}
Failed to parse comparison for match 1946: {
  grade: 'MISSING',
  length: 'MISSING',
  material: 'MISSING',
  pressure: 'MISSING',
  standard: 'MISSING',
  dimension: 'MISSING',
  product_type: 'MISSING',
  dimension_unit: 'MISSING'
}
Failed to parse comparison for match 1947: {
  grade: 'MISSING',
  length: 'MISSING',
  material: 'MISSING',
  pressure: 'MISSING',
  standard: 'MISSING',
  dimension: 'MISSING',
  product_type: 'MISSING',
  dimension_unit: 'MISSING'
}
Failed to parse comparison for match 1948: {
  grade: 'MISSING',
  length: 'MISSING',
  material: 'MISSING',
  pressure: 'MISSING',
  standard: 'MISSING',
  dimension: 'MISSING',
  product_type: 'MISSING',
  dimension_unit: 'MISSING'
}
Failed to parse comparison for match 1949: {
  grade: 'MISSING',
  length: 'MISSING',
  material: 'MISSING',
  pressure: 'MISSING',
  standard: 'MISSING',
  dimension: 'MISSING',
  product_type: 'MISSING',
  dimension_unit: 'MISSING'
}
Failed to parse comparison for match 1950: {
  grade: 'MISSING',
  length: 'MISSING',
  material: 'MISSING',
  pressure: 'MISSING',
  standard: 'MISSING',
  dimension: 'MISSING',
  product_type: 'MISSING',
  dimension_unit: 'MISSING'
}
Failed to parse comparison for match 1951: {
  grade: 'MISSING',
  length: 'MISSING',
  material: 'MISSING',
  pressure: 'MISSING',
  standard: 'MISSING',
  dimension: 'MISSING',
  product_type: 'MISSING',
  dimension_unit: 'MISSING'
}
Failed to parse comparison for match 1952: {
  grade: 'MISSING',
  length: 'MISSING',
  material: 'MISSING',
  pressure: 'MISSING',
  standard: 'MISSING',
  dimension: 'MISSING',
  product_type: 'MISSING',
  dimension_unit: 'MISSING'
}
Failed to parse comparison for match 1953: {
  grade: 'MISSING',
  length: 'MISSING',
  material: 'MISSING',
  pressure: 'MISSING',
  standard: 'MISSING',
  dimension: 'MISSING',
  product_type: 'MISSING',
  dimension_unit: 'MISSING'
}
Failed to parse comparison for match 1954: {
  grade: 'MISSING',
  length: 'MISSING',
  material: 'MISSING',
  pressure: 'MISSING',
  standard: 'MISSING',
  dimension: 'MISSING',
  product_type: 'MISSING',
  dimension_unit: 'MISSING'
}
Failed to parse comparison for match 1955: {
  grade: 'MISSING',
  length: 'MISSING',
  material: 'MISSING',
  pressure: 'MISSING',
  standard: 'MISSING',
  dimension: 'MISSING',
  product_type: 'MISSING',
  dimension_unit: 'MISSING'
}
Failed to parse comparison for match 1956: {
  grade: 'MISSING',
  length: 'MISSING',
  material: 'MISSING',
  pressure: 'MISSING',
  standard: 'MISSING',
  dimension: 'MISSING',
  product_type: 'MISSING',
  dimension_unit: 'MISSING'
}
Failed to parse comparison for match 1957: {
  grade: 'MISSING',
  length: 'MISSING',
  material: 'MISSING',
  pressure: 'MISSING',
  standard: 'MISSING',
  dimension: 'MISSING',
  product_type: 'MISSING',
  dimension_unit: 'MISSING'
}
Failed to parse comparison for match 1958: {
  grade: 'MISSING',
  length: 'MISSING',
  material: 'MISSING',
  pressure: 'MISSING',
  standard: 'MISSING',
  dimension: 'MISSING',
  product_type: 'MISSING',
  dimension_unit: 'MISSING'
}
Failed to parse comparison for match 1959: {
  grade: 'MISSING',
  length: 'MISSING',
  material: 'MISSING',
  pressure: 'MISSING',
  standard: 'MISSING',
  dimension: 'MISSING',
  product_type: 'MISSING',
  dimension_unit: 'MISSING'
}
Failed to parse comparison for match 1960: {
  grade: 'MISSING',
  length: 'MISSING',
  material: 'MISSING',
  pressure: 'MISSING',
  standard: 'MISSING',
  dimension: 'MISSING',
  product_type: 'MISSING',
  dimension_unit: 'MISSING'
}
Failed to parse comparison for match 1961: {
  grade: 'MISSING',
  length: 'MISSING',
  material: 'MISSING',
  pressure: 'MISSING',
  standard: 'MISSING',
  dimension: 'MISSING',
  product_type: 'MISSING',
  dimension_unit: 'MISSING'
}
Failed to parse comparison for match 1962: {
  grade: 'MISSING',
  length: 'MISSING',
  material: 'MISSING',
  pressure: 'MISSING',
  standard: 'MISSING',
  dimension: 'MISSING',
  product_type: 'MISSING',
  dimension_unit: 'MISSING'
}
Failed to parse comparison for match 1963: {
  grade: 'MISSING',
  length: 'MISSING',
  material: 'MISSING',
  pressure: 'MISSING',
  standard: 'MISSING',
  dimension: 'MISSING',
  product_type: 'MISSING',
  dimension_unit: 'MISSING'
}
Failed to parse comparison for match 1964: {
  grade: 'MISSING',
  length: 'MISSING',
  material: 'MISSING',
  pressure: 'MISSING',
  standard: 'MISSING',
  dimension: 'MISSING',
  product_type: 'MISSING',
  dimension_unit: 'MISSING'
}
Failed to parse comparison for match 1965: {
  grade: 'MISSING',
  length: 'MISSING',
  material: 'MISSING',
  pressure: 'MISSING',
  standard: 'MISSING',
  dimension: 'MISSING',
  product_type: 'MISSING',
  dimension_unit: 'MISSING'
}
Failed to parse comparison for match 1966: {
  grade: 'MISSING',
  length: 'MISSING',
  material: 'MISSING',
  pressure: 'MISSING',
  standard: 'MISSING',
  dimension: 'MISSING',
  product_type: 'MISSING',
  dimension_unit: 'MISSING'
}
Failed to parse comparison for match 1967: {
  grade: 'MISSING',
  length: 'MISSING',
  material: 'MISSING',
  pressure: 'MISSING',
  standard: 'MISSING',
  dimension: 'MISSING',
  product_type: 'MISSING',
  dimension_unit: 'MISSING'
}
Failed to parse comparison for match 1968: {
  grade: 'MISSING',
  length: 'MISSING',
  material: 'MISSING',
  pressure: 'MISSING',
  standard: 'MISSING',
  dimension: 'MISSING',
  product_type: 'MISSING',
  dimension_unit: 'MISSING'
}
Failed to parse comparison for match 1969: {
  grade: 'MISSING',
  length: 'MISSING',
  material: 'MISSING',
  pressure: 'MISSING',
  standard: 'MISSING',
  dimension: 'MISSING',
  product_type: 'MISSING',
  dimension_unit: 'MISSING'
}
Failed to parse comparison for match 1970: {
  grade: 'MISSING',
  length: 'MISSING',
  material: 'MISSING',
  pressure: 'MISSING',
  standard: 'MISSING',
  dimension: 'MISSING',
  product_type: 'MISSING',
  dimension_unit: 'MISSING'
}
Failed to parse comparison for match 1971: {
  grade: 'MISSING',
  length: 'MISSING',
  material: 'MISSING',
  pressure: 'MISSING',
  standard: 'MISSING',
  dimension: 'MISSING',
  product_type: 'MISSING',
  dimension_unit: 'MISSING'
}
Failed to parse comparison for match 1972: {
  grade: 'MISSING',
  length: 'MISSING',
  material: 'MISSING',
  pressure: 'MISSING',
  standard: 'MISSING',
  dimension: 'MISSING',
  product_type: 'MISSING',
  dimension_unit: 'MISSING'
}
Failed to parse comparison for match 1973: {
  grade: 'MISSING',
  length: 'MISSING',
  material: 'MISSING',
  pressure: 'MISSING',
  standard: 'MISSING',
  dimension: 'MISSING',
  product_type: 'MISSING',
  dimension_unit: 'MISSING'
}
Failed to parse comparison for match 1974: {
  grade: 'MISSING',
  length: 'MISSING',
  material: 'MISSING',
  pressure: 'MISSING',
  standard: 'MISSING',
  dimension: 'MISSING',
  product_type: 'MISSING',
  dimension_unit: 'MISSING'
}
Failed to parse comparison for match 1975: {
  grade: 'MISSING',
  length: 'MISSING',
  material: 'MISSING',
  pressure: 'MISSING',
  standard: 'MISSING',
  dimension: 'MISSING',
  product_type: 'MISSING',
  dimension_unit: 'MISSING'
}
Failed to parse comparison for match 1976: {
  grade: 'MISSING',
  length: 'MISSING',
  material: 'MISSING',
  pressure: 'MISSING',
  standard: 'MISSING',
  dimension: 'MISSING',
  product_type: 'MISSING',
  dimension_unit: 'MISSING'
}
Failed to parse comparison for match 1977: {
  grade: 'MISSING',
  length: 'MISSING',
  material: 'MISSING',
  pressure: 'MISSING',
  standard: 'MISSING',
  dimension: 'MISSING',
  product_type: 'MISSING',
  dimension_unit: 'MISSING'
}
Failed to parse comparison for match 1978: {
  grade: 'MISSING',
  length: 'MISSING',
  material: 'MISSING',
  pressure: 'MISSING',
  standard: 'MISSING',
  dimension: 'MISSING',
  product_type: 'MISSING',
  dimension_unit: 'MISSING'
}
Failed to parse comparison for match 1979: {
  grade: 'MISSING',
  length: 'MISSING',
  material: 'MISSING',
  pressure: 'MISSING',
  standard: 'MISSING',
  dimension: 'MISSING',
  product_type: 'MISSING',
  dimension_unit: 'MISSING'
}
Failed to parse comparison for match 1980: {
  grade: 'MISSING',
  length: 'MISSING',
  material: 'MISSING',
  pressure: 'MISSING',
  standard: 'MISSING',
  dimension: 'MISSING',
  product_type: 'MISSING',
  dimension_unit: 'MISSING'
}
Failed to parse comparison for match 1981: {
  grade: 'MISSING',
  length: 'MISSING',
  material: 'MISSING',
  pressure: 'MISSING',
  standard: 'MISSING',
  dimension: 'MISSING',
  product_type: 'MISSING',
  dimension_unit: 'MISSING'
}
Failed to parse comparison for match 1982: {
  grade: 'MISSING',
  length: 'MISSING',
  material: 'MISSING',
  pressure: 'MISSING',
  standard: 'MISSING',
  dimension: 'MISSING',
  product_type: 'MISSING',
  dimension_unit: 'MISSING'
}
Failed to parse comparison for match 1983: {
  grade: 'MISSING',
  length: 'MISSING',
  material: 'MISSING',
  pressure: 'MISSING',
  standard: 'MISSING',
  dimension: 'MISSING',
  product_type: 'MISSING',
  dimension_unit: 'MISSING'
}
Failed to parse comparison for match 1984: {
  grade: 'MISSING',
  length: 'MISSING',
  material: 'MISSING',
  pressure: 'MISSING',
  standard: 'MISSING',
  dimension: 'MISSING',
  product_type: 'MISSING',
  dimension_unit: 'MISSING'
}
Failed to parse comparison for match 1985: {
  grade: 'MISSING',
  length: 'MISSING',
  material: 'MISSING',
  pressure: 'MISSING',
  standard: 'MISSING',
  dimension: 'MISSING',
  product_type: 'MISSING',
  dimension_unit: 'MISSING'
}
Failed to parse comparison for match 1986: {
  grade: 'MISSING',
  length: 'MISSING',
  material: 'MISSING',
  pressure: 'MISSING',
  standard: 'MISSING',
  dimension: 'MISSING',
  product_type: 'MISSING',
  dimension_unit: 'MISSING'
}
Failed to parse comparison for match 1987: {
  grade: 'MISSING',
  length: 'MISSING',
  material: 'MISSING',
  pressure: 'MISSING',
  standard: 'MISSING',
  dimension: 'MISSING',
  product_type: 'MISSING',
  dimension_unit: 'MISSING'
}
Failed to parse comparison for match 1988: {
  grade: 'MISSING',
  length: 'MISSING',
  material: 'MISSING',
  pressure: 'MISSING',
  standard: 'MISSING',
  dimension: 'MISSING',
  product_type: 'MISSING',
  dimension_unit: 'MISSING'
}
Failed to parse comparison for match 1989: {
  grade: 'MISSING',
  length: 'MISSING',
  material: 'MISSING',
  pressure: 'MISSING',
  standard: 'MISSING',
  dimension: 'MISSING',
  product_type: 'MISSING',
  dimension_unit: 'MISSING'
}
Failed to parse comparison for match 1990: {
  grade: 'MISSING',
  length: 'MISSING',
  material: 'MISSING',
  pressure: 'MISSING',
  standard: 'MISSING',
  dimension: 'MISSING',
  product_type: 'MISSING',
  dimension_unit: 'MISSING'
}
Failed to parse comparison for match 1991: {
  grade: 'MISSING',
  length: 'MISSING',
  material: 'MISSING',
  pressure: 'MISSING',
  standard: 'MISSING',
  dimension: 'MISSING',
  product_type: 'MISSING',
  dimension_unit: 'MISSING'
}
Failed to parse comparison for match 1992: {
  grade: 'MISSING',
  length: 'MISSING',
  material: 'MISSING',
  pressure: 'MISSING',
  standard: 'MISSING',
  dimension: 'MISSING',
  product_type: 'MISSING',
  dimension_unit: 'MISSING'
}
Failed to parse comparison for match 1993: {
  grade: 'MISSING',
  length: 'MISSING',
  material: 'MISSING',
  pressure: 'MISSING',
  standard: 'MISSING',
  dimension: 'MISSING',
  product_type: 'MISSING',
  dimension_unit: 'MISSING'
}
Failed to parse comparison for match 1994: {
  grade: 'MISSING',
  length: 'MISSING',
  material: 'MISSING',
  pressure: 'MISSING',
  standard: 'MISSING',
  dimension: 'MISSING',
  product_type: 'MISSING',
  dimension_unit: 'MISSING'
}
Failed to parse comparison for match 1995: {
  grade: 'MISSING',
  length: 'MISSING',
  material: 'MISSING',
  pressure: 'MISSING',
  standard: 'MISSING',
  dimension: 'MISSING',
  product_type: 'MISSING',
  dimension_unit: 'MISSING'
}
Failed to parse comparison for match 1996: {
  grade: 'MISSING',
  length: 'MISSING',
  material: 'MISSING',
  pressure: 'MISSING',
  standard: 'MISSING',
  dimension: 'MISSING',
  product_type: 'MISSING',
  dimension_unit: 'MISSING'
}
Failed to parse comparison for match 1997: {
  grade: 'MISSING',
  length: 'MISSING',
  material: 'MISSING',
  pressure: 'MISSING',
  standard: 'MISSING',
  dimension: 'MISSING',
  product_type: 'MISSING',
  dimension_unit: 'MISSING'
}
Failed to parse comparison for match 1998: {
  grade: 'MISSING',
  length: 'MISSING',
  material: 'MISSING',
  pressure: 'MISSING',
  standard: 'MISSING',
  dimension: 'MISSING',
  product_type: 'MISSING',
  dimension_unit: 'MISSING'
}
Failed to parse comparison for match 1999: {
  grade: 'MISSING',
  length: 'MISSING',
  material: 'MISSING',
  pressure: 'MISSING',
  standard: 'MISSING',
  dimension: 'MISSING',
  product_type: 'MISSING',
  dimension_unit: 'MISSING'
}
Failed to parse comparison for match 2000: {
  grade: 'MISSING',
  length: 'MISSING',
  material: 'MISSING',
  pressure: 'MISSING',
  standard: 'MISSING',
  dimension: 'MISSING',
  product_type: 'MISSING',
  dimension_unit: 'MISSING'
}
Failed to parse comparison for match 2001: {
  grade: 'MISSING',
  length: 'MISSING',
  material: 'MISSING',
  pressure: 'MISSING',
  standard: 'MISSING',
  dimension: 'MISSING',
  product_type: 'MISSING',
  dimension_unit: 'MISSING'
}
Failed to parse comparison for match 2002: {
  grade: 'MISSING',
  length: 'MISSING',
  material: 'MISSING',
  pressure: 'MISSING',
  standard: 'MISSING',
  dimension: 'MISSING',
  product_type: 'MISSING',
  dimension_unit: 'MISSING'
}
Failed to parse comparison for match 2003: {
  grade: 'MISSING',
  length: 'MISSING',
  material: 'MISSING',
  pressure: 'MISSING',
  standard: 'MISSING',
  dimension: 'MISSING',
  product_type: 'MISSING',
  dimension_unit: 'MISSING'
}
Failed to parse comparison for match 2004: {
  grade: 'MISSING',
  length: 'MISSING',
  material: 'MISSING',
  pressure: 'MISSING',
  standard: 'MISSING',
  dimension: 'MISSING',
  product_type: 'MISSING',
  dimension_unit: 'MISSING'
}
Failed to parse comparison for match 2005: {
  grade: 'MISSING',
  length: 'MISSING',
  material: 'MISSING',
  pressure: 'MISSING',
  standard: 'MISSING',
  dimension: 'MISSING',
  product_type: 'MISSING',
  dimension_unit: 'MISSING'
}
Failed to parse comparison for match 2006: {
  grade: 'MISSING',
  length: 'MISSING',
  material: 'MISSING',
  pressure: 'MISSING',
  standard: 'MISSING',
  dimension: 'MISSING',
  product_type: 'MISSING',
  dimension_unit: 'MISSING'
}
Failed to parse comparison for match 2007: {
  grade: 'MISSING',
  length: 'MISSING',
  material: 'MISSING',
  pressure: 'MISSING',
  standard: 'MISSING',
  dimension: 'MISSING',
  product_type: 'MISSING',
  dimension_unit: 'MISSING'
}
Failed to parse comparison for match 2008: {
  grade: 'MISSING',
  length: 'MISSING',
  material: 'MISSING',
  pressure: 'MISSING',
  standard: 'MISSING',
  dimension: 'MISSING',
  product_type: 'MISSING',
  dimension_unit: 'MISSING'
}
Failed to parse comparison for match 2009: {
  grade: 'MISSING',
  length: 'MISSING',
  material: 'MISSING',
  pressure: 'MISSING',
  standard: 'MISSING',
  dimension: 'MISSING',
  product_type: 'MISSING',
  dimension_unit: 'MISSING'
}
Failed to parse comparison for match 2010: {
  grade: 'MISSING',
  length: 'MISSING',
  material: 'MISSING',
  pressure: 'MISSING',
  standard: 'MISSING',
  dimension: 'MISSING',
  product_type: 'MISSING',
  dimension_unit: 'MISSING'
}
Failed to parse comparison for match 2011: {
  grade: 'MISSING',
  length: 'MISSING',
  material: 'MISSING',
  pressure: 'MISSING',
  standard: 'MISSING',
  dimension: 'MISSING',
  product_type: 'MISSING',
  dimension_unit: 'MISSING'
}
Failed to parse comparison for match 2012: {
  grade: 'MISSING',
  length: 'MISSING',
  material: 'MISSING',
  pressure: 'MISSING',
  standard: 'MISSING',
  dimension: 'MISSING',
  product_type: 'MISSING',
  dimension_unit: 'MISSING'
}
Failed to parse comparison for match 2013: {
  grade: 'MISSING',
  length: 'MISSING',
  material: 'MISSING',
  pressure: 'MISSING',
  standard: 'MISSING',
  dimension: 'MISSING',
  product_type: 'MISSING',
  dimension_unit: 'MISSING'
}
Failed to parse comparison for match 2014: {
  grade: 'MISSING',
  length: 'MISSING',
  material: 'MISSING',
  pressure: 'MISSING',
  standard: 'MISSING',
  dimension: 'MISSING',
  product_type: 'MISSING',
  dimension_unit: 'MISSING'
}
Failed to parse comparison for match 2015: {
  grade: 'MISSING',
  length: 'MISSING',
  material: 'MISSING',
  pressure: 'MISSING',
  standard: 'MISSING',
  dimension: 'MISSING',
  product_type: 'MISSING',
  dimension_unit: 'MISSING'
}
Failed to parse comparison for match 2016: {
  grade: 'MISSING',
  length: 'MISSING',
  material: 'MISSING',
  pressure: 'MISSING',
  standard: 'MISSING',
  dimension: 'MISSING',
  product_type: 'MISSING',
  dimension_unit: 'MISSING'
}
Failed to parse comparison for match 2017: {
  grade: 'MISSING',
  length: 'MISSING',
  material: 'MISSING',
  pressure: 'MISSING',
  standard: 'MISSING',
  dimension: 'MISSING',
  product_type: 'MISSING',
  dimension_unit: 'MISSING'
}
Failed to parse comparison for match 2018: {
  grade: 'MISSING',
  length: 'MISSING',
  material: 'MISSING',
  pressure: 'MISSING',
  standard: 'MISSING',
  dimension: 'MISSING',
  product_type: 'MISSING',
  dimension_unit: 'MISSING'
}
Failed to parse comparison for match 2019: {
  grade: 'MISSING',
  length: 'MISSING',
  material: 'MISSING',
  pressure: 'MISSING',
  standard: 'MISSING',
  dimension: 'MISSING',
  product_type: 'MISSING',
  dimension_unit: 'MISSING'
}
Failed to parse comparison for match 2020: {
  grade: 'MISSING',
  length: 'MISSING',
  material: 'MISSING',
  pressure: 'MISSING',
  standard: 'MISSING',
  dimension: 'MISSING',
  product_type: 'MISSING',
  dimension_unit: 'MISSING'
}
Failed to parse comparison for match 2021: {
  grade: 'MISSING',
  length: 'MISSING',
  material: 'MISSING',
  pressure: 'MISSING',
  standard: 'MISSING',
  dimension: 'MISSING',
  product_type: 'MISSING',
  dimension_unit: 'MISSING'
}
Failed to parse comparison for match 2022: {
  grade: 'MISSING',
  length: 'MISSING',
  material: 'MISSING',
  pressure: 'MISSING',
  standard: 'MISSING',
  dimension: 'MISSING',
  product_type: 'MISSING',
  dimension_unit: 'MISSING'
}
Failed to parse comparison for match 2023: {
  grade: 'MISSING',
  length: 'MISSING',
  material: 'MISSING',
  pressure: 'MISSING',
  standard: 'MISSING',
  dimension: 'MISSING',
  product_type: 'MISSING',
  dimension_unit: 'MISSING'
}
Failed to parse comparison for match 2024: {
  grade: 'MISSING',
  length: 'MISSING',
  material: 'MISSING',
  pressure: 'MISSING',
  standard: 'MISSING',
  dimension: 'MISSING',
  product_type: 'MISSING',
  dimension_unit: 'MISSING'
}
Failed to parse comparison for match 2025: {
  grade: 'MISSING',
  length: 'MISSING',
  material: 'MISSING',
  pressure: 'MISSING',
  standard: 'MISSING',
  dimension: 'MISSING',
  product_type: 'MISSING',
  dimension_unit: 'MISSING'
}
Failed to parse comparison for match 2026: {
  grade: 'MISSING',
  length: 'MISSING',
  material: 'MISSING',
  pressure: 'MISSING',
  standard: 'MISSING',
  dimension: 'MISSING',
  product_type: 'MISSING',
  dimension_unit: 'MISSING'
}
Failed to parse comparison for match 2027: {
  grade: 'MISSING',
  length: 'MISSING',
  material: 'MISSING',
  pressure: 'MISSING',
  standard: 'MISSING',
  dimension: 'MISSING',
  product_type: 'MISSING',
  dimension_unit: 'MISSING'
}
Failed to parse comparison for match 2028: {
  grade: 'MISSING',
  length: 'MISSING',
  material: 'MISSING',
  pressure: 'MISSING',
  standard: 'MISSING',
  dimension: 'MISSING',
  product_type: 'MISSING',
  dimension_unit: 'MISSING'
}
Failed to parse comparison for match 2029: {
  grade: 'MISSING',
  length: 'MISSING',
  material: 'MISSING',
  pressure: 'MISSING',
  standard: 'MISSING',
  dimension: 'MISSING',
  product_type: 'MISSING',
  dimension_unit: 'MISSING'
}
Failed to parse comparison for match 2030: {
  grade: 'MISSING',
  length: 'MISSING',
  material: 'MISSING',
  pressure: 'MISSING',
  standard: 'MISSING',
  dimension: 'MISSING',
  product_type: 'MISSING',
  dimension_unit: 'MISSING'
}
Failed to parse comparison for match 2031: {
  grade: 'MISSING',
  length: 'MISSING',
  material: 'MISSING',
  pressure: 'MISSING',
  standard: 'MISSING',
  dimension: 'MISSING',
  product_type: 'MISSING',
  dimension_unit: 'MISSING'
}
Failed to parse comparison for match 2032: {
  grade: 'MISSING',
  length: 'MISSING',
  material: 'MISSING',
  pressure: 'MISSING',
  standard: 'MISSING',
  dimension: 'MISSING',
  product_type: 'MISSING',
  dimension_unit: 'MISSING'
}
Failed to parse comparison for match 2033: {
  grade: 'MISSING',
  length: 'MISSING',
  material: 'MISSING',
  pressure: 'MISSING',
  standard: 'MISSING',
  dimension: 'MISSING',
  product_type: 'MISSING',
  dimension_unit: 'MISSING'
}
Failed to parse comparison for match 2034: {
  grade: 'MISSING',
  length: 'MISSING',
  material: 'MISSING',
  pressure: 'MISSING',
  standard: 'MISSING',
  dimension: 'MISSING',
  product_type: 'MISSING',
  dimension_unit: 'MISSING'
}
Failed to parse comparison for match 2035: {
  grade: 'MISSING',
  length: 'MISSING',
  material: 'MISSING',
  pressure: 'MISSING',
  standard: 'MISSING',
  dimension: 'MISSING',
  product_type: 'MISSING',
  dimension_unit: 'MISSING'
}
Failed to parse comparison for match 2036: {
  grade: 'MISSING',
  length: 'MISSING',
  material: 'MISSING',
  pressure: 'MISSING',
  standard: 'MISSING',
  dimension: 'MISSING',
  product_type: 'MISSING',
  dimension_unit: 'MISSING'
}
Failed to parse comparison for match 2037: {
  grade: 'MISSING',
  length: 'MISSING',
  material: 'MISSING',
  pressure: 'MISSING',
  standard: 'MISSING',
  dimension: 'MISSING',
  product_type: 'MISSING',
  dimension_unit: 'MISSING'
}
Failed to parse comparison for match 2038: {
  grade: 'MISSING',
  length: 'MISSING',
  material: 'MISSING',
  pressure: 'MISSING',
  standard: 'MISSING',
  dimension: 'MISSING',
  product_type: 'MISSING',
  dimension_unit: 'MISSING'
}
Failed to parse comparison for match 2039: {
  grade: 'MISSING',
  length: 'MISSING',
  material: 'MISSING',
  pressure: 'MISSING',
  standard: 'MISSING',
  dimension: 'MISSING',
  product_type: 'MISSING',
  dimension_unit: 'MISSING'
}
Failed to parse comparison for match 2040: {
  grade: 'MISSING',
  length: 'MISSING',
  material: 'MISSING',
  pressure: 'MISSING',
  standard: 'MISSING',
  dimension: 'MISSING',
  product_type: 'MISSING',
  dimension_unit: 'MISSING'
}
Failed to parse comparison for match 2041: {
  grade: 'MISSING',
  length: 'MISSING',
  material: 'MISSING',
  pressure: 'MISSING',
  standard: 'MISSING',
  dimension: 'MISSING',
  product_type: 'MISSING',
  dimension_unit: 'MISSING'
}
Failed to parse comparison for match 2042: {
  grade: 'MISSING',
  length: 'MISSING',
  material: 'MISSING',
  pressure: 'MISSING',
  standard: 'MISSING',
  dimension: 'MISSING',
  product_type: 'MISSING',
  dimension_unit: 'MISSING'
}
Failed to parse comparison for match 2043: {
  grade: 'MISSING',
  length: 'MISSING',
  material: 'MISSING',
  pressure: 'MISSING',
  standard: 'MISSING',
  dimension: 'MISSING',
  product_type: 'MISSING',
  dimension_unit: 'MISSING'
}
Failed to parse comparison for match 2044: {
  grade: 'MISSING',
  length: 'MISSING',
  material: 'MISSING',
  pressure: 'MISSING',
  standard: 'MISSING',
  dimension: 'MISSING',
  product_type: 'MISSING',
  dimension_unit: 'MISSING'
}
Failed to parse comparison for match 2045: {
  grade: 'MISSING',
  length: 'MISSING',
  material: 'MISSING',
  pressure: 'MISSING',
  standard: 'MISSING',
  dimension: 'MISSING',
  product_type: 'MISSING',
  dimension_unit: 'MISSING'
}
Failed to parse comparison for match 2046: {
  grade: 'MISSING',
  length: 'MISSING',
  material: 'MISSING',
  pressure: 'MISSING',
  standard: 'MISSING',
  dimension: 'MISSING',
  product_type: 'MISSING',
  dimension_unit: 'MISSING'
}
Failed to parse comparison for match 2047: {
  grade: 'MISSING',
  length: 'MISSING',
  material: 'MISSING',
  pressure: 'MISSING',
  standard: 'MISSING',
  dimension: 'MISSING',
  product_type: 'MISSING',
  dimension_unit: 'MISSING'
}
Failed to parse comparison for match 2048: {
  grade: 'MISSING',
  length: 'MISSING',
  material: 'MISSING',
  pressure: 'MISSING',
  standard: 'MISSING',
  dimension: 'MISSING',
  product_type: 'MISSING',
  dimension_unit: 'MISSING'
}
Failed to parse comparison for match 2049: {
  grade: 'MISSING',
  length: 'MISSING',
  material: 'MISSING',
  pressure: 'MISSING',
  standard: 'MISSING',
  dimension: 'MISSING',
  product_type: 'MISSING',
  dimension_unit: 'MISSING'
}
Failed to parse comparison for match 2050: {
  grade: 'MISSING',
  length: 'MISSING',
  material: 'MISSING',
  pressure: 'MISSING',
  standard: 'MISSING',
  dimension: 'MISSING',
  product_type: 'MISSING',
  dimension_unit: 'MISSING'
}
Failed to parse comparison for match 2051: {
  grade: 'MISSING',
  length: 'MISSING',
  material: 'MISSING',
  pressure: 'MISSING',
  standard: 'MISSING',
  dimension: 'MISSING',
  product_type: 'MISSING',
  dimension_unit: 'MISSING'
}
Failed to parse comparison for match 2052: {
  grade: 'MISSING',
  length: 'MISSING',
  material: 'MISSING',
  pressure: 'MISSING',
  standard: 'MISSING',
  dimension: 'MISSING',
  product_type: 'MISSING',
  dimension_unit: 'MISSING'
}
Failed to parse comparison for match 2053: {
  grade: 'MISSING',
  length: 'MISSING',
  material: 'MISSING',
  pressure: 'MISSING',
  standard: 'MISSING',
  dimension: 'MISSING',
  product_type: 'MISSING',
  dimension_unit: 'MISSING'
}
Failed to parse comparison for match 2054: {
  grade: 'MISSING',
  length: 'MISSING',
  material: 'MISSING',
  pressure: 'MISSING',
  standard: 'MISSING',
  dimension: 'MISSING',
  product_type: 'MISSING',
  dimension_unit: 'MISSING'
}
Failed to parse comparison for match 2055: {
  grade: 'MISSING',
  length: 'MISSING',
  material: 'MISSING',
  pressure: 'MISSING',
  standard: 'MISSING',
  dimension: 'MISSING',
  product_type: 'MISSING',
  dimension_unit: 'MISSING'
}
Failed to parse comparison for match 2056: {
  grade: 'MISSING',
  length: 'MISSING',
  material: 'MISSING',
  pressure: 'MISSING',
  standard: 'MISSING',
  dimension: 'MISSING',
  product_type: 'MISSING',
  dimension_unit: 'MISSING'
}
Failed to parse comparison for match 2057: {
  grade: 'MISSING',
  length: 'MISSING',
  material: 'MISSING',
  pressure: 'MISSING',
  standard: 'MISSING',
  dimension: 'MISSING',
  product_type: 'MISSING',
  dimension_unit: 'MISSING'
}
Failed to parse comparison for match 2058: {
  grade: 'MISSING',
  length: 'MISSING',
  material: 'MISSING',
  pressure: 'MISSING',
  standard: 'MISSING',
  dimension: 'MISSING',
  product_type: 'MISSING',
  dimension_unit: 'MISSING'
}
Failed to parse comparison for match 2059: {
  grade: 'MISSING',
  length: 'MISSING',
  material: 'MISSING',
  pressure: 'MISSING',
  standard: 'MISSING',
  dimension: 'MISSING',
  product_type: 'MISSING',
  dimension_unit: 'MISSING'
}
Failed to parse comparison for match 2060: {
  grade: 'MISSING',
  length: 'MISSING',
  material: 'MISSING',
  pressure: 'MISSING',
  standard: 'MISSING',
  dimension: 'MISSING',
  product_type: 'MISSING',
  dimension_unit: 'MISSING'
}
Failed to parse comparison for match 2061: {
  grade: 'MISSING',
  length: 'MISSING',
  material: 'MISSING',
  pressure: 'MISSING',
  standard: 'MISSING',
  dimension: 'MISSING',
  product_type: 'MISSING',
  dimension_unit: 'MISSING'
}
Failed to parse comparison for match 2062: {
  grade: 'MISSING',
  length: 'MISSING',
  material: 'MISSING',
  pressure: 'MISSING',
  standard: 'MISSING',
  dimension: 'MISSING',
  product_type: 'MISSING',
  dimension_unit: 'MISSING'
}
Failed to parse comparison for match 2063: {
  grade: 'MISSING',
  length: 'MISSING',
  material: 'MISSING',
  pressure: 'MISSING',
  standard: 'MISSING',
  dimension: 'MISSING',
  product_type: 'MISSING',
  dimension_unit: 'MISSING'
}
Failed to parse comparison for match 2064: {
  grade: 'MISSING',
  length: 'MISSING',
  material: 'MISSING',
  pressure: 'MISSING',
  standard: 'MISSING',
  dimension: 'MISSING',
  product_type: 'MISSING',
  dimension_unit: 'MISSING'
}
Failed to parse comparison for match 2065: {
  grade: 'MISSING',
  length: 'MISSING',
  material: 'MISSING',
  pressure: 'MISSING',
  standard: 'MISSING',
  dimension: 'MISSING',
  product_type: 'MISSING',
  dimension_unit: 'MISSING'
}
Failed to parse comparison for match 2066: {
  grade: 'MISSING',
  length: 'MISSING',
  material: 'MISSING',
  pressure: 'MISSING',
  standard: 'MISSING',
  dimension: 'MISSING',
  product_type: 'MISSING',
  dimension_unit: 'MISSING'
}
Failed to parse comparison for match 2067: {
  grade: 'MISSING',
  length: 'MISSING',
  material: 'MISSING',
  pressure: 'MISSING',
  standard: 'MISSING',
  dimension: 'MISSING',
  product_type: 'MISSING',
  dimension_unit: 'MISSING'
}
Failed to parse comparison for match 2068: {
  grade: 'MISSING',
  length: 'MISSING',
  material: 'MISSING',
  pressure: 'MISSING',
  standard: 'MISSING',
  dimension: 'MISSING',
  product_type: 'MISSING',
  dimension_unit: 'MISSING'
}
Failed to parse comparison for match 2069: {
  grade: 'MISSING',
  length: 'MISSING',
  material: 'MISSING',
  pressure: 'MISSING',
  standard: 'MISSING',
  dimension: 'MISSING',
  product_type: 'MISSING',
  dimension_unit: 'MISSING'
}
Failed to parse comparison for match 2070: {
  grade: 'MISSING',
  length: 'MISSING',
  material: 'MISSING',
  pressure: 'MISSING',
  standard: 'MISSING',
  dimension: 'MISSING',
  product_type: 'MISSING',
  dimension_unit: 'MISSING'
}
Failed to parse comparison for match 2071: {
  grade: 'MISSING',
  length: 'MISSING',
  material: 'MISSING',
  pressure: 'MISSING',
  standard: 'MISSING',
  dimension: 'MISSING',
  product_type: 'MISSING',
  dimension_unit: 'MISSING'
}
Failed to parse comparison for match 2072: {
  grade: 'MISSING',
  length: 'MISSING',
  material: 'MISSING',
  pressure: 'MISSING',
  standard: 'MISSING',
  dimension: 'MISSING',
  product_type: 'MISSING',
  dimension_unit: 'MISSING'
}
Failed to parse comparison for match 2073: {
  grade: 'MISSING',
  length: 'MISSING',
  material: 'MISSING',
  pressure: 'MISSING',
  standard: 'MISSING',
  dimension: 'MISSING',
  product_type: 'MISSING',
  dimension_unit: 'MISSING'
}
Failed to parse comparison for match 2074: {
  grade: 'MISSING',
  length: 'MISSING',
  material: 'MISSING',
  pressure: 'MISSING',
  standard: 'MISSING',
  dimension: 'MISSING',
  product_type: 'MISSING',
  dimension_unit: 'MISSING'
}
Failed to parse comparison for match 2075: {
  grade: 'MISSING',
  length: 'MISSING',
  material: 'MISSING',
  pressure: 'MISSING',
  standard: 'MISSING',
  dimension: 'MISSING',
  product_type: 'MISSING',
  dimension_unit: 'MISSING'
}
Failed to parse comparison for match 2076: {
  grade: 'MISSING',
  length: 'MISSING',
  material: 'MISSING',
  pressure: 'MISSING',
  standard: 'MISSING',
  dimension: 'MISSING',
  product_type: 'MISSING',
  dimension_unit: 'MISSING'
}
Failed to parse comparison for match 2077: {
  grade: 'MISSING',
  length: 'MISSING',
  material: 'MISSING',
  pressure: 'MISSING',
  standard: 'MISSING',
  dimension: 'MISSING',
  product_type: 'MISSING',
  dimension_unit: 'MISSING'
}
Failed to parse comparison for match 2078: {
  grade: 'MISSING',
  length: 'MISSING',
  material: 'MISSING',
  pressure: 'MISSING',
  standard: 'MISSING',
  dimension: 'MISSING',
  product_type: 'MISSING',
  dimension_unit: 'MISSING'
}
Failed to parse comparison for match 2079: {
  grade: 'MISSING',
  length: 'MISSING',
  material: 'MISSING',
  pressure: 'MISSING',
  standard: 'MISSING',
  dimension: 'MISSING',
  product_type: 'MISSING',
  dimension_unit: 'MISSING'
}
Failed to parse comparison for match 2080: {
  grade: 'MISSING',
  length: 'MISSING',
  material: 'MISSING',
  pressure: 'MISSING',
  standard: 'MISSING',
  dimension: 'MISSING',
  product_type: 'MISSING',
  dimension_unit: 'MISSING'
}
Failed to parse comparison for match 2081: {
  grade: 'MISSING',
  length: 'MISSING',
  material: 'MISSING',
  pressure: 'MISSING',
  standard: 'MISSING',
  dimension: 'MISSING',
  product_type: 'MISSING',
  dimension_unit: 'MISSING'
}
Failed to parse comparison for match 2082: {
  grade: 'MISSING',
  length: 'MISSING',
  material: 'MISSING',
  pressure: 'MISSING',
  standard: 'MISSING',
  dimension: 'MISSING',
  product_type: 'MISSING',
  dimension_unit: 'MISSING'
}
Failed to parse comparison for match 2083: {
  grade: 'MISSING',
  length: 'MISSING',
  material: 'MISSING',
  pressure: 'MISSING',
  standard: 'MISSING',
  dimension: 'MISSING',
  product_type: 'MISSING',
  dimension_unit: 'MISSING'
}
Failed to parse comparison for match 2084: {
  grade: 'MISSING',
  length: 'MISSING',
  material: 'MISSING',
  pressure: 'MISSING',
  standard: 'MISSING',
  dimension: 'MISSING',
  product_type: 'MISSING',
  dimension_unit: 'MISSING'
}
Failed to parse comparison for match 2085: {
  grade: 'MISSING',
  length: 'MISSING',
  material: 'MISSING',
  pressure: 'MISSING',
  standard: 'MISSING',
  dimension: 'MISSING',
  product_type: 'MISSING',
  dimension_unit: 'MISSING'
}
Failed to parse comparison for match 2086: {
  grade: 'MISSING',
  length: 'MISSING',
  material: 'MISSING',
  pressure: 'MISSING',
  standard: 'MISSING',
  dimension: 'MISSING',
  product_type: 'MISSING',
  dimension_unit: 'MISSING'
}
Failed to parse comparison for match 2087: {
  grade: 'MISSING',
  length: 'MISSING',
  material: 'MISSING',
  pressure: 'MISSING',
  standard: 'MISSING',
  dimension: 'MISSING',
  product_type: 'MISSING',
  dimension_unit: 'MISSING'
}
Failed to parse comparison for match 2088: {
  grade: 'MISSING',
  length: 'MISSING',
  material: 'MISSING',
  pressure: 'MISSING',
  standard: 'MISSING',
  dimension: 'MISSING',
  product_type: 'MISSING',
  dimension_unit: 'MISSING'
}
Failed to parse comparison for match 2089: {
  grade: 'MISSING',
  length: 'MISSING',
  material: 'MISSING',
  pressure: 'MISSING',
  standard: 'MISSING',
  dimension: 'MISSING',
  product_type: 'MISSING',
  dimension_unit: 'MISSING'
}
Failed to parse comparison for match 2090: {
  grade: 'MISSING',
  length: 'MISSING',
  material: 'MISSING',
  pressure: 'MISSING',
  standard: 'MISSING',
  dimension: 'MISSING',
  product_type: 'MISSING',
  dimension_unit: 'MISSING'
}
Failed to parse comparison for match 2091: {
  grade: 'MISSING',
  length: 'MISSING',
  material: 'MISSING',
  pressure: 'MISSING',
  standard: 'MISSING',
  dimension: 'MISSING',
  product_type: 'MISSING',
  dimension_unit: 'MISSING'
}
Failed to parse comparison for match 2092: {
  grade: 'MISSING',
  length: 'MISSING',
  material: 'MISSING',
  pressure: 'MISSING',
  standard: 'MISSING',
  dimension: 'MISSING',
  product_type: 'MISSING',
  dimension_unit: 'MISSING'
}
Failed to parse comparison for match 2093: {
  grade: 'MISSING',
  length: 'MISSING',
  material: 'MISSING',
  pressure: 'MISSING',
  standard: 'MISSING',
  dimension: 'MISSING',
  product_type: 'MISSING',
  dimension_unit: 'MISSING'
}
Failed to parse comparison for match 2094: {
  grade: 'MISSING',
  length: 'MISSING',
  material: 'MISSING',
  pressure: 'MISSING',
  standard: 'MISSING',
  dimension: 'MISSING',
  product_type: 'MISSING',
  dimension_unit: 'MISSING'
}
Failed to parse comparison for match 2095: {
  grade: 'MISSING',
  length: 'MISSING',
  material: 'MISSING',
  pressure: 'MISSING',
  standard: 'MISSING',
  dimension: 'MISSING',
  product_type: 'MISSING',
  dimension_unit: 'MISSING'
}
Failed to parse comparison for match 2096: {
  grade: 'MISSING',
  length: 'MISSING',
  material: 'MISSING',
  pressure: 'MISSING',
  standard: 'MISSING',
  dimension: 'MISSING',
  product_type: 'MISSING',
  dimension_unit: 'MISSING'
}
Failed to parse comparison for match 2097: {
  grade: 'MISSING',
  length: 'MISSING',
  material: 'MISSING',
  pressure: 'MISSING',
  standard: 'MISSING',
  dimension: 'MISSING',
  product_type: 'MISSING',
  dimension_unit: 'MISSING'
}
Failed to parse comparison for match 2098: {
  grade: 'MISSING',
  length: 'MISSING',
  material: 'MISSING',
  pressure: 'MISSING',
  standard: 'MISSING',
  dimension: 'MISSING',
  product_type: 'MISSING',
  dimension_unit: 'MISSING'
}
Failed to parse comparison for match 2099: {
  grade: 'MISSING',
  length: 'MISSING',
  material: 'MISSING',
  pressure: 'MISSING',
  standard: 'MISSING',
  dimension: 'MISSING',
  product_type: 'MISSING',
  dimension_unit: 'MISSING'
}
Failed to parse comparison for match 2100: {
  grade: 'MISSING',
  length: 'MISSING',
  material: 'MISSING',
  pressure: 'MISSING',
  standard: 'MISSING',
  dimension: 'MISSING',
  product_type: 'MISSING',
  dimension_unit: 'MISSING'
}
Failed to parse comparison for match 2101: {
  grade: 'MISSING',
  length: 'MISSING',
  material: 'MISSING',
  pressure: 'MISSING',
  standard: 'MISSING',
  dimension: 'MISSING',
  product_type: 'MISSING',
  dimension_unit: 'MISSING'
}
Failed to parse comparison for match 2102: {
  grade: 'MISSING',
  length: 'MISSING',
  material: 'MISSING',
  pressure: 'MISSING',
  standard: 'MISSING',
  dimension: 'MISSING',
  product_type: 'MISSING',
  dimension_unit: 'MISSING'
}
Failed to parse comparison for match 2103: {
  grade: 'MISSING',
  length: 'MISSING',
  material: 'MISSING',
  pressure: 'MISSING',
  standard: 'MISSING',
  dimension: 'MISSING',
  product_type: 'MISSING',
  dimension_unit: 'MISSING'
}
Failed to parse comparison for match 2104: {
  grade: 'MISSING',
  length: 'MISSING',
  material: 'MISSING',
  pressure: 'MISSING',
  standard: 'MISSING',
  dimension: 'MISSING',
  product_type: 'MISSING',
  dimension_unit: 'MISSING'
}
Failed to parse comparison for match 2105: {
  grade: 'MISSING',
  length: 'MISSING',
  material: 'MISSING',
  pressure: 'MISSING',
  standard: 'MISSING',
  dimension: 'MISSING',
  product_type: 'MISSING',
  dimension_unit: 'MISSING'
}
Failed to parse comparison for match 2106: {
  grade: 'MISSING',
  length: 'MISSING',
  material: 'MISSING',
  pressure: 'MISSING',
  standard: 'MISSING',
  dimension: 'MISSING',
  product_type: 'MISSING',
  dimension_unit: 'MISSING'
}
Failed to parse comparison for match 2107: {
  grade: 'MISSING',
  length: 'MISSING',
  material: 'MISSING',
  pressure: 'MISSING',
  standard: 'MISSING',
  dimension: 'MISSING',
  product_type: 'MISSING',
  dimension_unit: 'MISSING'
}
Failed to parse comparison for match 2108: {
  grade: 'MISSING',
  length: 'MISSING',
  material: 'MISSING',
  pressure: 'MISSING',
  standard: 'MISSING',
  dimension: 'MISSING',
  product_type: 'MISSING',
  dimension_unit: 'MISSING'
}
Failed to parse comparison for match 2109: {
  grade: 'MISSING',
  length: 'MISSING',
  material: 'MISSING',
  pressure: 'MISSING',
  standard: 'MISSING',
  dimension: 'MISSING',
  product_type: 'MISSING',
  dimension_unit: 'MISSING'
}
Failed to parse comparison for match 2110: {
  grade: 'MISSING',
  length: 'MISSING',
  material: 'MISSING',
  pressure: 'MISSING',
  standard: 'MISSING',
  dimension: 'MISSING',
  product_type: 'MISSING',
  dimension_unit: 'MISSING'
}
Failed to parse comparison for match 2111: {
  grade: 'MISSING',
  length: 'MISSING',
  material: 'MISSING',
  pressure: 'MISSING',
  standard: 'MISSING',
  dimension: 'MISSING',
  product_type: 'MISSING',
  dimension_unit: 'MISSING'
}
Failed to parse comparison for match 2112: {
  grade: 'MISSING',
  length: 'MISSING',
  material: 'MISSING',
  pressure: 'MISSING',
  standard: 'MISSING',
  dimension: 'MISSING',
  product_type: 'MISSING',
  dimension_unit: 'MISSING'
}
Failed to parse comparison for match 2113: {
  grade: 'MISSING',
  length: 'MISSING',
  material: 'MISSING',
  pressure: 'MISSING',
  standard: 'MISSING',
  dimension: 'MISSING',
  product_type: 'MISSING',
  dimension_unit: 'MISSING'
}
Failed to parse comparison for match 2114: {
  grade: 'MISSING',
  length: 'MISSING',
  material: 'MISSING',
  pressure: 'MISSING',
  standard: 'MISSING',
  dimension: 'MISSING',
  product_type: 'MISSING',
  dimension_unit: 'MISSING'
}
Failed to parse comparison for match 2115: {
  grade: 'MISSING',
  length: 'MISSING',
  material: 'MISSING',
  pressure: 'MISSING',
  standard: 'MISSING',
  dimension: 'MISSING',
  product_type: 'MISSING',
  dimension_unit: 'MISSING'
}
Failed to parse comparison for match 2116: {
  grade: 'MISSING',
  length: 'MISSING',
  material: 'MISSING',
  pressure: 'MISSING',
  standard: 'MISSING',
  dimension: 'MISSING',
  product_type: 'MISSING',
  dimension_unit: 'MISSING'
}
Failed to parse comparison for match 2117: {
  grade: 'MISSING',
  length: 'MISSING',
  material: 'MISSING',
  pressure: 'MISSING',
  standard: 'MISSING',
  dimension: 'MISSING',
  product_type: 'MISSING',
  dimension_unit: 'MISSING'
}
Failed to parse comparison for match 2118: {
  grade: 'MISSING',
  length: 'MISSING',
  material: 'MISSING',
  pressure: 'MISSING',
  standard: 'MISSING',
  dimension: 'MISSING',
  product_type: 'MISSING',
  dimension_unit: 'MISSING'
}
Failed to parse comparison for match 2119: {
  grade: 'MISSING',
  length: 'MISSING',
  material: 'MISSING',
  pressure: 'MISSING',
  standard: 'MISSING',
  dimension: 'MISSING',
  product_type: 'MISSING',
  dimension_unit: 'MISSING'
}
Failed to parse comparison for match 2120: {
  grade: 'MISSING',
  length: 'MISSING',
  material: 'MISSING',
  pressure: 'MISSING',
  standard: 'MISSING',
  dimension: 'MISSING',
  product_type: 'MISSING',
  dimension_unit: 'MISSING'
}
Failed to parse comparison for match 2121: {
  grade: 'MISSING',
  length: 'MISSING',
  material: 'MISSING',
  pressure: 'MISSING',
  standard: 'MISSING',
  dimension: 'MISSING',
  product_type: 'MISSING',
  dimension_unit: 'MISSING'
}
Failed to parse comparison for match 2122: {
  grade: 'MISSING',
  length: 'MISSING',
  material: 'MISSING',
  pressure: 'MISSING',
  standard: 'MISSING',
  dimension: 'MISSING',
  product_type: 'MISSING',
  dimension_unit: 'MISSING'
}
Failed to parse comparison for match 2123: {
  grade: 'MISSING',
  length: 'MISSING',
  material: 'MISSING',
  pressure: 'MISSING',
  standard: 'MISSING',
  dimension: 'MISSING',
  product_type: 'MISSING',
  dimension_unit: 'MISSING'
}
Failed to parse comparison for match 2124: {
  grade: 'MISSING',
  length: 'MISSING',
  material: 'MISSING',
  pressure: 'MISSING',
  standard: 'MISSING',
  dimension: 'MISSING',
  product_type: 'MISSING',
  dimension_unit: 'MISSING'
}
Failed to parse comparison for match 2125: {
  grade: 'MISSING',
  length: 'MISSING',
  material: 'MISSING',
  pressure: 'MISSING',
  standard: 'MISSING',
  dimension: 'MISSING',
  product_type: 'MISSING',
  dimension_unit: 'MISSING'
}
Failed to parse comparison for match 2126: {
  grade: 'MISSING',
  length: 'MISSING',
  material: 'MISSING',
  pressure: 'MISSING',
  standard: 'MISSING',
  dimension: 'MISSING',
  product_type: 'MISSING',
  dimension_unit: 'MISSING'
}
Failed to parse comparison for match 2127: {
  grade: 'MISSING',
  length: 'MISSING',
  material: 'MISSING',
  pressure: 'MISSING',
  standard: 'MISSING',
  dimension: 'MISSING',
  product_type: 'MISSING',
  dimension_unit: 'MISSING'
}
Failed to parse comparison for match 2128: {
  grade: 'MISSING',
  length: 'MISSING',
  material: 'MISSING',
  pressure: 'MISSING',
  standard: 'MISSING',
  dimension: 'MISSING',
  product_type: 'MISSING',
  dimension_unit: 'MISSING'
}
Failed to parse comparison for match 2129: {
  grade: 'MISSING',
  length: 'MISSING',
  material: 'MISSING',
  pressure: 'MISSING',
  standard: 'MISSING',
  dimension: 'MISSING',
  product_type: 'MISSING',
  dimension_unit: 'MISSING'
}
Failed to parse comparison for match 2130: {
  grade: 'MISSING',
  length: 'MISSING',
  material: 'MISSING',
  pressure: 'MISSING',
  standard: 'MISSING',
  dimension: 'MISSING',
  product_type: 'MISSING',
  dimension_unit: 'MISSING'
}
Failed to parse comparison for match 2131: {
  grade: 'MISSING',
  length: 'MISSING',
  material: 'MISSING',
  pressure: 'MISSING',
  standard: 'MISSING',
  dimension: 'MISSING',
  product_type: 'MISSING',
  dimension_unit: 'MISSING'
}
Failed to parse comparison for match 2132: {
  grade: 'MISSING',
  length: 'MISSING',
  material: 'MISSING',
  pressure: 'MISSING',
  standard: 'MISSING',
  dimension: 'MISSING',
  product_type: 'MISSING',
  dimension_unit: 'MISSING'
}
Failed to parse comparison for match 2133: {
  grade: 'MISSING',
  length: 'MISSING',
  material: 'MISSING',
  pressure: 'MISSING',
  standard: 'MISSING',
  dimension: 'MISSING',
  product_type: 'MISSING',
  dimension_unit: 'MISSING'
}
Failed to parse comparison for match 2134: {
  grade: 'MISSING',
  length: 'MISSING',
  material: 'MISSING',
  pressure: 'MISSING',
  standard: 'MISSING',
  dimension: 'MISSING',
  product_type: 'MISSING',
  dimension_unit: 'MISSING'
}
Failed to parse comparison for match 2135: {
  grade: 'MISSING',
  length: 'MISSING',
  material: 'MISSING',
  pressure: 'MISSING',
  standard: 'MISSING',
  dimension: 'MISSING',
  product_type: 'MISSING',
  dimension_unit: 'MISSING'
}
Failed to parse comparison for match 2136: {
  grade: 'MISSING',
  length: 'MISSING',
  material: 'MISSING',
  pressure: 'MISSING',
  standard: 'MISSING',
  dimension: 'MISSING',
  product_type: 'MISSING',
  dimension_unit: 'MISSING'
}
Failed to parse comparison for match 2137: {
  grade: 'MISSING',
  length: 'MISSING',
  material: 'MISSING',
  pressure: 'MISSING',
  standard: 'MISSING',
  dimension: 'MISSING',
  product_type: 'MISSING',
  dimension_unit: 'MISSING'
}
Failed to parse comparison for match 2138: {
  grade: 'MISSING',
  length: 'MISSING',
  material: 'MISSING',
  pressure: 'MISSING',
  standard: 'MISSING',
  dimension: 'MISSING',
  product_type: 'MISSING',
  dimension_unit: 'MISSING'
}
Failed to parse comparison for match 2139: {
  grade: 'MISSING',
  length: 'MISSING',
  material: 'MISSING',
  pressure: 'MISSING',
  standard: 'MISSING',
  dimension: 'MISSING',
  product_type: 'MISSING',
  dimension_unit: 'MISSING'
}
Failed to parse comparison for match 2140: {
  grade: 'MISSING',
  length: 'MISSING',
  material: 'MISSING',
  pressure: 'MISSING',
  standard: 'MISSING',
  dimension: 'MISSING',
  product_type: 'MISSING',
  dimension_unit: 'MISSING'
}
Failed to parse comparison for match 2141: {
  grade: 'MISSING',
  length: 'MISSING',
  material: 'MISSING',
  pressure: 'MISSING',
  standard: 'MISSING',
  dimension: 'MISSING',
  product_type: 'MISSING',
  dimension_unit: 'MISSING'
}
Failed to parse comparison for match 2142: {
  grade: 'MISSING',
  length: 'MISSING',
  material: 'MISSING',
  pressure: 'MISSING',
  standard: 'MISSING',
  dimension: 'MISSING',
  product_type: 'MISSING',
  dimension_unit: 'MISSING'
}
Failed to parse comparison for match 2143: {
  grade: 'MISSING',
  length: 'MISSING',
  material: 'MISSING',
  pressure: 'MISSING',
  standard: 'MISSING',
  dimension: 'MISSING',
  product_type: 'MISSING',
  dimension_unit: 'MISSING'
}
Failed to parse comparison for match 2144: {
  grade: 'MISSING',
  length: 'MISSING',
  material: 'MISSING',
  pressure: 'MISSING',
  standard: 'MISSING',
  dimension: 'MISSING',
  product_type: 'MISSING',
  dimension_unit: 'MISSING'
}
Failed to parse comparison for match 2145: {
  grade: 'MISSING',
  length: 'MISSING',
  material: 'MISSING',
  pressure: 'MISSING',
  standard: 'MISSING',
  dimension: 'MISSING',
  product_type: 'MISSING',
  dimension_unit: 'MISSING'
}
Failed to parse comparison for match 2146: {
  grade: 'MISSING',
  length: 'MISSING',
  material: 'MISSING',
  pressure: 'MISSING',
  standard: 'MISSING',
  dimension: 'MISSING',
  product_type: 'MISSING',
  dimension_unit: 'MISSING'
}
Failed to parse comparison for match 2147: {
  grade: 'MISSING',
  length: 'MISSING',
  material: 'MISSING',
  pressure: 'MISSING',
  standard: 'MISSING',
  dimension: 'MISSING',
  product_type: 'MISSING',
  dimension_unit: 'MISSING'
}
Failed to parse comparison for match 2148: {
  grade: 'MISSING',
  length: 'MISSING',
  material: 'MISSING',
  pressure: 'MISSING',
  standard: 'MISSING',
  dimension: 'MISSING',
  product_type: 'MISSING',
  dimension_unit: 'MISSING'
}
Failed to parse comparison for match 2149: {
  grade: 'MISSING',
  length: 'MISSING',
  material: 'MISSING',
  pressure: 'MISSING',
  standard: 'MISSING',
  dimension: 'MISSING',
  product_type: 'MISSING',
  dimension_unit: 'MISSING'
}
Failed to parse comparison for match 2150: {
  grade: 'MISSING',
  length: 'MISSING',
  material: 'MISSING',
  pressure: 'MISSING',
  standard: 'MISSING',
  dimension: 'MISSING',
  product_type: 'MISSING',
  dimension_unit: 'MISSING'
}
Failed to parse comparison for match 2151: {
  grade: 'MISSING',
  length: 'MISSING',
  material: 'MISSING',
  pressure: 'MISSING',
  standard: 'MISSING',
  dimension: 'MISSING',
  product_type: 'MISSING',
  dimension_unit: 'MISSING'
}
Failed to parse comparison for match 2152: {
  grade: 'MISSING',
  length: 'MISSING',
  material: 'MISSING',
  pressure: 'MISSING',
  standard: 'MISSING',
  dimension: 'MISSING',
  product_type: 'MISSING',
  dimension_unit: 'MISSING'
}
Failed to parse comparison for match 2153: {
  grade: 'MISSING',
  length: 'MISSING',
  material: 'MISSING',
  pressure: 'MISSING',
  standard: 'MISSING',
  dimension: 'MISSING',
  product_type: 'MISSING',
  dimension_unit: 'MISSING'
}
Failed to parse comparison for match 2154: {
  grade: 'MISSING',
  length: 'MISSING',
  material: 'MISSING',
  pressure: 'MISSING',
  standard: 'MISSING',
  dimension: 'MISSING',
  product_type: 'MISSING',
  dimension_unit: 'MISSING'
}
Failed to parse comparison for match 2155: {
  grade: 'MISSING',
  length: 'MISSING',
  material: 'MISSING',
  pressure: 'MISSING',
  standard: 'MISSING',
  dimension: 'MISSING',
  product_type: 'MISSING',
  dimension_unit: 'MISSING'
}
Failed to parse comparison for match 2156: {
  grade: 'MISSING',
  length: 'MISSING',
  material: 'MISSING',
  pressure: 'MISSING',
  standard: 'MISSING',
  dimension: 'MISSING',
  product_type: 'MISSING',
  dimension_unit: 'MISSING'
}
Failed to parse comparison for match 2157: {
  grade: 'MISSING',
  length: 'MISSING',
  material: 'MISSING',
  pressure: 'MISSING',
  standard: 'MISSING',
  dimension: 'MISSING',
  product_type: 'MISSING',
  dimension_unit: 'MISSING'
}
Failed to parse comparison for match 2158: {
  grade: 'MISSING',
  length: 'MISSING',
  material: 'MISSING',
  pressure: 'MISSING',
  standard: 'MISSING',
  dimension: 'MISSING',
  product_type: 'MISSING',
  dimension_unit: 'MISSING'
}
Failed to parse comparison for match 2159: {
  grade: 'MISSING',
  length: 'MISSING',
  material: 'MISSING',
  pressure: 'MISSING',
  standard: 'MISSING',
  dimension: 'MISSING',
  product_type: 'MISSING',
  dimension_unit: 'MISSING'
}
Failed to parse comparison for match 2160: {
  grade: 'MISSING',
  length: 'MISSING',
  material: 'MISSING',
  pressure: 'MISSING',
  standard: 'MISSING',
  dimension: 'MISSING',
  product_type: 'MISSING',
  dimension_unit: 'MISSING'
}
Failed to parse comparison for match 2161: {
  grade: 'MISSING',
  length: 'MISSING',
  material: 'MISSING',
  pressure: 'MISSING',
  standard: 'MISSING',
  dimension: 'MISSING',
  product_type: 'MISSING',
  dimension_unit: 'MISSING'
}
Failed to parse comparison for match 2162: {
  grade: 'MISSING',
  length: 'MISSING',
  material: 'MISSING',
  pressure: 'MISSING',
  standard: 'MISSING',
  dimension: 'MISSING',
  product_type: 'MISSING',
  dimension_unit: 'MISSING'
}
Failed to parse comparison for match 2163: {
  grade: 'MISSING',
  length: 'MISSING',
  material: 'MISSING',
  pressure: 'MISSING',
  standard: 'MISSING',
  dimension: 'MISSING',
  product_type: 'MISSING',
  dimension_unit: 'MISSING'
}
Failed to parse comparison for match 2164: {
  grade: 'MISSING',
  length: 'MISSING',
  material: 'MISSING',
  pressure: 'MISSING',
  standard: 'MISSING',
  dimension: 'MISSING',
  product_type: 'MISSING',
  dimension_unit: 'MISSING'
}
Failed to parse comparison for match 2165: {
  grade: 'MISSING',
  length: 'MISSING',
  material: 'MISSING',
  pressure: 'MISSING',
  standard: 'MISSING',
  dimension: 'MISSING',
  product_type: 'MISSING',
  dimension_unit: 'MISSING'
}
Failed to parse comparison for match 2166: {
  grade: 'MISSING',
  length: 'MISSING',
  material: 'MISSING',
  pressure: 'MISSING',
  standard: 'MISSING',
  dimension: 'MISSING',
  product_type: 'MISSING',
  dimension_unit: 'MISSING'
}
Failed to parse comparison for match 2167: {
  grade: 'MISSING',
  length: 'MISSING',
  material: 'MISSING',
  pressure: 'MISSING',
  standard: 'MISSING',
  dimension: 'MISSING',
  product_type: 'MISSING',
  dimension_unit: 'MISSING'
}
Failed to parse comparison for match 2168: {
  grade: 'MISSING',
  length: 'MISSING',
  material: 'MISSING',
  pressure: 'MISSING',
  standard: 'MISSING',
  dimension: 'MISSING',
  product_type: 'MISSING',
  dimension_unit: 'MISSING'
}
Failed to parse comparison for match 2169: {
  grade: 'MISSING',
  length: 'MISSING',
  material: 'MISSING',
  pressure: 'MISSING',
  standard: 'MISSING',
  dimension: 'MISSING',
  product_type: 'MISSING',
  dimension_unit: 'MISSING'
}
Failed to parse comparison for match 2170: {
  grade: 'MISSING',
  length: 'MISSING',
  material: 'MISSING',
  pressure: 'MISSING',
  standard: 'MISSING',
  dimension: 'MISSING',
  product_type: 'MISSING',
  dimension_unit: 'MISSING'
}
Failed to parse comparison for match 2171: {
  grade: 'MISSING',
  length: 'MISSING',
  material: 'MISSING',
  pressure: 'MISSING',
  standard: 'MISSING',
  dimension: 'MISSING',
  product_type: 'MISSING',
  dimension_unit: 'MISSING'
}
Failed to parse comparison for match 2172: {
  grade: 'MISSING',
  length: 'MISSING',
  material: 'MISSING',
  pressure: 'MISSING',
  standard: 'MISSING',
  dimension: 'MISSING',
  product_type: 'MISSING',
  dimension_unit: 'MISSING'
}
Failed to parse comparison for match 2173: {
  grade: 'MISSING',
  length: 'MISSING',
  material: 'MISSING',
  pressure: 'MISSING',
  standard: 'MISSING',
  dimension: 'MISSING',
  product_type: 'MISSING',
  dimension_unit: 'MISSING'
}
Failed to parse comparison for match 2174: {
  grade: 'MISSING',
  length: 'MISSING',
  material: 'MISSING',
  pressure: 'MISSING',
  standard: 'MISSING',
  dimension: 'MISSING',
  product_type: 'MISSING',
  dimension_unit: 'MISSING'
}
Failed to parse comparison for match 2175: {
  grade: 'MISSING',
  length: 'MISSING',
  material: 'MISSING',
  pressure: 'MISSING',
  standard: 'MISSING',
  dimension: 'MISSING',
  product_type: 'MISSING',
  dimension_unit: 'MISSING'
}
Failed to parse comparison for match 2176: {
  grade: 'MISSING',
  length: 'MISSING',
  material: 'MISSING',
  pressure: 'MISSING',
  standard: 'MISSING',
  dimension: 'MISSING',
  product_type: 'MISSING',
  dimension_unit: 'MISSING'
}
Failed to parse comparison for match 2177: {
  grade: 'MISSING',
  length: 'MISSING',
  material: 'MISSING',
  pressure: 'MISSING',
  standard: 'MISSING',
  dimension: 'MISSING',
  product_type: 'MISSING',
  dimension_unit: 'MISSING'
}
Failed to parse comparison for match 2178: {
  grade: 'MISSING',
  length: 'MISSING',
  material: 'MISSING',
  pressure: 'MISSING',
  standard: 'MISSING',
  dimension: 'MISSING',
  product_type: 'MISSING',
  dimension_unit: 'MISSING'
}
Failed to parse comparison for match 2179: {
  grade: 'MISSING',
  length: 'MISSING',
  material: 'MISSING',
  pressure: 'MISSING',
  standard: 'MISSING',
  dimension: 'MISSING',
  product_type: 'MISSING',
  dimension_unit: 'MISSING'
}
Failed to parse comparison for match 2180: {
  grade: 'MISSING',
  length: 'MISSING',
  material: 'MISSING',
  pressure: 'MISSING',
  standard: 'MISSING',
  dimension: 'MISSING',
  product_type: 'MISSING',
  dimension_unit: 'MISSING'
}
Failed to parse comparison for match 2181: {
  grade: 'MISSING',
  length: 'MISSING',
  material: 'MISSING',
  pressure: 'MISSING',
  standard: 'MISSING',
  dimension: 'MISSING',
  product_type: 'MISSING',
  dimension_unit: 'MISSING'
}
Failed to parse comparison for match 2182: {
  grade: 'MISSING',
  length: 'MISSING',
  material: 'MISSING',
  pressure: 'MISSING',
  standard: 'MISSING',
  dimension: 'MISSING',
  product_type: 'MISSING',
  dimension_unit: 'MISSING'
}
Failed to parse comparison for match 2183: {
  grade: 'MISSING',
  length: 'MISSING',
  material: 'MISSING',
  pressure: 'MISSING',
  standard: 'MISSING',
  dimension: 'MISSING',
  product_type: 'MISSING',
  dimension_unit: 'MISSING'
}
Failed to parse comparison for match 2184: {
  grade: 'MISSING',
  length: 'MISSING',
  material: 'MISSING',
  pressure: 'MISSING',
  standard: 'MISSING',
  dimension: 'MISSING',
  product_type: 'MISSING',
  dimension_unit: 'MISSING'
}
Failed to parse comparison for match 2185: {
  grade: 'MISSING',
  length: 'MISSING',
  material: 'MISSING',
  pressure: 'MISSING',
  standard: 'MISSING',
  dimension: 'MISSING',
  product_type: 'MISSING',
  dimension_unit: 'MISSING'
}
Failed to parse comparison for match 2186: {
  grade: 'MISSING',
  length: 'MISSING',
  material: 'MISSING',
  pressure: 'MISSING',
  standard: 'MISSING',
  dimension: 'MISSING',
  product_type: 'MISSING',
  dimension_unit: 'MISSING'
}
Failed to parse comparison for match 2187: {
  grade: 'MISSING',
  length: 'MISSING',
  material: 'MISSING',
  pressure: 'MISSING',
  standard: 'MISSING',
  dimension: 'MISSING',
  product_type: 'MISSING',
  dimension_unit: 'MISSING'
}
Failed to parse comparison for match 2188: {
  grade: 'MISSING',
  length: 'MISSING',
  material: 'MISSING',
  pressure: 'MISSING',
  standard: 'MISSING',
  dimension: 'MISSING',
  product_type: 'MISSING',
  dimension_unit: 'MISSING'
}
Failed to parse comparison for match 2189: {
  grade: 'MISSING',
  length: 'MISSING',
  material: 'MISSING',
  pressure: 'MISSING',
  standard: 'MISSING',
  dimension: 'MISSING',
  product_type: 'MISSING',
  dimension_unit: 'MISSING'
}
Failed to parse comparison for match 2190: {
  grade: 'MISSING',
  length: 'MISSING',
  material: 'MISSING',
  pressure: 'MISSING',
  standard: 'MISSING',
  dimension: 'MISSING',
  product_type: 'MISSING',
  dimension_unit: 'MISSING'
}
Failed to parse comparison for match 2191: {
  grade: 'MISSING',
  length: 'MISSING',
  material: 'MISSING',
  pressure: 'MISSING',
  standard: 'MISSING',
  dimension: 'MISSING',
  product_type: 'MISSING',
  dimension_unit: 'MISSING'
}
Failed to parse comparison for match 2192: {
  grade: 'MISSING',
  length: 'MISSING',
  material: 'MISSING',
  pressure: 'MISSING',
  standard: 'MISSING',
  dimension: 'MISSING',
  product_type: 'MISSING',
  dimension_unit: 'MISSING'
}
Failed to parse comparison for match 2193: {
  grade: 'MISSING',
  length: 'MISSING',
  material: 'MISSING',
  pressure: 'MISSING',
  standard: 'MISSING',
  dimension: 'MISSING',
  product_type: 'MISSING',
  dimension_unit: 'MISSING'
}
Failed to parse comparison for match 2194: {
  grade: 'MISSING',
  length: 'MISSING',
  material: 'MISSING',
  pressure: 'MISSING',
  standard: 'MISSING',
  dimension: 'MISSING',
  product_type: 'MISSING',
  dimension_unit: 'MISSING'
}
Failed to parse comparison for match 2195: {
  grade: 'MISSING',
  length: 'MISSING',
  material: 'MISSING',
  pressure: 'MISSING',
  standard: 'MISSING',
  dimension: 'MISSING',
  product_type: 'MISSING',
  dimension_unit: 'MISSING'
}
Failed to parse comparison for match 2196: {
  grade: 'MISSING',
  length: 'MISSING',
  material: 'MISSING',
  pressure: 'MISSING',
  standard: 'MISSING',
  dimension: 'MISSING',
  product_type: 'MISSING',
  dimension_unit: 'MISSING'
}
Failed to parse comparison for match 2197: {
  grade: 'MISSING',
  length: 'MISSING',
  material: 'MISSING',
  pressure: 'MISSING',
  standard: 'MISSING',
  dimension: 'MISSING',
  product_type: 'MISSING',
  dimension_unit: 'MISSING'
}
Failed to parse comparison for match 2198: {
  grade: 'MISSING',
  length: 'MISSING',
  material: 'MISSING',
  pressure: 'MISSING',
  standard: 'MISSING',
  dimension: 'MISSING',
  product_type: 'MISSING',
  dimension_unit: 'MISSING'
}
Failed to parse comparison for match 2199: {
  grade: 'MISSING',
  length: 'MISSING',
  material: 'MISSING',
  pressure: 'MISSING',
  standard: 'MISSING',
  dimension: 'MISSING',
  product_type: 'MISSING',
  dimension_unit: 'MISSING'
}
Failed to parse comparison for match 2200: {
  grade: 'MISSING',
  length: 'MISSING',
  material: 'MISSING',
  pressure: 'MISSING',
  standard: 'MISSING',
  dimension: 'MISSING',
  product_type: 'MISSING',
  dimension_unit: 'MISSING'
}
Failed to parse comparison for match 2201: {
  grade: 'MISSING',
  length: 'MISSING',
  material: 'MISSING',
  pressure: 'MISSING',
  standard: 'MISSING',
  dimension: 'MISSING',
  product_type: 'MISSING',
  dimension_unit: 'MISSING'
}
Failed to parse comparison for match 2202: {
  grade: 'MISSING',
  length: 'MISSING',
  material: 'MISSING',
  pressure: 'MISSING',
  standard: 'MISSING',
  dimension: 'MISSING',
  product_type: 'MISSING',
  dimension_unit: 'MISSING'
}
Failed to parse comparison for match 2203: {
  grade: 'MISSING',
  length: 'MISSING',
  material: 'MISSING',
  pressure: 'MISSING',
  standard: 'MISSING',
  dimension: 'MISSING',
  product_type: 'MISSING',
  dimension_unit: 'MISSING'
}
Failed to parse comparison for match 2204: {
  grade: 'MISSING',
  length: 'MISSING',
  material: 'MISSING',
  pressure: 'MISSING',
  standard: 'MISSING',
  dimension: 'MISSING',
  product_type: 'MISSING',
  dimension_unit: 'MISSING'
}
Failed to parse comparison for match 2205: {
  grade: 'MISSING',
  length: 'MISSING',
  material: 'MISSING',
  pressure: 'MISSING',
  standard: 'MISSING',
  dimension: 'MISSING',
  product_type: 'MISSING',
  dimension_unit: 'MISSING'
}
Failed to parse comparison for match 2206: {
  grade: 'MISSING',
  length: 'MISSING',
  material: 'MISSING',
  pressure: 'MISSING',
  standard: 'MISSING',
  dimension: 'MISSING',
  product_type: 'MISSING',
  dimension_unit: 'MISSING'
}
Failed to parse comparison for match 2207: {
  grade: 'MISSING',
  length: 'MISSING',
  material: 'MISSING',
  pressure: 'MISSING',
  standard: 'MISSING',
  dimension: 'MISSING',
  product_type: 'MISSING',
  dimension_unit: 'MISSING'
}
Failed to parse comparison for match 2208: {
  grade: 'MISSING',
  length: 'MISSING',
  material: 'MISSING',
  pressure: 'MISSING',
  standard: 'MISSING',
  dimension: 'MISSING',
  product_type: 'MISSING',
  dimension_unit: 'MISSING'
}
Failed to parse comparison for match 2209: {
  grade: 'MISSING',
  length: 'MISSING',
  material: 'MISSING',
  pressure: 'MISSING',
  standard: 'MISSING',
  dimension: 'MISSING',
  product_type: 'MISSING',
  dimension_unit: 'MISSING'
}
Failed to parse comparison for match 2210: {
  grade: 'MISSING',
  length: 'MISSING',
  material: 'MISSING',
  pressure: 'MISSING',
  standard: 'MISSING',
  dimension: 'MISSING',
  product_type: 'MISSING',
  dimension_unit: 'MISSING'
}
Failed to parse comparison for match 2211: {
  grade: 'MISSING',
  length: 'MISSING',
  material: 'MISSING',
  pressure: 'MISSING',
  standard: 'MISSING',
  dimension: 'MISSING',
  product_type: 'MISSING',
  dimension_unit: 'MISSING'
}
Failed to parse comparison for match 2212: {
  grade: 'MISSING',
  length: 'MISSING',
  material: 'MISSING',
  pressure: 'MISSING',
  standard: 'MISSING',
  dimension: 'MISSING',
  product_type: 'MISSING',
  dimension_unit: 'MISSING'
}
Failed to parse comparison for match 2213: {
  grade: 'MISSING',
  length: 'MISSING',
  material: 'MISSING',
  pressure: 'MISSING',
  standard: 'MISSING',
  dimension: 'MISSING',
  product_type: 'MISSING',
  dimension_unit: 'MISSING'
}
Failed to parse comparison for match 2214: {
  grade: 'MISSING',
  length: 'MISSING',
  material: 'MISSING',
  pressure: 'MISSING',
  standard: 'MISSING',
  dimension: 'MISSING',
  product_type: 'MISSING',
  dimension_unit: 'MISSING'
}
Failed to parse comparison for match 2215: {
  grade: 'MISSING',
  length: 'MISSING',
  material: 'MISSING',
  pressure: 'MISSING',
  standard: 'MISSING',
  dimension: 'MISSING',
  product_type: 'MISSING',
  dimension_unit: 'MISSING'
}
Failed to parse comparison for match 2216: {
  grade: 'MISSING',
  length: 'MISSING',
  material: 'MISSING',
  pressure: 'MISSING',
  standard: 'MISSING',
  dimension: 'MISSING',
  product_type: 'MISSING',
  dimension_unit: 'MISSING'
}
Failed to parse comparison for match 2217: {
  grade: 'MISSING',
  length: 'MISSING',
  material: 'MISSING',
  pressure: 'MISSING',
  standard: 'MISSING',
  dimension: 'MISSING',
  product_type: 'MISSING',
  dimension_unit: 'MISSING'
}
Failed to parse comparison for match 2218: {
  grade: 'MISSING',
  length: 'MISSING',
  material: 'MISSING',
  pressure: 'MISSING',
  standard: 'MISSING',
  dimension: 'MISSING',
  product_type: 'MISSING',
  dimension_unit: 'MISSING'
}
Failed to parse comparison for match 2219: {
  grade: 'MISSING',
  length: 'MISSING',
  material: 'MISSING',
  pressure: 'MISSING',
  standard: 'MISSING',
  dimension: 'MISSING',
  product_type: 'MISSING',
  dimension_unit: 'MISSING'
}
Failed to parse comparison for match 2220: {
  grade: 'MISSING',
  length: 'MISSING',
  material: 'MISSING',
  pressure: 'MISSING',
  standard: 'MISSING',
  dimension: 'MISSING',
  product_type: 'MISSING',
  dimension_unit: 'MISSING'
}
Failed to parse comparison for match 2221: {
  grade: 'MISSING',
  length: 'MISSING',
  material: 'MISSING',
  pressure: 'MISSING',
  standard: 'MISSING',
  dimension: 'MISSING',
  product_type: 'MISSING',
  dimension_unit: 'MISSING'
}
Failed to parse comparison for match 2222: {
  grade: 'MISSING',
  length: 'MISSING',
  material: 'MISSING',
  pressure: 'MISSING',
  standard: 'MISSING',
  dimension: 'MISSING',
  product_type: 'MISSING',
  dimension_unit: 'MISSING'
}
Failed to parse comparison for match 2223: {
  grade: 'MISSING',
  length: 'MISSING',
  material: 'MISSING',
  pressure: 'MISSING',
  standard: 'MISSING',
  dimension: 'MISSING',
  product_type: 'MISSING',
  dimension_unit: 'MISSING'
}
Failed to parse comparison for match 2224: {
  grade: 'MISSING',
  length: 'MISSING',
  material: 'MISSING',
  pressure: 'MISSING',
  standard: 'MISSING',
  dimension: 'MISSING',
  product_type: 'MISSING',
  dimension_unit: 'MISSING'
}
Failed to parse comparison for match 2225: {
  grade: 'MISSING',
  length: 'MISSING',
  material: 'MISSING',
  pressure: 'MISSING',
  standard: 'MISSING',
  dimension: 'MISSING',
  product_type: 'MISSING',
  dimension_unit: 'MISSING'
}
Failed to parse comparison for match 2226: {
  grade: 'MISSING',
  length: 'MISSING',
  material: 'MISSING',
  pressure: 'MISSING',
  standard: 'MISSING',
  dimension: 'MISSING',
  product_type: 'MISSING',
  dimension_unit: 'MISSING'
}
Failed to parse comparison for match 2227: {
  grade: 'MISSING',
  length: 'MISSING',
  material: 'MISSING',
  pressure: 'MISSING',
  standard: 'MISSING',
  dimension: 'MISSING',
  product_type: 'MISSING',
  dimension_unit: 'MISSING'
}
Failed to parse comparison for match 2228: {
  grade: 'MISSING',
  length: 'MISSING',
  material: 'MISSING',
  pressure: 'MISSING',
  standard: 'MISSING',
  dimension: 'MISSING',
  product_type: 'MISSING',
  dimension_unit: 'MISSING'
}
Failed to parse comparison for match 2229: {
  grade: 'MISSING',
  length: 'MISSING',
  material: 'MISSING',
  pressure: 'MISSING',
  standard: 'MISSING',
  dimension: 'MISSING',
  product_type: 'MISSING',
  dimension_unit: 'MISSING'
}
Failed to parse comparison for match 2230: {
  grade: 'MISSING',
  length: 'MISSING',
  material: 'MISSING',
  pressure: 'MISSING',
  standard: 'MISSING',
  dimension: 'MISSING',
  product_type: 'MISSING',
  dimension_unit: 'MISSING'
}
Failed to parse comparison for match 2231: {
  grade: 'MISSING',
  length: 'MISSING',
  material: 'MISSING',
  pressure: 'MISSING',
  standard: 'MISSING',
  dimension: 'MISSING',
  product_type: 'MISSING',
  dimension_unit: 'MISSING'
}
Failed to parse comparison for match 2232: {
  grade: 'MISSING',
  length: 'MISSING',
  material: 'MISSING',
  pressure: 'MISSING',
  standard: 'MISSING',
  dimension: 'MISSING',
  product_type: 'MISSING',
  dimension_unit: 'MISSING'
}
Failed to parse comparison for match 2233: {
  grade: 'MISSING',
  length: 'MISSING',
  material: 'MISSING',
  pressure: 'MISSING',
  standard: 'MISSING',
  dimension: 'MISSING',
  product_type: 'MISSING',
  dimension_unit: 'MISSING'
}
Failed to parse comparison for match 2234: {
  grade: 'MISSING',
  length: 'MISSING',
  material: 'MISSING',
  pressure: 'MISSING',
  standard: 'MISSING',
  dimension: 'MISSING',
  product_type: 'MISSING',
  dimension_unit: 'MISSING'
}
Failed to parse comparison for match 2235: {
  grade: 'MISSING',
  length: 'MISSING',
  material: 'MISSING',
  pressure: 'MISSING',
  standard: 'MISSING',
  dimension: 'MISSING',
  product_type: 'MISSING',
  dimension_unit: 'MISSING'
}
Failed to parse comparison for match 2236: {
  grade: 'MISSING',
  length: 'MISSING',
  material: 'MISSING',
  pressure: 'MISSING',
  standard: 'MISSING',
  dimension: 'MISSING',
  product_type: 'MISSING',
  dimension_unit: 'MISSING'
}
Failed to parse comparison for match 2237: {
  grade: 'MISSING',
  length: 'MISSING',
  material: 'MISSING',
  pressure: 'MISSING',
  standard: 'MISSING',
  dimension: 'MISSING',
  product_type: 'MISSING',
  dimension_unit: 'MISSING'
}
Failed to parse comparison for match 2238: {
  grade: 'MISSING',
  length: 'MISSING',
  material: 'MISSING',
  pressure: 'MISSING',
  standard: 'MISSING',
  dimension: 'MISSING',
  product_type: 'MISSING',
  dimension_unit: 'MISSING'
}
Failed to parse comparison for match 2239: {
  grade: 'MISSING',
  length: 'MISSING',
  material: 'MISSING',
  pressure: 'MISSING',
  standard: 'MISSING',
  dimension: 'MISSING',
  product_type: 'MISSING',
  dimension_unit: 'MISSING'
}
Failed to parse comparison for match 2240: {
  grade: 'MISSING',
  length: 'MISSING',
  material: 'MISSING',
  pressure: 'MISSING',
  standard: 'MISSING',
  dimension: 'MISSING',
  product_type: 'MISSING',
  dimension_unit: 'MISSING'
}
Failed to parse comparison for match 2241: {
  grade: 'MISSING',
  length: 'MISSING',
  material: 'MISSING',
  pressure: 'MISSING',
  standard: 'MISSING',
  dimension: 'MISSING',
  product_type: 'MISSING',
  dimension_unit: 'MISSING'
}
Failed to parse comparison for match 2242: {
  grade: 'MISSING',
  length: 'MISSING',
  material: 'MISSING',
  pressure: 'MISSING',
  standard: 'MISSING',
  dimension: 'MISSING',
  product_type: 'MISSING',
  dimension_unit: 'MISSING'
}
Failed to parse comparison for match 2243: {
  grade: 'MISSING',
  length: 'MISSING',
  material: 'MISSING',
  pressure: 'MISSING',
  standard: 'MISSING',
  dimension: 'MISSING',
  product_type: 'MISSING',
  dimension_unit: 'MISSING'
}
Failed to parse comparison for match 2244: {
  grade: 'MISSING',
  length: 'MISSING',
  material: 'MISSING',
  pressure: 'MISSING',
  standard: 'MISSING',
  dimension: 'MISSING',
  product_type: 'MISSING',
  dimension_unit: 'MISSING'
}
Failed to parse comparison for match 2245: {
  grade: 'MISSING',
  length: 'MISSING',
  material: 'MISSING',
  pressure: 'MISSING',
  standard: 'MISSING',
  dimension: 'MISSING',
  product_type: 'MISSING',
  dimension_unit: 'MISSING'
}
Failed to parse comparison for match 2246: {
  grade: 'MISSING',
  length: 'MISSING',
  material: 'MISSING',
  pressure: 'MISSING',
  standard: 'MISSING',
  dimension: 'MISSING',
  product_type: 'MISSING',
  dimension_unit: 'MISSING'
}
Failed to parse comparison for match 2247: {
  grade: 'MISSING',
  length: 'MISSING',
  material: 'MISSING',
  pressure: 'MISSING',
  standard: 'MISSING',
  dimension: 'MISSING',
  product_type: 'MISSING',
  dimension_unit: 'MISSING'
}
Failed to parse comparison for match 2248: {
  grade: 'MISSING',
  length: 'MISSING',
  material: 'MISSING',
  pressure: 'MISSING',
  standard: 'MISSING',
  dimension: 'MISSING',
  product_type: 'MISSING',
  dimension_unit: 'MISSING'
}
Failed to parse comparison for match 2249: {
  grade: 'MISSING',
  length: 'MISSING',
  material: 'MISSING',
  pressure: 'MISSING',
  standard: 'MISSING',
  dimension: 'MISSING',
  product_type: 'MISSING',
  dimension_unit: 'MISSING'
}
Failed to parse comparison for match 2250: {
  grade: 'MISSING',
  length: 'MISSING',
  material: 'MISSING',
  pressure: 'MISSING',
  standard: 'MISSING',
  dimension: 'MISSING',
  product_type: 'MISSING',
  dimension_unit: 'MISSING'
}
Failed to parse comparison for match 2251: {
  grade: 'MISSING',
  length: 'MISSING',
  material: 'MISSING',
  pressure: 'MISSING',
  standard: 'MISSING',
  dimension: 'MISSING',
  product_type: 'MISSING',
  dimension_unit: 'MISSING'
}
Failed to parse comparison for match 2252: {
  grade: 'MISSING',
  length: 'MISSING',
  material: 'MISSING',
  pressure: 'MISSING',
  standard: 'MISSING',
  dimension: 'MISSING',
  product_type: 'MISSING',
  dimension_unit: 'MISSING'
}
Failed to parse comparison for match 2253: {
  grade: 'MISSING',
  length: 'MISSING',
  material: 'MISSING',
  pressure: 'MISSING',
  standard: 'MISSING',
  dimension: 'MISSING',
  product_type: 'MISSING',
  dimension_unit: 'MISSING'
}
Failed to parse comparison for match 2254: {
  grade: 'MISSING',
  length: 'MISSING',
  material: 'MISSING',
  pressure: 'MISSING',
  standard: 'MISSING',
  dimension: 'MISSING',
  product_type: 'MISSING',
  dimension_unit: 'MISSING'
}
Failed to parse comparison for match 2255: {
  grade: 'MISSING',
  length: 'MISSING',
  material: 'MISSING',
  pressure: 'MISSING',
  standard: 'MISSING',
  dimension: 'MISSING',
  product_type: 'MISSING',
  dimension_unit: 'MISSING'
}
Failed to parse comparison for match 2256: {
  grade: 'MISSING',
  length: 'MISSING',
  material: 'MISSING',
  pressure: 'MISSING',
  standard: 'MISSING',
  dimension: 'MISSING',
  product_type: 'MISSING',
  dimension_unit: 'MISSING'
}
Failed to parse comparison for match 2257: {
  grade: 'MISSING',
  length: 'MISSING',
  material: 'MISSING',
  pressure: 'MISSING',
  standard: 'MISSING',
  dimension: 'MISSING',
  product_type: 'MISSING',
  dimension_unit: 'MISSING'
}
Failed to parse comparison for match 2258: {
  grade: 'MISSING',
  length: 'MISSING',
  material: 'MISSING',
  pressure: 'MISSING',
  standard: 'MISSING',
  dimension: 'MISSING',
  product_type: 'MISSING',
  dimension_unit: 'MISSING'
}
Failed to parse comparison for match 2259: {
  grade: 'MISSING',
  length: 'MISSING',
  material: 'MISSING',
  pressure: 'MISSING',
  standard: 'MISSING',
  dimension: 'MISSING',
  product_type: 'MISSING',
  dimension_unit: 'MISSING'
}
Failed to parse comparison for match 2260: {
  grade: 'MISSING',
  length: 'MISSING',
  material: 'MISSING',
  pressure: 'MISSING',
  standard: 'MISSING',
  dimension: 'MISSING',
  product_type: 'MISSING',
  dimension_unit: 'MISSING'
}
Failed to parse comparison for match 2261: {
  grade: 'MISSING',
  length: 'MISSING',
  material: 'MISSING',
  pressure: 'MISSING',
  standard: 'MISSING',
  dimension: 'MISSING',
  product_type: 'MISSING',
  dimension_unit: 'MISSING'
}
Failed to parse comparison for match 2262: {
  grade: 'MISSING',
  length: 'MISSING',
  material: 'MISSING',
  pressure: 'MISSING',
  standard: 'MISSING',
  dimension: 'MISSING',
  product_type: 'MISSING',
  dimension_unit: 'MISSING'
}
Failed to parse comparison for match 2263: {
  grade: 'MISSING',
  length: 'MISSING',
  material: 'MISSING',
  pressure: 'MISSING',
  standard: 'MISSING',
  dimension: 'MISSING',
  product_type: 'MISSING',
  dimension_unit: 'MISSING'
}
Failed to parse comparison for match 2264: {
  grade: 'MISSING',
  length: 'MISSING',
  material: 'MISSING',
  pressure: 'MISSING',
  standard: 'MISSING',
  dimension: 'MISSING',
  product_type: 'MISSING',
  dimension_unit: 'MISSING'
}
Failed to parse comparison for match 2265: {
  grade: 'MISSING',
  length: 'MISSING',
  material: 'MISSING',
  pressure: 'MISSING',
  standard: 'MISSING',
  dimension: 'MISSING',
  product_type: 'MISSING',
  dimension_unit: 'MISSING'
}
Failed to parse comparison for match 2266: {
  grade: 'MISSING',
  length: 'MISSING',
  material: 'MISSING',
  pressure: 'MISSING',
  standard: 'MISSING',
  dimension: 'MISSING',
  product_type: 'MISSING',
  dimension_unit: 'MISSING'
}
Failed to parse comparison for match 2267: {
  grade: 'MISSING',
  length: 'MISSING',
  material: 'MISSING',
  pressure: 'MISSING',
  standard: 'MISSING',
  dimension: 'MISSING',
  product_type: 'MISSING',
  dimension_unit: 'MISSING'
}
Failed to parse comparison for match 2268: {
  grade: 'MISSING',
  length: 'MISSING',
  material: 'MISSING',
  pressure: 'MISSING',
  standard: 'MISSING',
  dimension: 'MISSING',
  product_type: 'MISSING',
  dimension_unit: 'MISSING'
}
Failed to parse comparison for match 2269: {
  grade: 'MISSING',
  length: 'MISSING',
  material: 'MISSING',
  pressure: 'MISSING',
  standard: 'MISSING',
  dimension: 'MISSING',
  product_type: 'MISSING',
  dimension_unit: 'MISSING'
}
Failed to parse comparison for match 2270: {
  grade: 'MISSING',
  length: 'MISSING',
  material: 'MISSING',
  pressure: 'MISSING',
  standard: 'MISSING',
  dimension: 'MISSING',
  product_type: 'MISSING',
  dimension_unit: 'MISSING'
}
Failed to parse comparison for match 2271: {
  grade: 'MISSING',
  length: 'MISSING',
  material: 'MISSING',
  pressure: 'MISSING',
  standard: 'MISSING',
  dimension: 'MISSING',
  product_type: 'MISSING',
  dimension_unit: 'MISSING'
}
Failed to parse comparison for match 2272: {
  grade: 'MISSING',
  length: 'MISSING',
  material: 'MISSING',
  pressure: 'MISSING',
  standard: 'MISSING',
  dimension: 'MISSING',
  product_type: 'MISSING',
  dimension_unit: 'MISSING'
}
Failed to parse comparison for match 2273: {
  grade: 'MISSING',
  length: 'MISSING',
  material: 'MISSING',
  pressure: 'MISSING',
  standard: 'MISSING',
  dimension: 'MISSING',
  product_type: 'MISSING',
  dimension_unit: 'MISSING'
}
Failed to parse comparison for match 2274: {
  grade: 'MISSING',
  length: 'MISSING',
  material: 'MISSING',
  pressure: 'MISSING',
  standard: 'MISSING',
  dimension: 'MISSING',
  product_type: 'MISSING',
  dimension_unit: 'MISSING'
}
Failed to parse comparison for match 2275: {
  grade: 'MISSING',
  length: 'MISSING',
  material: 'MISSING',
  pressure: 'MISSING',
  standard: 'MISSING',
  dimension: 'MISSING',
  product_type: 'MISSING',
  dimension_unit: 'MISSING'
}
Failed to parse comparison for match 2276: {
  grade: 'MISSING',
  length: 'MISSING',
  material: 'MISSING',
  pressure: 'MISSING',
  standard: 'MISSING',
  dimension: 'MISSING',
  product_type: 'MISSING',
  dimension_unit: 'MISSING'
}
Failed to parse comparison for match 2277: {
  grade: 'MISSING',
  length: 'MISSING',
  material: 'MISSING',
  pressure: 'MISSING',
  standard: 'MISSING',
  dimension: 'MISSING',
  product_type: 'MISSING',
  dimension_unit: 'MISSING'
}
Failed to parse comparison for match 2278: {
  grade: 'MISSING',
  length: 'MISSING',
  material: 'MISSING',
  pressure: 'MISSING',
  standard: 'MISSING',
  dimension: 'MISSING',
  product_type: 'MISSING',
  dimension_unit: 'MISSING'
}
Failed to parse comparison for match 2279: {
  grade: 'MISSING',
  length: 'MISSING',
  material: 'MISSING',
  pressure: 'MISSING',
  standard: 'MISSING',
  dimension: 'MISSING',
  product_type: 'MISSING',
  dimension_unit: 'MISSING'
}
Failed to parse comparison for match 2280: {
  grade: 'MISSING',
  length: 'MISSING',
  material: 'MISSING',
  pressure: 'MISSING',
  standard: 'MISSING',
  dimension: 'MISSING',
  product_type: 'MISSING',
  dimension_unit: 'MISSING'
}
Failed to parse comparison for match 2281: {
  grade: 'MISSING',
  length: 'MISSING',
  material: 'MISSING',
  pressure: 'MISSING',
  standard: 'MISSING',
  dimension: 'MISSING',
  product_type: 'MISSING',
  dimension_unit: 'MISSING'
}
Failed to parse comparison for match 2282: {
  grade: 'MISSING',
  length: 'MISSING',
  material: 'MISSING',
  pressure: 'MISSING',
  standard: 'MISSING',
  dimension: 'MISSING',
  product_type: 'MISSING',
  dimension_unit: 'MISSING'
}
Failed to parse comparison for match 2283: {
  grade: 'MISSING',
  length: 'MISSING',
  material: 'MISSING',
  pressure: 'MISSING',
  standard: 'MISSING',
  dimension: 'MISSING',
  product_type: 'MISSING',
  dimension_unit: 'MISSING'
}
Failed to parse comparison for match 2284: {
  grade: 'MISSING',
  length: 'MISSING',
  material: 'MISSING',
  pressure: 'MISSING',
  standard: 'MISSING',
  dimension: 'MISSING',
  product_type: 'MISSING',
  dimension_unit: 'MISSING'
}
Failed to parse comparison for match 2285: {
  grade: 'MISSING',
  length: 'MISSING',
  material: 'MISSING',
  pressure: 'MISSING',
  standard: 'MISSING',
  dimension: 'MISSING',
  product_type: 'MISSING',
  dimension_unit: 'MISSING'
}
Failed to parse comparison for match 2286: {
  grade: 'MISSING',
  length: 'MISSING',
  material: 'MISSING',
  pressure: 'MISSING',
  standard: 'MISSING',
  dimension: 'MISSING',
  product_type: 'MISSING',
  dimension_unit: 'MISSING'
}
Failed to parse comparison for match 2287: {
  grade: 'MISSING',
  length: 'MISSING',
  material: 'MISSING',
  pressure: 'MISSING',
  standard: 'MISSING',
  dimension: 'MISSING',
  product_type: 'MISSING',
  dimension_unit: 'MISSING'
}
Failed to parse comparison for match 2288: {
  grade: 'MISSING',
  length: 'MISSING',
  material: 'MISSING',
  pressure: 'MISSING',
  standard: 'MISSING',
  dimension: 'MISSING',
  product_type: 'MISSING',
  dimension_unit: 'MISSING'
}
Failed to parse comparison for match 2289: {
  grade: 'MISSING',
  length: 'MISSING',
  material: 'MISSING',
  pressure: 'MISSING',
  standard: 'MISSING',
  dimension: 'MISSING',
  product_type: 'MISSING',
  dimension_unit: 'MISSING'
}
Failed to parse comparison for match 2290: {
  grade: 'MISSING',
  length: 'MISSING',
  material: 'MISSING',
  pressure: 'MISSING',
  standard: 'MISSING',
  dimension: 'MISSING',
  product_type: 'MISSING',
  dimension_unit: 'MISSING'
}
Failed to parse comparison for match 2291: {
  grade: 'MISSING',
  length: 'MISSING',
  material: 'MISSING',
  pressure: 'MISSING',
  standard: 'MISSING',
  dimension: 'MISSING',
  product_type: 'MISSING',
  dimension_unit: 'MISSING'
}
Failed to parse comparison for match 2292: {
  grade: 'MISSING',
  length: 'MISSING',
  material: 'MISSING',
  pressure: 'MISSING',
  standard: 'MISSING',
  dimension: 'MISSING',
  product_type: 'MISSING',
  dimension_unit: 'MISSING'
}
Failed to parse comparison for match 2293: {
  grade: 'MISSING',
  length: 'MISSING',
  material: 'MISSING',
  pressure: 'MISSING',
  standard: 'MISSING',
  dimension: 'MISSING',
  product_type: 'MISSING',
  dimension_unit: 'MISSING'
}
Failed to parse comparison for match 2294: {
  grade: 'MISSING',
  length: 'MISSING',
  material: 'MISSING',
  pressure: 'MISSING',
  standard: 'MISSING',
  dimension: 'MISSING',
  product_type: 'MISSING',
  dimension_unit: 'MISSING'
}
Failed to parse comparison for match 2295: {
  grade: 'MISSING',
  length: 'MISSING',
  material: 'MISSING',
  pressure: 'MISSING',
  standard: 'MISSING',
  dimension: 'MISSING',
  product_type: 'MISSING',
  dimension_unit: 'MISSING'
}
Failed to parse comparison for match 2296: {
  grade: 'MISSING',
  length: 'MISSING',
  material: 'MISSING',
  pressure: 'MISSING',
  standard: 'MISSING',
  dimension: 'MISSING',
  product_type: 'MISSING',
  dimension_unit: 'MISSING'
}
Failed to parse comparison for match 2297: {
  grade: 'MISSING',
  length: 'MISSING',
  material: 'MISSING',
  pressure: 'MISSING',
  standard: 'MISSING',
  dimension: 'MISSING',
  product_type: 'MISSING',
  dimension_unit: 'MISSING'
}
Failed to parse comparison for match 2298: {
  grade: 'MISSING',
  length: 'MISSING',
  material: 'MISSING',
  pressure: 'MISSING',
  standard: 'MISSING',
  dimension: 'MISSING',
  product_type: 'MISSING',
  dimension_unit: 'MISSING'
}
Failed to parse comparison for match 2299: {
  grade: 'MISSING',
  length: 'MISSING',
  material: 'MISSING',
  pressure: 'MISSING',
  standard: 'MISSING',
  dimension: 'MISSING',
  product_type: 'MISSING',
  dimension_unit: 'MISSING'
}
Failed to parse comparison for match 2300: {
  grade: 'MISSING',
  length: 'MISSING',
  material: 'MISSING',
  pressure: 'MISSING',
  standard: 'MISSING',
  dimension: 'MISSING',
  product_type: 'MISSING',
  dimension_unit: 'MISSING'
}
Failed to parse comparison for match 2301: {
  grade: 'MISSING',
  length: 'MISSING',
  material: 'MISSING',
  pressure: 'MISSING',
  standard: 'MISSING',
  dimension: 'MISSING',
  product_type: 'MISSING',
  dimension_unit: 'MISSING'
}
Failed to parse comparison for match 2302: {
  grade: 'MISSING',
  length: 'MISSING',
  material: 'MISSING',
  pressure: 'MISSING',
  standard: 'MISSING',
  dimension: 'MISSING',
  product_type: 'MISSING',
  dimension_unit: 'MISSING'
}
Failed to parse comparison for match 2303: {
  grade: 'MISSING',
  length: 'MISSING',
  material: 'MISSING',
  pressure: 'MISSING',
  standard: 'MISSING',
  dimension: 'MISSING',
  product_type: 'MISSING',
  dimension_unit: 'MISSING'
}
Failed to parse comparison for match 2304: {
  grade: 'MISSING',
  length: 'MISSING',
  material: 'MISSING',
  pressure: 'MISSING',
  standard: 'MISSING',
  dimension: 'MISSING',
  product_type: 'MISSING',
  dimension_unit: 'MISSING'
}
Failed to parse comparison for match 2305: {
  grade: 'MISSING',
  length: 'MISSING',
  material: 'MISSING',
  pressure: 'MISSING',
  standard: 'MISSING',
  dimension: 'MISSING',
  product_type: 'MISSING',
  dimension_unit: 'MISSING'
}
Failed to parse comparison for match 2306: {
  grade: 'MISSING',
  length: 'MISSING',
  material: 'MISSING',
  pressure: 'MISSING',
  standard: 'MISSING',
  dimension: 'MISSING',
  product_type: 'MISSING',
  dimension_unit: 'MISSING'
}
Failed to parse comparison for match 2307: {
  grade: 'MISSING',
  length: 'MISSING',
  material: 'MISSING',
  pressure: 'MISSING',
  standard: 'MISSING',
  dimension: 'MISSING',
  product_type: 'MISSING',
  dimension_unit: 'MISSING'
}
Failed to parse comparison for match 2308: {
  grade: 'MISSING',
  length: 'MISSING',
  material: 'MISSING',
  pressure: 'MISSING',
  standard: 'MISSING',
  dimension: 'MISSING',
  product_type: 'MISSING',
  dimension_unit: 'MISSING'
}
Failed to parse comparison for match 2309: {
  grade: 'MISSING',
  length: 'MISSING',
  material: 'MISSING',
  pressure: 'MISSING',
  standard: 'MISSING',
  dimension: 'MISSING',
  product_type: 'MISSING',
  dimension_unit: 'MISSING'
}
Failed to parse comparison for match 2310: {
  grade: 'MISSING',
  length: 'MISSING',
  material: 'MISSING',
  pressure: 'MISSING',
  standard: 'MISSING',
  dimension: 'MISSING',
  product_type: 'MISSING',
  dimension_unit: 'MISSING'
}
Failed to parse comparison for match 2311: {
  grade: 'MISSING',
  length: 'MISSING',
  material: 'MISSING',
  pressure: 'MISSING',
  standard: 'MISSING',
  dimension: 'MISSING',
  product_type: 'MISSING',
  dimension_unit: 'MISSING'
}
Failed to parse comparison for match 2312: {
  grade: 'MISSING',
  length: 'MISSING',
  material: 'MISSING',
  pressure: 'MISSING',
  standard: 'MISSING',
  dimension: 'MISSING',
  product_type: 'MISSING',
  dimension_unit: 'MISSING'
}
Failed to parse comparison for match 2313: {
  grade: 'MISSING',
  length: 'MISSING',
  material: 'MISSING',
  pressure: 'MISSING',
  standard: 'MISSING',
  dimension: 'MISSING',
  product_type: 'MISSING',
  dimension_unit: 'MISSING'
}
Failed to parse comparison for match 2314: {
  grade: 'MISSING',
  length: 'MISSING',
  material: 'MISSING',
  pressure: 'MISSING',
  standard: 'MISSING',
  dimension: 'MISSING',
  product_type: 'MISSING',
  dimension_unit: 'MISSING'
}
Failed to parse comparison for match 2315: {
  grade: 'MISSING',
  length: 'MISSING',
  material: 'MISSING',
  pressure: 'MISSING',
  standard: 'MISSING',
  dimension: 'MISSING',
  product_type: 'MISSING',
  dimension_unit: 'MISSING'
}
Failed to parse comparison for match 2316: {
  grade: 'MISSING',
  length: 'MISSING',
  material: 'MISSING',
  pressure: 'MISSING',
  standard: 'MISSING',
  dimension: 'MISSING',
  product_type: 'MISSING',
  dimension_unit: 'MISSING'
}
Failed to parse comparison for match 2317: {
  grade: 'MISSING',
  length: 'MISSING',
  material: 'MISSING',
  pressure: 'MISSING',
  standard: 'MISSING',
  dimension: 'MISSING',
  product_type: 'MISSING',
  dimension_unit: 'MISSING'
}
Failed to parse comparison for match 2318: {
  grade: 'MISSING',
  length: 'MISSING',
  material: 'MISSING',
  pressure: 'MISSING',
  standard: 'MISSING',
  dimension: 'MISSING',
  product_type: 'MISSING',
  dimension_unit: 'MISSING'
}
Failed to parse comparison for match 2319: {
  grade: 'MISSING',
  length: 'MISSING',
  material: 'MISSING',
  pressure: 'MISSING',
  standard: 'MISSING',
  dimension: 'MISSING',
  product_type: 'MISSING',
  dimension_unit: 'MISSING'
}
Failed to parse comparison for match 2320: {
  grade: 'MISSING',
  length: 'MISSING',
  material: 'MISSING',
  pressure: 'MISSING',
  standard: 'MISSING',
  dimension: 'MISSING',
  product_type: 'MISSING',
  dimension_unit: 'MISSING'
}
Failed to parse comparison for match 2321: {
  grade: 'MISSING',
  length: 'MISSING',
  material: 'MISSING',
  pressure: 'MISSING',
  standard: 'MISSING',
  dimension: 'MISSING',
  product_type: 'MISSING',
  dimension_unit: 'MISSING'
}
Failed to parse comparison for match 2322: {
  grade: 'MISSING',
  length: 'MISSING',
  material: 'MISSING',
  pressure: 'MISSING',
  standard: 'MISSING',
  dimension: 'MISSING',
  product_type: 'MISSING',
  dimension_unit: 'MISSING'
}
Failed to parse comparison for match 2323: {
  grade: 'MISSING',
  length: 'MISSING',
  material: 'MISSING',
  pressure: 'MISSING',
  standard: 'MISSING',
  dimension: 'MISSING',
  product_type: 'MISSING',
  dimension_unit: 'MISSING'
}
Failed to parse comparison for match 2324: {
  grade: 'MISSING',
  length: 'MISSING',
  material: 'MISSING',
  pressure: 'MISSING',
  standard: 'MISSING',
  dimension: 'MISSING',
  product_type: 'MISSING',
  dimension_unit: 'MISSING'
}
Failed to parse comparison for match 2325: {
  grade: 'MISSING',
  length: 'MISSING',
  material: 'MISSING',
  pressure: 'MISSING',
  standard: 'MISSING',
  dimension: 'MISSING',
  product_type: 'MISSING',
  dimension_unit: 'MISSING'
}
Failed to parse comparison for match 2326: {
  grade: 'MISSING',
  length: 'MISSING',
  material: 'MISSING',
  pressure: 'MISSING',
  standard: 'MISSING',
  dimension: 'MISSING',
  product_type: 'MISSING',
  dimension_unit: 'MISSING'
}
Failed to parse comparison for match 2327: {
  grade: 'MISSING',
  length: 'MISSING',
  material: 'MISSING',
  pressure: 'MISSING',
  standard: 'MISSING',
  dimension: 'MISSING',
  product_type: 'MISSING',
  dimension_unit: 'MISSING'
}
Failed to parse comparison for match 2328: {
  grade: 'MISSING',
  length: 'MISSING',
  material: 'MISSING',
  pressure: 'MISSING',
  standard: 'MISSING',
  dimension: 'MISSING',
  product_type: 'MISSING',
  dimension_unit: 'MISSING'
}
Failed to parse comparison for match 2329: {
  grade: 'MISSING',
  length: 'MISSING',
  material: 'MISSING',
  pressure: 'MISSING',
  standard: 'MISSING',
  dimension: 'MISSING',
  product_type: 'MISSING',
  dimension_unit: 'MISSING'
}
Failed to parse comparison for match 2330: {
  grade: 'MISSING',
  length: 'MISSING',
  material: 'MISSING',
  pressure: 'MISSING',
  standard: 'MISSING',
  dimension: 'MISSING',
  product_type: 'MISSING',
  dimension_unit: 'MISSING'
}
Failed to parse comparison for match 2331: {
  grade: 'MISSING',
  length: 'MISSING',
  material: 'MISSING',
  pressure: 'MISSING',
  standard: 'MISSING',
  dimension: 'MISSING',
  product_type: 'MISSING',
  dimension_unit: 'MISSING'
}
Failed to parse comparison for match 2332: {
  grade: 'MISSING',
  length: 'MISSING',
  material: 'MISSING',
  pressure: 'MISSING',
  standard: 'MISSING',
  dimension: 'MISSING',
  product_type: 'MISSING',
  dimension_unit: 'MISSING'
}
Failed to parse comparison for match 2333: {
  grade: 'MISSING',
  length: 'MISSING',
  material: 'MISSING',
  pressure: 'MISSING',
  standard: 'MISSING',
  dimension: 'MISSING',
  product_type: 'MISSING',
  dimension_unit: 'MISSING'
}
Failed to parse comparison for match 2334: {
  grade: 'MISSING',
  length: 'MISSING',
  material: 'MISSING',
  pressure: 'MISSING',
  standard: 'MISSING',
  dimension: 'MISSING',
  product_type: 'MISSING',
  dimension_unit: 'MISSING'
}
Failed to parse comparison for match 2335: {
  grade: 'MISSING',
  length: 'MISSING',
  material: 'MISSING',
  pressure: 'MISSING',
  standard: 'MISSING',
  dimension: 'MISSING',
  product_type: 'MISSING',
  dimension_unit: 'MISSING'
}
Failed to parse comparison for match 2336: {
  grade: 'MISSING',
  length: 'MISSING',
  material: 'MISSING',
  pressure: 'MISSING',
  standard: 'MISSING',
  dimension: 'MISSING',
  product_type: 'MISSING',
  dimension_unit: 'MISSING'
}
Failed to parse comparison for match 2337: {
  grade: 'MISSING',
  length: 'MISSING',
  material: 'MISSING',
  pressure: 'MISSING',
  standard: 'MISSING',
  dimension: 'MISSING',
  product_type: 'MISSING',
  dimension_unit: 'MISSING'
}
Failed to parse comparison for match 2338: {
  grade: 'MISSING',
  length: 'MISSING',
  material: 'MISSING',
  pressure: 'MISSING',
  standard: 'MISSING',
  dimension: 'MISSING',
  product_type: 'MISSING',
  dimension_unit: 'MISSING'
}
Failed to parse comparison for match 2339: {
  grade: 'MISSING',
  length: 'MISSING',
  material: 'MISSING',
  pressure: 'MISSING',
  standard: 'MISSING',
  dimension: 'MISSING',
  product_type: 'MISSING',
  dimension_unit: 'MISSING'
}
Failed to parse comparison for match 2340: {
  grade: 'MISSING',
  length: 'MISSING',
  material: 'MISSING',
  pressure: 'MISSING',
  standard: 'MISSING',
  dimension: 'MISSING',
  product_type: 'MISSING',
  dimension_unit: 'MISSING'
}
Failed to parse comparison for match 2341: {
  grade: 'MISSING',
  length: 'MISSING',
  material: 'MISSING',
  pressure: 'MISSING',
  standard: 'MISSING',
  dimension: 'MISSING',
  product_type: 'MISSING',
  dimension_unit: 'MISSING'
}
Failed to parse comparison for match 2342: {
  grade: 'MISSING',
  length: 'MISSING',
  material: 'MISSING',
  pressure: 'MISSING',
  standard: 'MISSING',
  dimension: 'MISSING',
  product_type: 'MISSING',
  dimension_unit: 'MISSING'
}
Failed to parse comparison for match 2343: {
  grade: 'MISSING',
  length: 'MISSING',
  material: 'MISSING',
  pressure: 'MISSING',
  standard: 'MISSING',
  dimension: 'MISSING',
  product_type: 'MISSING',
  dimension_unit: 'MISSING'
}
Failed to parse comparison for match 2344: {
  grade: 'MISSING',
  length: 'MISSING',
  material: 'MISSING',
  pressure: 'MISSING',
  standard: 'MISSING',
  dimension: 'MISSING',
  product_type: 'MISSING',
  dimension_unit: 'MISSING'
}
Failed to parse comparison for match 2345: {
  grade: 'MISSING',
  length: 'MISSING',
  material: 'MISSING',
  pressure: 'MISSING',
  standard: 'MISSING',
  dimension: 'MISSING',
  product_type: 'MISSING',
  dimension_unit: 'MISSING'
}
Failed to parse comparison for match 2346: {
  grade: 'MISSING',
  length: 'MISSING',
  material: 'MISSING',
  pressure: 'MISSING',
  standard: 'MISSING',
  dimension: 'MISSING',
  product_type: 'MISSING',
  dimension_unit: 'MISSING'
}
Failed to parse comparison for match 2347: {
  grade: 'MISSING',
  length: 'MISSING',
  material: 'MISSING',
  pressure: 'MISSING',
  standard: 'MISSING',
  dimension: 'MISSING',
  product_type: 'MISSING',
  dimension_unit: 'MISSING'
}
Failed to parse comparison for match 2348: {
  grade: 'MISSING',
  length: 'MISSING',
  material: 'MISSING',
  pressure: 'MISSING',
  standard: 'MISSING',
  dimension: 'MISSING',
  product_type: 'MISSING',
  dimension_unit: 'MISSING'
}
Failed to parse comparison for match 2349: {
  grade: 'MISSING',
  length: 'MISSING',
  material: 'MISSING',
  pressure: 'MISSING',
  standard: 'MISSING',
  dimension: 'MISSING',
  product_type: 'MISSING',
  dimension_unit: 'MISSING'
}
Failed to parse comparison for match 2350: {
  grade: 'MISSING',
  length: 'MISSING',
  material: 'MISSING',
  pressure: 'MISSING',
  standard: 'MISSING',
  dimension: 'MISSING',
  product_type: 'MISSING',
  dimension_unit: 'MISSING'
}
Failed to parse comparison for match 2351: {
  grade: 'MISSING',
  length: 'MISSING',
  material: 'MISSING',
  pressure: 'MISSING',
  standard: 'MISSING',
  dimension: 'MISSING',
  product_type: 'MISSING',
  dimension_unit: 'MISSING'
}
Failed to parse comparison for match 2352: {
  grade: 'MISSING',
  length: 'MISSING',
  material: 'MISSING',
  pressure: 'MISSING',
  standard: 'MISSING',
  dimension: 'MISSING',
  product_type: 'MISSING',
  dimension_unit: 'MISSING'
}
Failed to parse comparison for match 2353: {
  grade: 'MISSING',
  length: 'MISSING',
  material: 'MISSING',
  pressure: 'MISSING',
  standard: 'MISSING',
  dimension: 'MISSING',
  product_type: 'MISSING',
  dimension_unit: 'MISSING'
}
Failed to parse comparison for match 2354: {
  grade: 'MISSING',
  length: 'MISSING',
  material: 'MISSING',
  pressure: 'MISSING',
  standard: 'MISSING',
  dimension: 'MISSING',
  product_type: 'MISSING',
  dimension_unit: 'MISSING'
}
Failed to parse comparison for match 2355: {
  grade: 'MISSING',
  length: 'MISSING',
  material: 'MISSING',
  pressure: 'MISSING',
  standard: 'MISSING',
  dimension: 'MISSING',
  product_type: 'MISSING',
  dimension_unit: 'MISSING'
}
Failed to parse comparison for match 2356: {
  grade: 'MISSING',
  length: 'MISSING',
  material: 'MISSING',
  pressure: 'MISSING',
  standard: 'MISSING',
  dimension: 'MISSING',
  product_type: 'MISSING',
  dimension_unit: 'MISSING'
}
Failed to parse comparison for match 2357: {
  grade: 'MISSING',
  length: 'MISSING',
  material: 'MISSING',
  pressure: 'MISSING',
  standard: 'MISSING',
  dimension: 'MISSING',
  product_type: 'MISSING',
  dimension_unit: 'MISSING'
}
Failed to parse comparison for match 2358: {
  grade: 'MISSING',
  length: 'MISSING',
  material: 'MISSING',
  pressure: 'MISSING',
  standard: 'MISSING',
  dimension: 'MISSING',
  product_type: 'MISSING',
  dimension_unit: 'MISSING'
}
Failed to parse comparison for match 2359: {
  grade: 'MISSING',
  length: 'MISSING',
  material: 'MISSING',
  pressure: 'MISSING',
  standard: 'MISSING',
  dimension: 'MISSING',
  product_type: 'MISSING',
  dimension_unit: 'MISSING'
}
Failed to parse comparison for match 2360: {
  grade: 'MISSING',
  length: 'MISSING',
  material: 'MISSING',
  pressure: 'MISSING',
  standard: 'MISSING',
  dimension: 'MISSING',
  product_type: 'MISSING',
  dimension_unit: 'MISSING'
}
Failed to parse comparison for match 2361: {
  grade: 'MISSING',
  length: 'MISSING',
  material: 'MISSING',
  pressure: 'MISSING',
  standard: 'MISSING',
  dimension: 'MISSING',
  product_type: 'MISSING',
  dimension_unit: 'MISSING'
}
Failed to parse comparison for match 2362: {
  grade: 'MISSING',
  length: 'MISSING',
  material: 'MISSING',
  pressure: 'MISSING',
  standard: 'MISSING',
  dimension: 'MISSING',
  product_type: 'MISSING',
  dimension_unit: 'MISSING'
}
Failed to parse comparison for match 2363: {
  grade: 'MISSING',
  length: 'MISSING',
  material: 'MISSING',
  pressure: 'MISSING',
  standard: 'MISSING',
  dimension: 'MISSING',
  product_type: 'MISSING',
  dimension_unit: 'MISSING'
}
Failed to parse comparison for match 2364: {
  grade: 'MISSING',
  length: 'MISSING',
  material: 'MISSING',
  pressure: 'MISSING',
  standard: 'MISSING',
  dimension: 'MISSING',
  product_type: 'MISSING',
  dimension_unit: 'MISSING'
}
Failed to parse comparison for match 2365: {
  grade: 'MISSING',
  length: 'MISSING',
  material: 'MISSING',
  pressure: 'MISSING',
  standard: 'MISSING',
  dimension: 'MISSING',
  product_type: 'MISSING',
  dimension_unit: 'MISSING'
}
Failed to parse comparison for match 2366: {
  grade: 'MISSING',
  length: 'MISSING',
  material: 'MISSING',
  pressure: 'MISSING',
  standard: 'MISSING',
  dimension: 'MISSING',
  product_type: 'MISSING',
  dimension_unit: 'MISSING'
}
Failed to parse comparison for match 2367: {
  grade: 'MISSING',
  length: 'MISSING',
  material: 'MISSING',
  pressure: 'MISSING',
  standard: 'MISSING',
  dimension: 'MISSING',
  product_type: 'MISSING',
  dimension_unit: 'MISSING'
}
Failed to parse comparison for match 2368: {
  grade: 'MISSING',
  length: 'MISSING',
  material: 'MISSING',
  pressure: 'MISSING',
  standard: 'MISSING',
  dimension: 'MISSING',
  product_type: 'MISSING',
  dimension_unit: 'MISSING'
}
Failed to parse comparison for match 2369: {
  grade: 'MISSING',
  length: 'MISSING',
  material: 'MISSING',
  pressure: 'MISSING',
  standard: 'MISSING',
  dimension: 'MISSING',
  product_type: 'MISSING',
  dimension_unit: 'MISSING'
}
Failed to parse comparison for match 2370: {
  grade: 'MISSING',
  length: 'MISSING',
  material: 'MISSING',
  pressure: 'MISSING',
  standard: 'MISSING',
  dimension: 'MISSING',
  product_type: 'MISSING',
  dimension_unit: 'MISSING'
}
Failed to parse comparison for match 2371: {
  grade: 'MISSING',
  length: 'MISSING',
  material: 'MISSING',
  pressure: 'MISSING',
  standard: 'MISSING',
  dimension: 'MISSING',
  product_type: 'MISSING',
  dimension_unit: 'MISSING'
}
Failed to parse comparison for match 2372: {
  grade: 'MISSING',
  length: 'MISSING',
  material: 'MISSING',
  pressure: 'MISSING',
  standard: 'MISSING',
  dimension: 'MISSING',
  product_type: 'MISSING',
  dimension_unit: 'MISSING'
}
Failed to parse comparison for match 2373: {
  grade: 'MISSING',
  length: 'MISSING',
  material: 'MISSING',
  pressure: 'MISSING',
  standard: 'MISSING',
  dimension: 'MISSING',
  product_type: 'MISSING',
  dimension_unit: 'MISSING'
}
Failed to parse comparison for match 2374: {
  grade: 'MISSING',
  length: 'MISSING',
  material: 'MISSING',
  pressure: 'MISSING',
  standard: 'MISSING',
  dimension: 'MISSING',
  product_type: 'MISSING',
  dimension_unit: 'MISSING'
}
Failed to parse comparison for match 2375: {
  grade: 'MISSING',
  length: 'MISSING',
  material: 'MISSING',
  pressure: 'MISSING',
  standard: 'MISSING',
  dimension: 'MISSING',
  product_type: 'MISSING',
  dimension_unit: 'MISSING'
}
Failed to parse comparison for match 2376: {
  grade: 'MISSING',
  length: 'MISSING',
  material: 'MISSING',
  pressure: 'MISSING',
  standard: 'MISSING',
  dimension: 'MISSING',
  product_type: 'MISSING',
  dimension_unit: 'MISSING'
}
Failed to parse comparison for match 2377: {
  grade: 'MISSING',
  length: 'MISSING',
  material: 'MISSING',
  pressure: 'MISSING',
  standard: 'MISSING',
  dimension: 'MISSING',
  product_type: 'MISSING',
  dimension_unit: 'MISSING'
}
Failed to parse comparison for match 2378: {
  grade: 'MISSING',
  length: 'MISSING',
  material: 'MISSING',
  pressure: 'MISSING',
  standard: 'MISSING',
  dimension: 'MISSING',
  product_type: 'MISSING',
  dimension_unit: 'MISSING'
}
Failed to parse comparison for match 2379: {
  grade: 'MISSING',
  length: 'MISSING',
  material: 'MISSING',
  pressure: 'MISSING',
  standard: 'MISSING',
  dimension: 'MISSING',
  product_type: 'MISSING',
  dimension_unit: 'MISSING'
}
Failed to parse comparison for match 2380: {
  grade: 'MISSING',
  length: 'MISSING',
  material: 'MISSING',
  pressure: 'MISSING',
  standard: 'MISSING',
  dimension: 'MISSING',
  product_type: 'MISSING',
  dimension_unit: 'MISSING'
}
Failed to parse comparison for match 2381: {
  grade: 'MISSING',
  length: 'MISSING',
  material: 'MISSING',
  pressure: 'MISSING',
  standard: 'MISSING',
  dimension: 'MISSING',
  product_type: 'MISSING',
  dimension_unit: 'MISSING'
}
Failed to parse comparison for match 2382: {
  grade: 'MISSING',
  length: 'MISSING',
  material: 'MISSING',
  pressure: 'MISSING',
  standard: 'MISSING',
  dimension: 'MISSING',
  product_type: 'MISSING',
  dimension_unit: 'MISSING'
}
Failed to parse comparison for match 2383: {
  grade: 'MISSING',
  length: 'MISSING',
  material: 'MISSING',
  pressure: 'MISSING',
  standard: 'MISSING',
  dimension: 'MISSING',
  product_type: 'MISSING',
  dimension_unit: 'MISSING'
}
Failed to parse comparison for match 2384: {
  grade: 'MISSING',
  length: 'MISSING',
  material: 'MISSING',
  pressure: 'MISSING',
  standard: 'MISSING',
  dimension: 'MISSING',
  product_type: 'MISSING',
  dimension_unit: 'MISSING'
}
Failed to parse comparison for match 2385: {
  grade: 'MISSING',
  length: 'MISSING',
  material: 'MISSING',
  pressure: 'MISSING',
  standard: 'MISSING',
  dimension: 'MISSING',
  product_type: 'MISSING',
  dimension_unit: 'MISSING'
}
Failed to parse comparison for match 2386: {
  grade: 'MISSING',
  length: 'MISSING',
  material: 'MISSING',
  pressure: 'MISSING',
  standard: 'MISSING',
  dimension: 'MISSING',
  product_type: 'MISSING',
  dimension_unit: 'MISSING'
}
Failed to parse comparison for match 2387: {
  grade: 'MISSING',
  length: 'MISSING',
  material: 'MISSING',
  pressure: 'MISSING',
  standard: 'MISSING',
  dimension: 'MISSING',
  product_type: 'MISSING',
  dimension_unit: 'MISSING'
}
Failed to parse comparison for match 2388: {
  grade: 'MISSING',
  length: 'MISSING',
  material: 'MISSING',
  pressure: 'MISSING',
  standard: 'MISSING',
  dimension: 'MISSING',
  product_type: 'MISSING',
  dimension_unit: 'MISSING'
}
Failed to parse comparison for match 2389: {
  grade: 'MISSING',
  length: 'MISSING',
  material: 'MISSING',
  pressure: 'MISSING',
  standard: 'MISSING',
  dimension: 'MISSING',
  product_type: 'MISSING',
  dimension_unit: 'MISSING'
}
Failed to parse comparison for match 2390: {
  grade: 'MISSING',
  length: 'MISSING',
  material: 'MISSING',
  pressure: 'MISSING',
  standard: 'MISSING',
  dimension: 'MISSING',
  product_type: 'MISSING',
  dimension_unit: 'MISSING'
}
Failed to parse comparison for match 2391: {
  grade: 'MISSING',
  length: 'MISSING',
  material: 'MISSING',
  pressure: 'MISSING',
  standard: 'MISSING',
  dimension: 'MISSING',
  product_type: 'MISSING',
  dimension_unit: 'MISSING'
}
Failed to parse comparison for match 2392: {
  grade: 'MISSING',
  length: 'MISSING',
  material: 'MISSING',
  pressure: 'MISSING',
  standard: 'MISSING',
  dimension: 'MISSING',
  product_type: 'MISSING',
  dimension_unit: 'MISSING'
}
Failed to parse comparison for match 2393: {
  grade: 'MISSING',
  length: 'MISSING',
  material: 'MISSING',
  pressure: 'MISSING',
  standard: 'MISSING',
  dimension: 'MISSING',
  product_type: 'MISSING',
  dimension_unit: 'MISSING'
}
Failed to parse comparison for match 2394: {
  grade: 'MISSING',
  length: 'MISSING',
  material: 'MISSING',
  pressure: 'MISSING',
  standard: 'MISSING',
  dimension: 'MISSING',
  product_type: 'MISSING',
  dimension_unit: 'MISSING'
}
Failed to parse comparison for match 2395: {
  grade: 'MISSING',
  length: 'MISSING',
  material: 'MISSING',
  pressure: 'MISSING',
  standard: 'MISSING',
  dimension: 'MISSING',
  product_type: 'MISSING',
  dimension_unit: 'MISSING'
}
Failed to parse comparison for match 2396: {
  grade: 'MISSING',
  length: 'MISSING',
  material: 'MISSING',
  pressure: 'MISSING',
  standard: 'MISSING',
  dimension: 'MISSING',
  product_type: 'MISSING',
  dimension_unit: 'MISSING'
}
Failed to parse comparison for match 2397: {
  grade: 'MISSING',
  length: 'MISSING',
  material: 'MISSING',
  pressure: 'MISSING',
  standard: 'MISSING',
  dimension: 'MISSING',
  product_type: 'MISSING',
  dimension_unit: 'MISSING'
}
Failed to parse comparison for match 2398: {
  grade: 'MISSING',
  length: 'MISSING',
  material: 'MISSING',
  pressure: 'MISSING',
  standard: 'MISSING',
  dimension: 'MISSING',
  product_type: 'MISSING',
  dimension_unit: 'MISSING'
}
Failed to parse comparison for match 2399: {
  grade: 'MISSING',
  length: 'MISSING',
  material: 'MISSING',
  pressure: 'MISSING',
  standard: 'MISSING',
  dimension: 'MISSING',
  product_type: 'MISSING',
  dimension_unit: 'MISSING'
}
Failed to parse comparison for match 2400: {
  grade: 'MISSING',
  length: 'MISSING',
  material: 'MISSING',
  pressure: 'MISSING',
  standard: 'MISSING',
  dimension: 'MISSING',
  product_type: 'MISSING',
  dimension_unit: 'MISSING'
}
Failed to parse comparison for match 2401: {
  grade: 'MISSING',
  length: 'MISSING',
  material: 'MISSING',
  pressure: 'MISSING',
  standard: 'MISSING',
  dimension: 'MISSING',
  product_type: 'MISSING',
  dimension_unit: 'MISSING'
}
Failed to parse comparison for match 2402: {
  grade: 'MISSING',
  length: 'MISSING',
  material: 'MISSING',
  pressure: 'MISSING',
  standard: 'MISSING',
  dimension: 'MISSING',
  product_type: 'MISSING',
  dimension_unit: 'MISSING'
}
Failed to parse comparison for match 2403: {
  grade: 'MISSING',
  length: 'MISSING',
  material: 'MISSING',
  pressure: 'MISSING',
  standard: 'MISSING',
  dimension: 'MISSING',
  product_type: 'MISSING',
  dimension_unit: 'MISSING'
}
Failed to parse comparison for match 2404: {
  grade: 'MISSING',
  length: 'MISSING',
  material: 'MISSING',
  pressure: 'MISSING',
  standard: 'MISSING',
  dimension: 'MISSING',
  product_type: 'MISSING',
  dimension_unit: 'MISSING'
}
Failed to parse comparison for match 2405: {
  grade: 'MISSING',
  length: 'MISSING',
  material: 'MISSING',
  pressure: 'MISSING',
  standard: 'MISSING',
  dimension: 'MISSING',
  product_type: 'MISSING',
  dimension_unit: 'MISSING'
}
Failed to parse comparison for match 2406: {
  grade: 'MISSING',
  length: 'MISSING',
  material: 'MISSING',
  pressure: 'MISSING',
  standard: 'MISSING',
  dimension: 'MISSING',
  product_type: 'MISSING',
  dimension_unit: 'MISSING'
}
Failed to parse comparison for match 2407: {
  grade: 'MISSING',
  length: 'MISSING',
  material: 'MISSING',
  pressure: 'MISSING',
  standard: 'MISSING',
  dimension: 'MISSING',
  product_type: 'MISSING',
  dimension_unit: 'MISSING'
}
Failed to parse comparison for match 2408: {
  grade: 'MISSING',
  length: 'MISSING',
  material: 'MISSING',
  pressure: 'MISSING',
  standard: 'MISSING',
  dimension: 'MISSING',
  product_type: 'MISSING',
  dimension_unit: 'MISSING'
}
Failed to parse comparison for match 2409: {
  grade: 'MISSING',
  length: 'MISSING',
  material: 'MISSING',
  pressure: 'MISSING',
  standard: 'MISSING',
  dimension: 'MISSING',
  product_type: 'MISSING',
  dimension_unit: 'MISSING'
}
Failed to parse comparison for match 2410: {
  grade: 'MISSING',
  length: 'MISSING',
  material: 'MISSING',
  pressure: 'MISSING',
  standard: 'MISSING',
  dimension: 'MISSING',
  product_type: 'MISSING',
  dimension_unit: 'MISSING'
}
Failed to parse comparison for match 2411: {
  grade: 'MISSING',
  length: 'MISSING',
  material: 'MISSING',
  pressure: 'MISSING',
  standard: 'MISSING',
  dimension: 'MISSING',
  product_type: 'MISSING',
  dimension_unit: 'MISSING'
}
Failed to parse comparison for match 2412: {
  grade: 'MISSING',
  length: 'MISSING',
  material: 'MISSING',
  pressure: 'MISSING',
  standard: 'MISSING',
  dimension: 'MISSING',
  product_type: 'MISSING',
  dimension_unit: 'MISSING'
}
Failed to parse comparison for match 2413: {
  grade: 'MISSING',
  length: 'MISSING',
  material: 'MISSING',
  pressure: 'MISSING',
  standard: 'MISSING',
  dimension: 'MISSING',
  product_type: 'MISSING',
  dimension_unit: 'MISSING'
}
Failed to parse comparison for match 2414: {
  grade: 'MISSING',
  length: 'MISSING',
  material: 'MISSING',
  pressure: 'MISSING',
  standard: 'MISSING',
  dimension: 'MISSING',
  product_type: 'MISSING',
  dimension_unit: 'MISSING'
}
Failed to parse comparison for match 2415: {
  grade: 'MISSING',
  length: 'MISSING',
  material: 'MISSING',
  pressure: 'MISSING',
  standard: 'MISSING',
  dimension: 'MISSING',
  product_type: 'MISSING',
  dimension_unit: 'MISSING'
}
Failed to parse comparison for match 2416: {
  grade: 'MISSING',
  length: 'MISSING',
  material: 'MISSING',
  pressure: 'MISSING',
  standard: 'MISSING',
  dimension: 'MISSING',
  product_type: 'MISSING',
  dimension_unit: 'MISSING'
}
Failed to parse comparison for match 2417: {
  grade: 'MISSING',
  length: 'MISSING',
  material: 'MISSING',
  pressure: 'MISSING',
  standard: 'MISSING',
  dimension: 'MISSING',
  product_type: 'MISSING',
  dimension_unit: 'MISSING'
}
Failed to parse comparison for match 2418: {
  grade: 'MISSING',
  length: 'MISSING',
  material: 'MISSING',
  pressure: 'MISSING',
  standard: 'MISSING',
  dimension: 'MISSING',
  product_type: 'MISSING',
  dimension_unit: 'MISSING'
}
Failed to parse comparison for match 2419: {
  grade: 'MISSING',
  length: 'MISSING',
  material: 'MISSING',
  pressure: 'MISSING',
  standard: 'MISSING',
  dimension: 'MISSING',
  product_type: 'MISSING',
  dimension_unit: 'MISSING'
}
Failed to parse comparison for match 2420: {
  grade: 'MISSING',
  length: 'MISSING',
  material: 'MISSING',
  pressure: 'MISSING',
  standard: 'MISSING',
  dimension: 'MISSING',
  product_type: 'MISSING',
  dimension_unit: 'MISSING'
}
Failed to parse comparison for match 2421: {
  grade: 'MISSING',
  length: 'MISSING',
  material: 'MISSING',
  pressure: 'MISSING',
  standard: 'MISSING',
  dimension: 'MISSING',
  product_type: 'MISSING',
  dimension_unit: 'MISSING'
}
Failed to parse comparison for match 2422: {
  grade: 'MISSING',
  length: 'MISSING',
  material: 'MISSING',
  pressure: 'MISSING',
  standard: 'MISSING',
  dimension: 'MISSING',
  product_type: 'MISSING',
  dimension_unit: 'MISSING'
}
Failed to parse comparison for match 2423: {
  grade: 'MISSING',
  length: 'MISSING',
  material: 'MISSING',
  pressure: 'MISSING',
  standard: 'MISSING',
  dimension: 'MISSING',
  product_type: 'MISSING',
  dimension_unit: 'MISSING'
}
Failed to parse comparison for match 2424: {
  grade: 'MISSING',
  length: 'MISSING',
  material: 'MISSING',
  pressure: 'MISSING',
  standard: 'MISSING',
  dimension: 'MISSING',
  product_type: 'MISSING',
  dimension_unit: 'MISSING'
}
Failed to parse comparison for match 2425: {
  grade: 'MISSING',
  length: 'MISSING',
  material: 'MISSING',
  pressure: 'MISSING',
  standard: 'MISSING',
  dimension: 'MISSING',
  product_type: 'MISSING',
  dimension_unit: 'MISSING'
}
Failed to parse comparison for match 2426: {
  grade: 'MISSING',
  length: 'MISSING',
  material: 'MISSING',
  pressure: 'MISSING',
  standard: 'MISSING',
  dimension: 'MISSING',
  product_type: 'MISSING',
  dimension_unit: 'MISSING'
}
Failed to parse comparison for match 2427: {
  grade: 'MISSING',
  length: 'MISSING',
  material: 'MISSING',
  pressure: 'MISSING',
  standard: 'MISSING',
  dimension: 'MISSING',
  product_type: 'MISSING',
  dimension_unit: 'MISSING'
}
Failed to parse comparison for match 2428: {
  grade: 'MISSING',
  length: 'MISSING',
  material: 'MISSING',
  pressure: 'MISSING',
  standard: 'MISSING',
  dimension: 'MISSING',
  product_type: 'MISSING',
  dimension_unit: 'MISSING'
}
Failed to parse comparison for match 2429: {
  grade: 'MISSING',
  length: 'MISSING',
  material: 'MISSING',
  pressure: 'MISSING',
  standard: 'MISSING',
  dimension: 'MISSING',
  product_type: 'MISSING',
  dimension_unit: 'MISSING'
}
Failed to parse comparison for match 2430: {
  grade: 'MISSING',
  length: 'MISSING',
  material: 'MISSING',
  pressure: 'MISSING',
  standard: 'MISSING',
  dimension: 'MISSING',
  product_type: 'MISSING',
  dimension_unit: 'MISSING'
}
Failed to parse comparison for match 2431: {
  grade: 'MISSING',
  length: 'MISSING',
  material: 'MISSING',
  pressure: 'MISSING',
  standard: 'MISSING',
  dimension: 'MISSING',
  product_type: 'MISSING',
  dimension_unit: 'MISSING'
}
Failed to parse comparison for match 2432: {
  grade: 'MISSING',
  length: 'MISSING',
  material: 'MISSING',
  pressure: 'MISSING',
  standard: 'MISSING',
  dimension: 'MISSING',
  product_type: 'MISSING',
  dimension_unit: 'MISSING'
}
Failed to parse comparison for match 2433: {
  grade: 'MISSING',
  length: 'MISSING',
  material: 'MISSING',
  pressure: 'MISSING',
  standard: 'MISSING',
  dimension: 'MISSING',
  product_type: 'MISSING',
  dimension_unit: 'MISSING'
}
Failed to parse comparison for match 2434: {
  grade: 'MISSING',
  length: 'MISSING',
  material: 'MISSING',
  pressure: 'MISSING',
  standard: 'MISSING',
  dimension: 'MISSING',
  product_type: 'MISSING',
  dimension_unit: 'MISSING'
}
Failed to parse comparison for match 2435: {
  grade: 'MISSING',
  length: 'MISSING',
  material: 'MISSING',
  pressure: 'MISSING',
  standard: 'MISSING',
  dimension: 'MISSING',
  product_type: 'MISSING',
  dimension_unit: 'MISSING'
}
Failed to parse comparison for match 2436: {
  grade: 'MISSING',
  length: 'MISSING',
  material: 'MISSING',
  pressure: 'MISSING',
  standard: 'MISSING',
  dimension: 'MISSING',
  product_type: 'MISSING',
  dimension_unit: 'MISSING'
}
Failed to parse comparison for match 2437: {
  grade: 'MISSING',
  length: 'MISSING',
  material: 'MISSING',
  pressure: 'MISSING',
  standard: 'MISSING',
  dimension: 'MISSING',
  product_type: 'MISSING',
  dimension_unit: 'MISSING'
}
Failed to parse comparison for match 2438: {
  grade: 'MISSING',
  length: 'MISSING',
  material: 'MISSING',
  pressure: 'MISSING',
  standard: 'MISSING',
  dimension: 'MISSING',
  product_type: 'MISSING',
  dimension_unit: 'MISSING'
}
Failed to parse comparison for match 2439: {
  grade: 'MISSING',
  length: 'MISSING',
  material: 'MISSING',
  pressure: 'MISSING',
  standard: 'MISSING',
  dimension: 'MISSING',
  product_type: 'MISSING',
  dimension_unit: 'MISSING'
}
Failed to parse comparison for match 2440: {
  grade: 'MISSING',
  length: 'MISSING',
  material: 'MISSING',
  pressure: 'MISSING',
  standard: 'MISSING',
  dimension: 'MISSING',
  product_type: 'MISSING',
  dimension_unit: 'MISSING'
}
Failed to parse comparison for match 2441: {
  grade: 'MISSING',
  length: 'MISSING',
  material: 'MISSING',
  pressure: 'MISSING',
  standard: 'MISSING',
  dimension: 'MISSING',
  product_type: 'MISSING',
  dimension_unit: 'MISSING'
}
Failed to parse comparison for match 2442: {
  grade: 'MISSING',
  length: 'MISSING',
  material: 'MISSING',
  pressure: 'MISSING',
  standard: 'MISSING',
  dimension: 'MISSING',
  product_type: 'MISSING',
  dimension_unit: 'MISSING'
}
Failed to parse comparison for match 2443: {
  grade: 'MISSING',
  length: 'MISSING',
  material: 'MISSING',
  pressure: 'MISSING',
  standard: 'MISSING',
  dimension: 'MISSING',
  product_type: 'MISSING',
  dimension_unit: 'MISSING'
}
Failed to parse comparison for match 2444: {
  grade: 'MISSING',
  length: 'MISSING',
  material: 'MISSING',
  pressure: 'MISSING',
  standard: 'MISSING',
  dimension: 'MISSING',
  product_type: 'MISSING',
  dimension_unit: 'MISSING'
}
Failed to parse comparison for match 2445: {
  grade: 'MISSING',
  length: 'MISSING',
  material: 'MISSING',
  pressure: 'MISSING',
  standard: 'MISSING',
  dimension: 'MISSING',
  product_type: 'MISSING',
  dimension_unit: 'MISSING'
}
Failed to parse comparison for match 2446: {
  grade: 'MISSING',
  length: 'MISSING',
  material: 'MISSING',
  pressure: 'MISSING',
  standard: 'MISSING',
  dimension: 'MISSING',
  product_type: 'MISSING',
  dimension_unit: 'MISSING'
}
Failed to parse comparison for match 2447: {
  grade: 'MISSING',
  length: 'MISSING',
  material: 'MISSING',
  pressure: 'MISSING',
  standard: 'MISSING',
  dimension: 'MISSING',
  product_type: 'MISSING',
  dimension_unit: 'MISSING'
}
Failed to parse comparison for match 2448: {
  grade: 'MISSING',
  length: 'MISSING',
  material: 'MISSING',
  pressure: 'MISSING',
  standard: 'MISSING',
  dimension: 'MISSING',
  product_type: 'MISSING',
  dimension_unit: 'MISSING'
}
Failed to parse comparison for match 2449: {
  grade: 'MISSING',
  length: 'MISSING',
  material: 'MISSING',
  pressure: 'MISSING',
  standard: 'MISSING',
  dimension: 'MISSING',
  product_type: 'MISSING',
  dimension_unit: 'MISSING'
}
Failed to parse comparison for match 2450: {
  grade: 'MISSING',
  length: 'MISSING',
  material: 'MISSING',
  pressure: 'MISSING',
  standard: 'MISSING',
  dimension: 'MISSING',
  product_type: 'MISSING',
  dimension_unit: 'MISSING'
}
Failed to parse comparison for match 2451: {
  grade: 'MISSING',
  length: 'MISSING',
  material: 'MISSING',
  pressure: 'MISSING',
  standard: 'MISSING',
  dimension: 'MISSING',
  product_type: 'MISSING',
  dimension_unit: 'MISSING'
}
Failed to parse comparison for match 2452: {
  grade: 'MISSING',
  length: 'MISSING',
  material: 'MISSING',
  pressure: 'MISSING',
  standard: 'MISSING',
  dimension: 'MISSING',
  product_type: 'MISSING',
  dimension_unit: 'MISSING'
}
Failed to parse comparison for match 2453: {
  grade: 'MISSING',
  length: 'MISSING',
  material: 'MISSING',
  pressure: 'MISSING',
  standard: 'MISSING',
  dimension: 'MISSING',
  product_type: 'MISSING',
  dimension_unit: 'MISSING'
}
Failed to parse comparison for match 2454: {
  grade: 'MISSING',
  length: 'MISSING',
  material: 'MISSING',
  pressure: 'MISSING',
  standard: 'MISSING',
  dimension: 'MISSING',
  product_type: 'MISSING',
  dimension_unit: 'MISSING'
}
Failed to parse comparison for match 2455: {
  grade: 'MISSING',
  length: 'MISSING',
  material: 'MISSING',
  pressure: 'MISSING',
  standard: 'MISSING',
  dimension: 'MISSING',
  product_type: 'MISSING',
  dimension_unit: 'MISSING'
}
Failed to parse comparison for match 2456: {
  grade: 'MISSING',
  length: 'MISSING',
  material: 'MISSING',
  pressure: 'MISSING',
  standard: 'MISSING',
  dimension: 'MISSING',
  product_type: 'MISSING',
  dimension_unit: 'MISSING'
}
Failed to parse comparison for match 2457: {
  grade: 'MISSING',
  length: 'MISSING',
  material: 'MISSING',
  pressure: 'MISSING',
  standard: 'MISSING',
  dimension: 'MISSING',
  product_type: 'MISSING',
  dimension_unit: 'MISSING'
}
Failed to parse comparison for match 2458: {
  grade: 'MISSING',
  length: 'MISSING',
  material: 'MISSING',
  pressure: 'MISSING',
  standard: 'MISSING',
  dimension: 'MISSING',
  product_type: 'MISSING',
  dimension_unit: 'MISSING'
}
Failed to parse comparison for match 2459: {
  grade: 'MISSING',
  length: 'MISSING',
  material: 'MISSING',
  pressure: 'MISSING',
  standard: 'MISSING',
  dimension: 'MISSING',
  product_type: 'MISSING',
  dimension_unit: 'MISSING'
}
Failed to parse comparison for match 2460: {
  grade: 'MISSING',
  length: 'MISSING',
  material: 'MISSING',
  pressure: 'MISSING',
  standard: 'MISSING',
  dimension: 'MISSING',
  product_type: 'MISSING',
  dimension_unit: 'MISSING'
}
Failed to parse comparison for match 2461: {
  grade: 'MISSING',
  length: 'MISSING',
  material: 'MISSING',
  pressure: 'MISSING',
  standard: 'MISSING',
  dimension: 'MISSING',
  product_type: 'MISSING',
  dimension_unit: 'MISSING'
}
Failed to parse comparison for match 2462: {
  grade: 'MISSING',
  length: 'MISSING',
  material: 'MISSING',
  pressure: 'MISSING',
  standard: 'MISSING',
  dimension: 'MISSING',
  product_type: 'MISSING',
  dimension_unit: 'MISSING'
}
Failed to parse comparison for match 2463: {
  grade: 'MISSING',
  length: 'MISSING',
  material: 'MISSING',
  pressure: 'MISSING',
  standard: 'MISSING',
  dimension: 'MISSING',
  product_type: 'MISSING',
  dimension_unit: 'MISSING'
}
Failed to parse comparison for match 2464: {
  grade: 'MISSING',
  length: 'MISSING',
  material: 'MISSING',
  pressure: 'MISSING',
  standard: 'MISSING',
  dimension: 'MISSING',
  product_type: 'MISSING',
  dimension_unit: 'MISSING'
}
Failed to parse comparison for match 2465: {
  grade: 'MISSING',
  length: 'MISSING',
  material: 'MISSING',
  pressure: 'MISSING',
  standard: 'MISSING',
  dimension: 'MISSING',
  product_type: 'MISSING',
  dimension_unit: 'MISSING'
}
Failed to parse comparison for match 2466: {
  grade: 'MISSING',
  length: 'MISSING',
  material: 'MISSING',
  pressure: 'MISSING',
  standard: 'MISSING',
  dimension: 'MISSING',
  product_type: 'MISSING',
  dimension_unit: 'MISSING'
}
Failed to parse comparison for match 2467: {
  grade: 'MISSING',
  length: 'MISSING',
  material: 'MISSING',
  pressure: 'MISSING',
  standard: 'MISSING',
  dimension: 'MISSING',
  product_type: 'MISSING',
  dimension_unit: 'MISSING'
}
Failed to parse comparison for match 2468: {
  grade: 'MISSING',
  length: 'MISSING',
  material: 'MISSING',
  pressure: 'MISSING',
  standard: 'MISSING',
  dimension: 'MISSING',
  product_type: 'MISSING',
  dimension_unit: 'MISSING'
}
Failed to parse comparison for match 2469: {
  grade: 'MISSING',
  length: 'MISSING',
  material: 'MISSING',
  pressure: 'MISSING',
  standard: 'MISSING',
  dimension: 'MISSING',
  product_type: 'MISSING',
  dimension_unit: 'MISSING'
}
Failed to parse comparison for match 2470: {
  grade: 'MISSING',
  length: 'MISSING',
  material: 'MISSING',
  pressure: 'MISSING',
  standard: 'MISSING',
  dimension: 'MISSING',
  product_type: 'MISSING',
  dimension_unit: 'MISSING'
}
Failed to parse comparison for match 2471: {
  grade: 'MISSING',
  length: 'MISSING',
  material: 'MISSING',
  pressure: 'MISSING',
  standard: 'MISSING',
  dimension: 'MISSING',
  product_type: 'MISSING',
  dimension_unit: 'MISSING'
}
Failed to parse comparison for match 2472: {
  grade: 'MISSING',
  length: 'MISSING',
  material: 'MISSING',
  pressure: 'MISSING',
  standard: 'MISSING',
  dimension: 'MISSING',
  product_type: 'MISSING',
  dimension_unit: 'MISSING'
}
Failed to parse comparison for match 2473: {
  grade: 'MISSING',
  length: 'MISSING',
  material: 'MISSING',
  pressure: 'MISSING',
  standard: 'MISSING',
  dimension: 'MISSING',
  product_type: 'MISSING',
  dimension_unit: 'MISSING'
}
Failed to parse comparison for match 2474: {
  grade: 'MISSING',
  length: 'MISSING',
  material: 'MISSING',
  pressure: 'MISSING',
  standard: 'MISSING',
  dimension: 'MISSING',
  product_type: 'MISSING',
  dimension_unit: 'MISSING'
}
Failed to parse comparison for match 2475: {
  grade: 'MISSING',
  length: 'MISSING',
  material: 'MISSING',
  pressure: 'MISSING',
  standard: 'MISSING',
  dimension: 'MISSING',
  product_type: 'MISSING',
  dimension_unit: 'MISSING'
}
Failed to parse comparison for match 2476: {
  grade: 'MISSING',
  length: 'MISSING',
  material: 'MISSING',
  pressure: 'MISSING',
  standard: 'MISSING',
  dimension: 'MISSING',
  product_type: 'MISSING',
  dimension_unit: 'MISSING'
}
Failed to parse comparison for match 2477: {
  grade: 'MISSING',
  length: 'MISSING',
  material: 'MISSING',
  pressure: 'MISSING',
  standard: 'MISSING',
  dimension: 'MISSING',
  product_type: 'MISSING',
  dimension_unit: 'MISSING'
}
Failed to parse comparison for match 2478: {
  grade: 'MISSING',
  length: 'MISSING',
  material: 'MISSING',
  pressure: 'MISSING',
  standard: 'MISSING',
  dimension: 'MISSING',
  product_type: 'MISSING',
  dimension_unit: 'MISSING'
}
Failed to parse comparison for match 2479: {
  grade: 'MISSING',
  length: 'MISSING',
  material: 'MISSING',
  pressure: 'MISSING',
  standard: 'MISSING',
  dimension: 'MISSING',
  product_type: 'MISSING',
  dimension_unit: 'MISSING'
}
Failed to parse comparison for match 2480: {
  grade: 'MISSING',
  length: 'MISSING',
  material: 'MISSING',
  pressure: 'MISSING',
  standard: 'MISSING',
  dimension: 'MISSING',
  product_type: 'MISSING',
  dimension_unit: 'MISSING'
}
Failed to parse comparison for match 2481: {
  grade: 'MISSING',
  length: 'MISSING',
  material: 'MISSING',
  pressure: 'MISSING',
  standard: 'MISSING',
  dimension: 'MISSING',
  product_type: 'MISSING',
  dimension_unit: 'MISSING'
}
Failed to parse comparison for match 2482: {
  grade: 'MISSING',
  length: 'MISSING',
  material: 'MISSING',
  pressure: 'MISSING',
  standard: 'MISSING',
  dimension: 'MISSING',
  product_type: 'MISSING',
  dimension_unit: 'MISSING'
}
Failed to parse comparison for match 2483: {
  grade: 'MISSING',
  length: 'MISSING',
  material: 'MISSING',
  pressure: 'MISSING',
  standard: 'MISSING',
  dimension: 'MISSING',
  product_type: 'MISSING',
  dimension_unit: 'MISSING'
}
Failed to parse comparison for match 2484: {
  grade: 'MISSING',
  length: 'MISSING',
  material: 'MISSING',
  pressure: 'MISSING',
  standard: 'MISSING',
  dimension: 'MISSING',
  product_type: 'MISSING',
  dimension_unit: 'MISSING'
}
Failed to parse comparison for match 2485: {
  grade: 'MISSING',
  length: 'MISSING',
  material: 'MISSING',
  pressure: 'MISSING',
  standard: 'MISSING',
  dimension: 'MISSING',
  product_type: 'MISSING',
  dimension_unit: 'MISSING'
}
Failed to parse comparison for match 2486: {
  grade: 'MISSING',
  length: 'MISSING',
  material: 'MISSING',
  pressure: 'MISSING',
  standard: 'MISSING',
  dimension: 'MISSING',
  product_type: 'MISSING',
  dimension_unit: 'MISSING'
}
Failed to parse comparison for match 2487: {
  grade: 'MISSING',
  length: 'MISSING',
  material: 'MISSING',
  pressure: 'MISSING',
  standard: 'MISSING',
  dimension: 'MISSING',
  product_type: 'MISSING',
  dimension_unit: 'MISSING'
}
Failed to parse comparison for match 2488: {
  grade: 'MISSING',
  length: 'MISSING',
  material: 'MISSING',
  pressure: 'MISSING',
  standard: 'MISSING',
  dimension: 'MISSING',
  product_type: 'MISSING',
  dimension_unit: 'MISSING'
}
Failed to parse comparison for match 2489: {
  grade: 'MISSING',
  length: 'MISSING',
  material: 'MISSING',
  pressure: 'MISSING',
  standard: 'MISSING',
  dimension: 'MISSING',
  product_type: 'MISSING',
  dimension_unit: 'MISSING'
}
Failed to parse comparison for match 2490: {
  grade: 'MISSING',
  length: 'MISSING',
  material: 'MISSING',
  pressure: 'MISSING',
  standard: 'MISSING',
  dimension: 'MISSING',
  product_type: 'MISSING',
  dimension_unit: 'MISSING'
}
Failed to parse comparison for match 2491: {
  grade: 'MISSING',
  length: 'MISSING',
  material: 'MISSING',
  pressure: 'MISSING',
  standard: 'MISSING',
  dimension: 'MISSING',
  product_type: 'MISSING',
  dimension_unit: 'MISSING'
}
Failed to parse comparison for match 2492: {
  grade: 'MISSING',
  length: 'MISSING',
  material: 'MISSING',
  pressure: 'MISSING',
  standard: 'MISSING',
  dimension: 'MISSING',
  product_type: 'MISSING',
  dimension_unit: 'MISSING'
}
Failed to parse comparison for match 2493: {
  grade: 'MISSING',
  length: 'MISSING',
  material: 'MISSING',
  pressure: 'MISSING',
  standard: 'MISSING',
  dimension: 'MISSING',
  product_type: 'MISSING',
  dimension_unit: 'MISSING'
}
Failed to parse comparison for match 2494: {
  grade: 'MISSING',
  length: 'MISSING',
  material: 'MISSING',
  pressure: 'MISSING',
  standard: 'MISSING',
  dimension: 'MISSING',
  product_type: 'MISSING',
  dimension_unit: 'MISSING'
}
Failed to parse comparison for match 2495: {
  grade: 'MISSING',
  length: 'MISSING',
  material: 'MISSING',
  pressure: 'MISSING',
  standard: 'MISSING',
  dimension: 'MISSING',
  product_type: 'MISSING',
  dimension_unit: 'MISSING'
}
Failed to parse comparison for match 2496: {
  grade: 'MISSING',
  length: 'MISSING',
  material: 'MISSING',
  pressure: 'MISSING',
  standard: 'MISSING',
  dimension: 'MISSING',
  product_type: 'MISSING',
  dimension_unit: 'MISSING'
}
Failed to parse comparison for match 2497: {
  grade: 'MISSING',
  length: 'MISSING',
  material: 'MISSING',
  pressure: 'MISSING',
  standard: 'MISSING',
  dimension: 'MISSING',
  product_type: 'MISSING',
  dimension_unit: 'MISSING'
}
Failed to parse comparison for match 2498: {
  grade: 'MISSING',
  length: 'MISSING',
  material: 'MISSING',
  pressure: 'MISSING',
  standard: 'MISSING',
  dimension: 'MISSING',
  product_type: 'MISSING',
  dimension_unit: 'MISSING'
}
Failed to parse comparison for match 2499: {
  grade: 'MISSING',
  length: 'MISSING',
  material: 'MISSING',
  pressure: 'MISSING',
  standard: 'MISSING',
  dimension: 'MISSING',
  product_type: 'MISSING',
  dimension_unit: 'MISSING'
}
Failed to parse comparison for match 2500: {
  grade: 'MISSING',
  length: 'MISSING',
  material: 'MISSING',
  pressure: 'MISSING',
  standard: 'MISSING',
  dimension: 'MISSING',
  product_type: 'MISSING',
  dimension_unit: 'MISSING'
}
Failed to parse comparison for match 2501: {
  grade: 'MISSING',
  length: 'MISSING',
  material: 'MISSING',
  pressure: 'MISSING',
  standard: 'MISSING',
  dimension: 'MISSING',
  product_type: 'MISSING',
  dimension_unit: 'MISSING'
}
Failed to parse comparison for match 2502: {
  grade: 'MISSING',
  length: 'MISSING',
  material: 'MISSING',
  pressure: 'MISSING',
  standard: 'MISSING',
  dimension: 'MISSING',
  product_type: 'MISSING',
  dimension_unit: 'MISSING'
}
Failed to parse comparison for match 2503: {
  grade: 'MISSING',
  length: 'MISSING',
  material: 'MISSING',
  pressure: 'MISSING',
  standard: 'MISSING',
  dimension: 'MISSING',
  product_type: 'MISSING',
  dimension_unit: 'MISSING'
}
Failed to parse comparison for match 2504: {
  grade: 'MISSING',
  length: 'MISSING',
  material: 'MISSING',
  pressure: 'MISSING',
  standard: 'MISSING',
  dimension: 'MISSING',
  product_type: 'MISSING',
  dimension_unit: 'MISSING'
}
Failed to parse comparison for match 2505: {
  grade: 'MISSING',
  length: 'MISSING',
  material: 'MISSING',
  pressure: 'MISSING',
  standard: 'MISSING',
  dimension: 'MISSING',
  product_type: 'MISSING',
  dimension_unit: 'MISSING'
}
Failed to parse comparison for match 2506: {
  grade: 'MISSING',
  length: 'MISSING',
  material: 'MISSING',
  pressure: 'MISSING',
  standard: 'MISSING',
  dimension: 'MISSING',
  product_type: 'MISSING',
  dimension_unit: 'MISSING'
}
Failed to parse comparison for match 2507: {
  grade: 'MISSING',
  length: 'MISSING',
  material: 'MISSING',
  pressure: 'MISSING',
  standard: 'MISSING',
  dimension: 'MISSING',
  product_type: 'MISSING',
  dimension_unit: 'MISSING'
}
Failed to parse comparison for match 2508: {
  grade: 'MISSING',
  length: 'MISSING',
  material: 'MISSING',
  pressure: 'MISSING',
  standard: 'MISSING',
  dimension: 'MISSING',
  product_type: 'MISSING',
  dimension_unit: 'MISSING'
}
Failed to parse comparison for match 2509: {
  grade: 'MISSING',
  length: 'MISSING',
  material: 'MISSING',
  pressure: 'MISSING',
  standard: 'MISSING',
  dimension: 'MISSING',
  product_type: 'MISSING',
  dimension_unit: 'MISSING'
}
Failed to parse comparison for match 2510: {
  grade: 'MISSING',
  length: 'MISSING',
  material: 'MISSING',
  pressure: 'MISSING',
  standard: 'MISSING',
  dimension: 'MISSING',
  product_type: 'MISSING',
  dimension_unit: 'MISSING'
}
Failed to parse comparison for match 2511: {
  grade: 'MISSING',
  length: 'MISSING',
  material: 'MISSING',
  pressure: 'MISSING',
  standard: 'MISSING',
  dimension: 'MISSING',
  product_type: 'MISSING',
  dimension_unit: 'MISSING'
}
Failed to parse comparison for match 2512: {
  grade: 'MISSING',
  length: 'MISSING',
  material: 'MISSING',
  pressure: 'MISSING',
  standard: 'MISSING',
  dimension: 'MISSING',
  product_type: 'MISSING',
  dimension_unit: 'MISSING'
}
Failed to parse comparison for match 2513: {
  grade: 'MISSING',
  length: 'MISSING',
  material: 'MISSING',
  pressure: 'MISSING',
  standard: 'MISSING',
  dimension: 'MISSING',
  product_type: 'MISSING',
  dimension_unit: 'MISSING'
}
Failed to parse comparison for match 2514: {
  grade: 'MISSING',
  length: 'MISSING',
  material: 'MISSING',
  pressure: 'MISSING',
  standard: 'MISSING',
  dimension: 'MISSING',
  product_type: 'MISSING',
  dimension_unit: 'MISSING'
}
Failed to parse comparison for match 2515: {
  grade: 'MISSING',
  length: 'MISSING',
  material: 'MISSING',
  pressure: 'MISSING',
  standard: 'MISSING',
  dimension: 'MISSING',
  product_type: 'MISSING',
  dimension_unit: 'MISSING'
}
Failed to parse comparison for match 3748: {
  grade: 'MISSING',
  length: 'MISSING',
  material: 'MISSING',
  pressure: 'MISSING',
  standard: 'MISSING',
  dimension: 'MISSING',
  product_type: 'MISSING',
  dimension_unit: 'MISSING'
}
Failed to parse comparison for match 3749: {
  grade: 'MISSING',
  length: 'MISSING',
  material: 'MISSING',
  pressure: 'MISSING',
  standard: 'MISSING',
  dimension: 'MISSING',
  product_type: 'MISSING',
  dimension_unit: 'MISSING'
}
Failed to parse comparison for match 3750: {
  grade: 'MISSING',
  length: 'MISSING',
  material: 'MISSING',
  pressure: 'MISSING',
  standard: 'MISSING',
  dimension: 'MISSING',
  product_type: 'MISSING',
  dimension_unit: 'MISSING'
}
Failed to parse comparison for match 3751: {
  grade: 'MISSING',
  length: 'MISSING',
  material: 'MISSING',
  pressure: 'MISSING',
  standard: 'MISSING',
  dimension: 'MISSING',
  product_type: 'MISSING',
  dimension_unit: 'MISSING'
}
Failed to parse comparison for match 3752: {
  grade: 'MISSING',
  length: 'MISSING',
  material: 'MISSING',
  pressure: 'MISSING',
  standard: 'MISSING',
  dimension: 'MISSING',
  product_type: 'MISSING',
  dimension_unit: 'MISSING'
}
Failed to parse comparison for match 3753: {
  grade: 'MISSING',
  length: 'MISSING',
  material: 'MISSING',
  pressure: 'MISSING',
  standard: 'MISSING',
  dimension: 'MISSING',
  product_type: 'MISSING',
  dimension_unit: 'MISSING'
}
Failed to parse comparison for match 3754: {
  grade: 'MISSING',
  length: 'MISSING',
  material: 'MISSING',
  pressure: 'MISSING',
  standard: 'MISSING',
  dimension: 'MISSING',
  product_type: 'MISSING',
  dimension_unit: 'MISSING'
}
Failed to parse comparison for match 3755: {
  grade: 'MISSING',
  length: 'MISSING',
  material: 'MISSING',
  pressure: 'MISSING',
  standard: 'MISSING',
  dimension: 'MISSING',
  product_type: 'MISSING',
  dimension_unit: 'MISSING'
}
Failed to parse comparison for match 3756: {
  grade: 'MISSING',
  length: 'MISSING',
  material: 'MISSING',
  pressure: 'MISSING',
  standard: 'MISSING',
  dimension: 'MISSING',
  product_type: 'MISSING',
  dimension_unit: 'MISSING'
}
Failed to parse comparison for match 3757: {
  grade: 'MISSING',
  length: 'MISSING',
  material: 'MISSING',
  pressure: 'MISSING',
  standard: 'MISSING',
  dimension: 'MISSING',
  product_type: 'MISSING',
  dimension_unit: 'MISSING'
}
Failed to parse comparison for match 3758: {
  grade: 'MISSING',
  length: 'MISSING',
  material: 'MISSING',
  pressure: 'MISSING',
  standard: 'MISSING',
  dimension: 'MISSING',
  product_type: 'MISSING',
  dimension_unit: 'MISSING'
}
Failed to parse comparison for match 3759: {
  grade: 'MISSING',
  length: 'MISSING',
  material: 'MISSING',
  pressure: 'MISSING',
  standard: 'MISSING',
  dimension: 'MISSING',
  product_type: 'MISSING',
  dimension_unit: 'MISSING'
}
Failed to parse comparison for match 3760: {
  grade: 'MISSING',
  length: 'MISSING',
  material: 'MISSING',
  pressure: 'MISSING',
  standard: 'MISSING',
  dimension: 'MISSING',
  product_type: 'MISSING',
  dimension_unit: 'MISSING'
}
Failed to parse comparison for match 3761: {
  grade: 'MISSING',
  length: 'MISSING',
  material: 'MISSING',
  pressure: 'MISSING',
  standard: 'MISSING',
  dimension: 'MISSING',
  product_type: 'MISSING',
  dimension_unit: 'MISSING'
}
Failed to parse comparison for match 3762: {
  grade: 'MISSING',
  length: 'MISSING',
  material: 'MISSING',
  pressure: 'MISSING',
  standard: 'MISSING',
  dimension: 'MISSING',
  product_type: 'MISSING',
  dimension_unit: 'MISSING'
}
Failed to parse comparison for match 3763: {
  grade: 'MISSING',
  length: 'MISSING',
  material: 'MISSING',
  pressure: 'MISSING',
  standard: 'MISSING',
  dimension: 'MISSING',
  product_type: 'MISSING',
  dimension_unit: 'MISSING'
}
Failed to parse comparison for match 3764: {
  grade: 'MISSING',
  length: 'MISSING',
  material: 'MISSING',
  pressure: 'MISSING',
  standard: 'MISSING',
  dimension: 'MISSING',
  product_type: 'MISSING',
  dimension_unit: 'MISSING'
}
Failed to parse comparison for match 3765: {
  grade: 'MISSING',
  length: 'MISSING',
  material: 'MISSING',
  pressure: 'MISSING',
  standard: 'MISSING',
  dimension: 'MISSING',
  product_type: 'MISSING',
  dimension_unit: 'MISSING'
}
Failed to parse comparison for match 3766: {
  grade: 'MISSING',
  length: 'MISSING',
  material: 'MISSING',
  pressure: 'MISSING',
  standard: 'MISSING',
  dimension: 'MISSING',
  product_type: 'MISSING',
  dimension_unit: 'MISSING'
}
Failed to parse comparison for match 3767: {
  grade: 'MISSING',
  length: 'MISSING',
  material: 'MISSING',
  pressure: 'MISSING',
  standard: 'MISSING',
  dimension: 'MISSING',
  product_type: 'MISSING',
  dimension_unit: 'MISSING'
}
Failed to parse comparison for match 3768: {
  grade: 'MISSING',
  length: 'MISSING',
  material: 'MISSING',
  pressure: 'MISSING',
  standard: 'MISSING',
  dimension: 'MISSING',
  product_type: 'MISSING',
  dimension_unit: 'MISSING'
}
Failed to parse comparison for match 3769: {
  grade: 'MISSING',
  length: 'MISSING',
  material: 'MISSING',
  pressure: 'MISSING',
  standard: 'MISSING',
  dimension: 'MISSING',
  product_type: 'MISSING',
  dimension_unit: 'MISSING'
}
Failed to parse comparison for match 3770: {
  grade: 'MISSING',
  length: 'MISSING',
  material: 'MISSING',
  pressure: 'MISSING',
  standard: 'MISSING',
  dimension: 'MISSING',
  product_type: 'MISSING',
  dimension_unit: 'MISSING'
}
Failed to parse comparison for match 3771: {
  grade: 'MISSING',
  length: 'MISSING',
  material: 'MISSING',
  pressure: 'MISSING',
  standard: 'MISSING',
  dimension: 'MISSING',
  product_type: 'MISSING',
  dimension_unit: 'MISSING'
}
Failed to parse comparison for match 3772: {
  grade: 'MISSING',
  length: 'MISSING',
  material: 'MISSING',
  pressure: 'MISSING',
  standard: 'MISSING',
  dimension: 'MISSING',
  product_type: 'MISSING',
  dimension_unit: 'MISSING'
}
Failed to parse comparison for match 3773: {
  grade: 'MISSING',
  length: 'MISSING',
  material: 'MISSING',
  pressure: 'MISSING',
  standard: 'MISSING',
  dimension: 'MISSING',
  product_type: 'MISSING',
  dimension_unit: 'MISSING'
}
Failed to parse comparison for match 3774: {
  grade: 'MISSING',
  length: 'MISSING',
  material: 'MISSING',
  pressure: 'MISSING',
  standard: 'MISSING',
  dimension: 'MISSING',
  product_type: 'MISSING',
  dimension_unit: 'MISSING'
}
Failed to parse comparison for match 3775: {
  grade: 'MISSING',
  length: 'MISSING',
  material: 'MISSING',
  pressure: 'MISSING',
  standard: 'MISSING',
  dimension: 'MISSING',
  product_type: 'MISSING',
  dimension_unit: 'MISSING'
}
Failed to parse comparison for match 3776: {
  grade: 'MISSING',
  length: 'MISSING',
  material: 'MISSING',
  pressure: 'MISSING',
  standard: 'MISSING',
  dimension: 'MISSING',
  product_type: 'MISSING',
  dimension_unit: 'MISSING'
}
Failed to parse comparison for match 3777: {
  grade: 'MISSING',
  length: 'MISSING',
  material: 'MISSING',
  pressure: 'MISSING',
  standard: 'MISSING',
  dimension: 'MISSING',
  product_type: 'MISSING',
  dimension_unit: 'MISSING'
}
Failed to parse comparison for match 3778: {
  grade: 'MISSING',
  length: 'MISSING',
  material: 'MISSING',
  pressure: 'MISSING',
  standard: 'MISSING',
  dimension: 'MISSING',
  product_type: 'MISSING',
  dimension_unit: 'MISSING'
}
Failed to parse comparison for match 3779: {
  grade: 'MISSING',
  length: 'MISSING',
  material: 'MISSING',
  pressure: 'MISSING',
  standard: 'MISSING',
  dimension: 'MISSING',
  product_type: 'MISSING',
  dimension_unit: 'MISSING'
}
Failed to parse comparison for match 3780: {
  grade: 'MISSING',
  length: 'MISSING',
  material: 'MISSING',
  pressure: 'MISSING',
  standard: 'MISSING',
  dimension: 'MISSING',
  product_type: 'MISSING',
  dimension_unit: 'MISSING'
}
Failed to parse comparison for match 3781: {
  grade: 'MISSING',
  length: 'MISSING',
  material: 'MISSING',
  pressure: 'MISSING',
  standard: 'MISSING',
  dimension: 'MISSING',
  product_type: 'MISSING',
  dimension_unit: 'MISSING'
}
Failed to parse comparison for match 3782: {
  grade: 'MISSING',
  length: 'MISSING',
  material: 'MISSING',
  pressure: 'MISSING',
  standard: 'MISSING',
  dimension: 'MISSING',
  product_type: 'MISSING',
  dimension_unit: 'MISSING'
}
Failed to parse comparison for match 3783: {
  grade: 'MISSING',
  length: 'MISSING',
  material: 'MISSING',
  pressure: 'MISSING',
  standard: 'MISSING',
  dimension: 'MISSING',
  product_type: 'MISSING',
  dimension_unit: 'MISSING'
}
Failed to parse comparison for match 3784: {
  grade: 'MISSING',
  length: 'MISSING',
  material: 'MISSING',
  pressure: 'MISSING',
  standard: 'MISSING',
  dimension: 'MISSING',
  product_type: 'MISSING',
  dimension_unit: 'MISSING'
}
Failed to parse comparison for match 2516: {
  grade: 'MISSING',
  length: 'MISSING',
  material: 'MISSING',
  pressure: 'MISSING',
  standard: 'MISSING',
  dimension: 'MISSING',
  product_type: 'MISSING',
  dimension_unit: 'MISSING'
}
Failed to parse comparison for match 2517: {
  grade: 'MISSING',
  length: 'MISSING',
  material: 'MISSING',
  pressure: 'MISSING',
  standard: 'MISSING',
  dimension: 'MISSING',
  product_type: 'MISSING',
  dimension_unit: 'MISSING'
}
Failed to parse comparison for match 2518: {
  grade: 'MISSING',
  length: 'MISSING',
  material: 'MISSING',
  pressure: 'MISSING',
  standard: 'MISSING',
  dimension: 'MISSING',
  product_type: 'MISSING',
  dimension_unit: 'MISSING'
}
Failed to parse comparison for match 2519: {
  grade: 'MISSING',
  length: 'MISSING',
  material: 'MISSING',
  pressure: 'MISSING',
  standard: 'MISSING',
  dimension: 'MISSING',
  product_type: 'MISSING',
  dimension_unit: 'MISSING'
}
Failed to parse comparison for match 2520: {
  grade: 'MISSING',
  length: 'MISSING',
  material: 'MISSING',
  pressure: 'MISSING',
  standard: 'MISSING',
  dimension: 'MISSING',
  product_type: 'MISSING',
  dimension_unit: 'MISSING'
}
Failed to parse comparison for match 2521: {
  grade: 'MISSING',
  length: 'MISSING',
  material: 'MISSING',
  pressure: 'MISSING',
  standard: 'MISSING',
  dimension: 'MISSING',
  product_type: 'MISSING',
  dimension_unit: 'MISSING'
}
Failed to parse comparison for match 2522: {
  grade: 'MISSING',
  length: 'MISSING',
  material: 'MISSING',
  pressure: 'MISSING',
  standard: 'MISSING',
  dimension: 'MISSING',
  product_type: 'MISSING',
  dimension_unit: 'MISSING'
}
Failed to parse comparison for match 2523: {
  grade: 'MISSING',
  length: 'MISSING',
  material: 'MISSING',
  pressure: 'MISSING',
  standard: 'MISSING',
  dimension: 'MISSING',
  product_type: 'MISSING',
  dimension_unit: 'MISSING'
}
Failed to parse comparison for match 2524: {
  grade: 'MISSING',
  length: 'MISSING',
  material: 'MISSING',
  pressure: 'MISSING',
  standard: 'MISSING',
  dimension: 'MISSING',
  product_type: 'MISSING',
  dimension_unit: 'MISSING'
}
Failed to parse comparison for match 2525: {
  grade: 'MISSING',
  length: 'MISSING',
  material: 'MISSING',
  pressure: 'MISSING',
  standard: 'MISSING',
  dimension: 'MISSING',
  product_type: 'MISSING',
  dimension_unit: 'MISSING'
}
Failed to parse comparison for match 2526: {
  grade: 'MISSING',
  length: 'MISSING',
  material: 'MISSING',
  pressure: 'MISSING',
  standard: 'MISSING',
  dimension: 'MISSING',
  product_type: 'MISSING',
  dimension_unit: 'MISSING'
}
Failed to parse comparison for match 2527: {
  grade: 'MISSING',
  length: 'MISSING',
  material: 'MISSING',
  pressure: 'MISSING',
  standard: 'MISSING',
  dimension: 'MISSING',
  product_type: 'MISSING',
  dimension_unit: 'MISSING'
}
Failed to parse comparison for match 2528: {
  grade: 'MISSING',
  length: 'MISSING',
  material: 'MISSING',
  pressure: 'MISSING',
  standard: 'MISSING',
  dimension: 'MISSING',
  product_type: 'MISSING',
  dimension_unit: 'MISSING'
}
Failed to parse comparison for match 2529: {
  grade: 'MISSING',
  length: 'MISSING',
  material: 'MISSING',
  pressure: 'MISSING',
  standard: 'MISSING',
  dimension: 'MISSING',
  product_type: 'MISSING',
  dimension_unit: 'MISSING'
}
Failed to parse comparison for match 2530: {
  grade: 'MISSING',
  length: 'MISSING',
  material: 'MISSING',
  pressure: 'MISSING',
  standard: 'MISSING',
  dimension: 'MISSING',
  product_type: 'MISSING',
  dimension_unit: 'MISSING'
}
Failed to parse comparison for match 2531: {
  grade: 'MISSING',
  length: 'MISSING',
  material: 'MISSING',
  pressure: 'MISSING',
  standard: 'MISSING',
  dimension: 'MISSING',
  product_type: 'MISSING',
  dimension_unit: 'MISSING'
}
Failed to parse comparison for match 2532: {
  grade: 'MISSING',
  length: 'MISSING',
  material: 'MISSING',
  pressure: 'MISSING',
  standard: 'MISSING',
  dimension: 'MISSING',
  product_type: 'MISSING',
  dimension_unit: 'MISSING'
}
Failed to parse comparison for match 2533: {
  grade: 'MISSING',
  length: 'MISSING',
  material: 'MISSING',
  pressure: 'MISSING',
  standard: 'MISSING',
  dimension: 'MISSING',
  product_type: 'MISSING',
  dimension_unit: 'MISSING'
}
Failed to parse comparison for match 2534: {
  grade: 'MISSING',
  length: 'MISSING',
  material: 'MISSING',
  pressure: 'MISSING',
  standard: 'MISSING',
  dimension: 'MISSING',
  product_type: 'MISSING',
  dimension_unit: 'MISSING'
}
Failed to parse comparison for match 2535: {
  grade: 'MISSING',
  length: 'MISSING',
  material: 'MISSING',
  pressure: 'MISSING',
  standard: 'MISSING',
  dimension: 'MISSING',
  product_type: 'MISSING',
  dimension_unit: 'MISSING'
}
Failed to parse comparison for match 2536: {
  grade: 'MISSING',
  length: 'MISSING',
  material: 'MISSING',
  pressure: 'MISSING',
  standard: 'MISSING',
  dimension: 'MISSING',
  product_type: 'MISSING',
  dimension_unit: 'MISSING'
}
Failed to parse comparison for match 2537: {
  grade: 'MISSING',
  length: 'MISSING',
  material: 'MISSING',
  pressure: 'MISSING',
  standard: 'MISSING',
  dimension: 'MISSING',
  product_type: 'MISSING',
  dimension_unit: 'MISSING'
}
Failed to parse comparison for match 2538: {
  grade: 'MISSING',
  length: 'MISSING',
  material: 'MISSING',
  pressure: 'MISSING',
  standard: 'MISSING',
  dimension: 'MISSING',
  product_type: 'MISSING',
  dimension_unit: 'MISSING'
}
Failed to parse comparison for match 2539: {
  grade: 'MISSING',
  length: 'MISSING',
  material: 'MISSING',
  pressure: 'MISSING',
  standard: 'MISSING',
  dimension: 'MISSING',
  product_type: 'MISSING',
  dimension_unit: 'MISSING'
}
Failed to parse comparison for match 2540: {
  grade: 'MISSING',
  length: 'MISSING',
  material: 'MISSING',
  pressure: 'MISSING',
  standard: 'MISSING',
  dimension: 'MISSING',
  product_type: 'MISSING',
  dimension_unit: 'MISSING'
}
Failed to parse comparison for match 2541: {
  grade: 'MISSING',
  length: 'MISSING',
  material: 'MISSING',
  pressure: 'MISSING',
  standard: 'MISSING',
  dimension: 'MISSING',
  product_type: 'MISSING',
  dimension_unit: 'MISSING'
}
Failed to parse comparison for match 2542: {
  grade: 'MISSING',
  length: 'MISSING',
  material: 'MISSING',
  pressure: 'MISSING',
  standard: 'MISSING',
  dimension: 'MISSING',
  product_type: 'MISSING',
  dimension_unit: 'MISSING'
}
Failed to parse comparison for match 2543: {
  grade: 'MISSING',
  length: 'MISSING',
  material: 'MISSING',
  pressure: 'MISSING',
  standard: 'MISSING',
  dimension: 'MISSING',
  product_type: 'MISSING',
  dimension_unit: 'MISSING'
}
Failed to parse comparison for match 2544: {
  grade: 'MISSING',
  length: 'MISSING',
  material: 'MISSING',
  pressure: 'MISSING',
  standard: 'MISSING',
  dimension: 'MISSING',
  product_type: 'MISSING',
  dimension_unit: 'MISSING'
}
Failed to parse comparison for match 2545: {
  grade: 'MISSING',
  length: 'MISSING',
  material: 'MISSING',
  pressure: 'MISSING',
  standard: 'MISSING',
  dimension: 'MISSING',
  product_type: 'MISSING',
  dimension_unit: 'MISSING'
}
Failed to parse comparison for match 2546: {
  grade: 'MISSING',
  length: 'MISSING',
  material: 'MISSING',
  pressure: 'MISSING',
  standard: 'MISSING',
  dimension: 'MISSING',
  product_type: 'MISSING',
  dimension_unit: 'MISSING'
}
Failed to parse comparison for match 2547: {
  grade: 'MISSING',
  length: 'MISSING',
  material: 'MISSING',
  pressure: 'MISSING',
  standard: 'MISSING',
  dimension: 'MISSING',
  product_type: 'MISSING',
  dimension_unit: 'MISSING'
}
Failed to parse comparison for match 2548: {
  grade: 'MISSING',
  length: 'MISSING',
  material: 'MISSING',
  pressure: 'MISSING',
  standard: 'MISSING',
  dimension: 'MISSING',
  product_type: 'MISSING',
  dimension_unit: 'MISSING'
}
Failed to parse comparison for match 2549: {
  grade: 'MISSING',
  length: 'MISSING',
  material: 'MISSING',
  pressure: 'MISSING',
  standard: 'MISSING',
  dimension: 'MISSING',
  product_type: 'MISSING',
  dimension_unit: 'MISSING'
}
Failed to parse comparison for match 2550: {
  grade: 'MISSING',
  length: 'MISSING',
  material: 'MISSING',
  pressure: 'MISSING',
  standard: 'MISSING',
  dimension: 'MISSING',
  product_type: 'MISSING',
  dimension_unit: 'MISSING'
}
Failed to parse comparison for match 2551: {
  grade: 'MISSING',
  length: 'MISSING',
  material: 'MISSING',
  pressure: 'MISSING',
  standard: 'MISSING',
  dimension: 'MISSING',
  product_type: 'MISSING',
  dimension_unit: 'MISSING'
}
Failed to parse comparison for match 2552: {
  grade: 'MISSING',
  length: 'MISSING',
  material: 'MISSING',
  pressure: 'MISSING',
  standard: 'MISSING',
  dimension: 'MISSING',
  product_type: 'MISSING',
  dimension_unit: 'MISSING'
}
Failed to parse comparison for match 2553: {
  grade: 'MISSING',
  length: 'MISSING',
  material: 'MISSING',
  pressure: 'MISSING',
  standard: 'MISSING',
  dimension: 'MISSING',
  product_type: 'MISSING',
  dimension_unit: 'MISSING'
}
Failed to parse comparison for match 2554: {
  grade: 'MISSING',
  length: 'MISSING',
  material: 'MISSING',
  pressure: 'MISSING',
  standard: 'MISSING',
  dimension: 'MISSING',
  product_type: 'MISSING',
  dimension_unit: 'MISSING'
}
Failed to parse comparison for match 2555: {
  grade: 'MISSING',
  length: 'MISSING',
  material: 'MISSING',
  pressure: 'MISSING',
  standard: 'MISSING',
  dimension: 'MISSING',
  product_type: 'MISSING',
  dimension_unit: 'MISSING'
}
Failed to parse comparison for match 2556: {
  grade: 'MISSING',
  length: 'MISSING',
  material: 'MISSING',
  pressure: 'MISSING',
  standard: 'MISSING',
  dimension: 'MISSING',
  product_type: 'MISSING',
  dimension_unit: 'MISSING'
}
Failed to parse comparison for match 2557: {
  grade: 'MISSING',
  length: 'MISSING',
  material: 'MISSING',
  pressure: 'MISSING',
  standard: 'MISSING',
  dimension: 'MISSING',
  product_type: 'MISSING',
  dimension_unit: 'MISSING'
}
Failed to parse comparison for match 2558: {
  grade: 'MISSING',
  length: 'MISSING',
  material: 'MISSING',
  pressure: 'MISSING',
  standard: 'MISSING',
  dimension: 'MISSING',
  product_type: 'MISSING',
  dimension_unit: 'MISSING'
}
Failed to parse comparison for match 2559: {
  grade: 'MISSING',
  length: 'MISSING',
  material: 'MISSING',
  pressure: 'MISSING',
  standard: 'MISSING',
  dimension: 'MISSING',
  product_type: 'MISSING',
  dimension_unit: 'MISSING'
}
Failed to parse comparison for match 2560: {
  grade: 'MISSING',
  length: 'MISSING',
  material: 'MISSING',
  pressure: 'MISSING',
  standard: 'MISSING',
  dimension: 'MISSING',
  product_type: 'MISSING',
  dimension_unit: 'MISSING'
}
Failed to parse comparison for match 2561: {
  grade: 'MISSING',
  length: 'MISSING',
  material: 'MISSING',
  pressure: 'MISSING',
  standard: 'MISSING',
  dimension: 'MISSING',
  product_type: 'MISSING',
  dimension_unit: 'MISSING'
}
Failed to parse comparison for match 2562: {
  grade: 'MISSING',
  length: 'MISSING',
  material: 'MISSING',
  pressure: 'MISSING',
  standard: 'MISSING',
  dimension: 'MISSING',
  product_type: 'MISSING',
  dimension_unit: 'MISSING'
}
Failed to parse comparison for match 2563: {
  grade: 'MISSING',
  length: 'MISSING',
  material: 'MISSING',
  pressure: 'MISSING',
  standard: 'MISSING',
  dimension: 'MISSING',
  product_type: 'MISSING',
  dimension_unit: 'MISSING'
}
Failed to parse comparison for match 2564: {
  grade: 'MISSING',
  length: 'MISSING',
  material: 'MISSING',
  pressure: 'MISSING',
  standard: 'MISSING',
  dimension: 'MISSING',
  product_type: 'MISSING',
  dimension_unit: 'MISSING'
}
Failed to parse comparison for match 2565: {
  grade: 'MISSING',
  length: 'MISSING',
  material: 'MISSING',
  pressure: 'MISSING',
  standard: 'MISSING',
  dimension: 'MISSING',
  product_type: 'MISSING',
  dimension_unit: 'MISSING'
}
Failed to parse comparison for match 2566: {
  grade: 'MISSING',
  length: 'MISSING',
  material: 'MISSING',
  pressure: 'MISSING',
  standard: 'MISSING',
  dimension: 'MISSING',
  product_type: 'MISSING',
  dimension_unit: 'MISSING'
}
Failed to parse comparison for match 2567: {
  grade: 'MISSING',
  length: 'MISSING',
  material: 'MISSING',
  pressure: 'MISSING',
  standard: 'MISSING',
  dimension: 'MISSING',
  product_type: 'MISSING',
  dimension_unit: 'MISSING'
}
Failed to parse comparison for match 2568: {
  grade: 'MISSING',
  length: 'MISSING',
  material: 'MISSING',
  pressure: 'MISSING',
  standard: 'MISSING',
  dimension: 'MISSING',
  product_type: 'MISSING',
  dimension_unit: 'MISSING'
}
Failed to parse comparison for match 2569: {
  grade: 'MISSING',
  length: 'MISSING',
  material: 'MISSING',
  pressure: 'MISSING',
  standard: 'MISSING',
  dimension: 'MISSING',
  product_type: 'MISSING',
  dimension_unit: 'MISSING'
}
Failed to parse comparison for match 2570: {
  grade: 'MISSING',
  length: 'MISSING',
  material: 'MISSING',
  pressure: 'MISSING',
  standard: 'MISSING',
  dimension: 'MISSING',
  product_type: 'MISSING',
  dimension_unit: 'MISSING'
}
Failed to parse comparison for match 2571: {
  grade: 'MISSING',
  length: 'MISSING',
  material: 'MISSING',
  pressure: 'MISSING',
  standard: 'MISSING',
  dimension: 'MISSING',
  product_type: 'MISSING',
  dimension_unit: 'MISSING'
}
Failed to parse comparison for match 2572: {
  grade: 'MISSING',
  length: 'MISSING',
  material: 'MISSING',
  pressure: 'MISSING',
  standard: 'MISSING',
  dimension: 'MISSING',
  product_type: 'MISSING',
  dimension_unit: 'MISSING'
}
Failed to parse comparison for match 2573: {
  grade: 'MISSING',
  length: 'MISSING',
  material: 'MISSING',
  pressure: 'MISSING',
  standard: 'MISSING',
  dimension: 'MISSING',
  product_type: 'MISSING',
  dimension_unit: 'MISSING'
}
Failed to parse comparison for match 2574: {
  grade: 'MISSING',
  length: 'MISSING',
  material: 'MISSING',
  pressure: 'MISSING',
  standard: 'MISSING',
  dimension: 'MISSING',
  product_type: 'MISSING',
  dimension_unit: 'MISSING'
}
Failed to parse comparison for match 2575: {
  grade: 'MISSING',
  length: 'MISSING',
  material: 'MISSING',
  pressure: 'MISSING',
  standard: 'MISSING',
  dimension: 'MISSING',
  product_type: 'MISSING',
  dimension_unit: 'MISSING'
}
Failed to parse comparison for match 2576: {
  grade: 'MISSING',
  length: 'MISSING',
  material: 'MISSING',
  pressure: 'MISSING',
  standard: 'MISSING',
  dimension: 'MISSING',
  product_type: 'MISSING',
  dimension_unit: 'MISSING'
}
Failed to parse comparison for match 2577: {
  grade: 'MISSING',
  length: 'MISSING',
  material: 'MISSING',
  pressure: 'MISSING',
  standard: 'MISSING',
  dimension: 'MISSING',
  product_type: 'MISSING',
  dimension_unit: 'MISSING'
}
Failed to parse comparison for match 2578: {
  grade: 'MISSING',
  length: 'MISSING',
  material: 'MISSING',
  pressure: 'MISSING',
  standard: 'MISSING',
  dimension: 'MISSING',
  product_type: 'MISSING',
  dimension_unit: 'MISSING'
}
Failed to parse comparison for match 2579: {
  grade: 'MISSING',
  length: 'MISSING',
  material: 'MISSING',
  pressure: 'MISSING',
  standard: 'MISSING',
  dimension: 'MISSING',
  product_type: 'MISSING',
  dimension_unit: 'MISSING'
}
Failed to parse comparison for match 2580: {
  grade: 'MISSING',
  length: 'MISSING',
  material: 'MISSING',
  pressure: 'MISSING',
  standard: 'MISSING',
  dimension: 'MISSING',
  product_type: 'MISSING',
  dimension_unit: 'MISSING'
}
Failed to parse comparison for match 2581: {
  grade: 'MISSING',
  length: 'MISSING',
  material: 'MISSING',
  pressure: 'MISSING',
  standard: 'MISSING',
  dimension: 'MISSING',
  product_type: 'MISSING',
  dimension_unit: 'MISSING'
}
Failed to parse comparison for match 2582: {
  grade: 'MISSING',
  length: 'MISSING',
  material: 'MISSING',
  pressure: 'MISSING',
  standard: 'MISSING',
  dimension: 'MISSING',
  product_type: 'MISSING',
  dimension_unit: 'MISSING'
}
Failed to parse comparison for match 2583: {
  grade: 'MISSING',
  length: 'MISSING',
  material: 'MISSING',
  pressure: 'MISSING',
  standard: 'MISSING',
  dimension: 'MISSING',
  product_type: 'MISSING',
  dimension_unit: 'MISSING'
}
Failed to parse comparison for match 2584: {
  grade: 'MISSING',
  length: 'MISSING',
  material: 'MISSING',
  pressure: 'MISSING',
  standard: 'MISSING',
  dimension: 'MISSING',
  product_type: 'MISSING',
  dimension_unit: 'MISSING'
}
Failed to parse comparison for match 2585: {
  grade: 'MISSING',
  length: 'MISSING',
  material: 'MISSING',
  pressure: 'MISSING',
  standard: 'MISSING',
  dimension: 'MISSING',
  product_type: 'MISSING',
  dimension_unit: 'MISSING'
}
Failed to parse comparison for match 2586: {
  grade: 'MISSING',
  length: 'MISSING',
  material: 'MISSING',
  pressure: 'MISSING',
  standard: 'MISSING',
  dimension: 'MISSING',
  product_type: 'MISSING',
  dimension_unit: 'MISSING'
}
Failed to parse comparison for match 2587: {
  grade: 'MISSING',
  length: 'MISSING',
  material: 'MISSING',
  pressure: 'MISSING',
  standard: 'MISSING',
  dimension: 'MISSING',
  product_type: 'MISSING',
  dimension_unit: 'MISSING'
}
Failed to parse comparison for match 2588: {
  grade: 'MISSING',
  length: 'MISSING',
  material: 'MISSING',
  pressure: 'MISSING',
  standard: 'MISSING',
  dimension: 'MISSING',
  product_type: 'MISSING',
  dimension_unit: 'MISSING'
}
Failed to parse comparison for match 2589: {
  grade: 'MISSING',
  length: 'MISSING',
  material: 'MISSING',
  pressure: 'MISSING',
  standard: 'MISSING',
  dimension: 'MISSING',
  product_type: 'MISSING',
  dimension_unit: 'MISSING'
}
Failed to parse comparison for match 2590: {
  grade: 'MISSING',
  length: 'MISSING',
  material: 'MISSING',
  pressure: 'MISSING',
  standard: 'MISSING',
  dimension: 'MISSING',
  product_type: 'MISSING',
  dimension_unit: 'MISSING'
}
Failed to parse comparison for match 2591: {
  grade: 'MISSING',
  length: 'MISSING',
  material: 'MISSING',
  pressure: 'MISSING',
  standard: 'MISSING',
  dimension: 'MISSING',
  product_type: 'MISSING',
  dimension_unit: 'MISSING'
}
Failed to parse comparison for match 2592: {
  grade: 'MISSING',
  length: 'MISSING',
  material: 'MISSING',
  pressure: 'MISSING',
  standard: 'MISSING',
  dimension: 'MISSING',
  product_type: 'MISSING',
  dimension_unit: 'MISSING'
}
Failed to parse comparison for match 2593: {
  grade: 'MISSING',
  length: 'MISSING',
  material: 'MISSING',
  pressure: 'MISSING',
  standard: 'MISSING',
  dimension: 'MISSING',
  product_type: 'MISSING',
  dimension_unit: 'MISSING'
}
Failed to parse comparison for match 2594: {
  grade: 'MISSING',
  length: 'MISSING',
  material: 'MISSING',
  pressure: 'MISSING',
  standard: 'MISSING',
  dimension: 'MISSING',
  product_type: 'MISSING',
  dimension_unit: 'MISSING'
}
Failed to parse comparison for match 2595: {
  grade: 'MISSING',
  length: 'MISSING',
  material: 'MISSING',
  pressure: 'MISSING',
  standard: 'MISSING',
  dimension: 'MISSING',
  product_type: 'MISSING',
  dimension_unit: 'MISSING'
}
Failed to parse comparison for match 2596: {
  grade: 'MISSING',
  length: 'MISSING',
  material: 'MISSING',
  pressure: 'MISSING',
  standard: 'MISSING',
  dimension: 'MISSING',
  product_type: 'MISSING',
  dimension_unit: 'MISSING'
}
Failed to parse comparison for match 2597: {
  grade: 'MISSING',
  length: 'MISSING',
  material: 'MISSING',
  pressure: 'MISSING',
  standard: 'MISSING',
  dimension: 'MISSING',
  product_type: 'MISSING',
  dimension_unit: 'MISSING'
}
Failed to parse comparison for match 2598: {
  grade: 'MISSING',
  length: 'MISSING',
  material: 'MISSING',
  pressure: 'MISSING',
  standard: 'MISSING',
  dimension: 'MISSING',
  product_type: 'MISSING',
  dimension_unit: 'MISSING'
}
Failed to parse comparison for match 2599: {
  grade: 'MISSING',
  length: 'MISSING',
  material: 'MISSING',
  pressure: 'MISSING',
  standard: 'MISSING',
  dimension: 'MISSING',
  product_type: 'MISSING',
  dimension_unit: 'MISSING'
}
Failed to parse comparison for match 2600: {
  grade: 'MISSING',
  length: 'MISSING',
  material: 'MISSING',
  pressure: 'MISSING',
  standard: 'MISSING',
  dimension: 'MISSING',
  product_type: 'MISSING',
  dimension_unit: 'MISSING'
}
Failed to parse comparison for match 2601: {
  grade: 'MISSING',
  length: 'MISSING',
  material: 'MISSING',
  pressure: 'MISSING',
  standard: 'MISSING',
  dimension: 'MISSING',
  product_type: 'MISSING',
  dimension_unit: 'MISSING'
}
Failed to parse comparison for match 2602: {
  grade: 'MISSING',
  length: 'MISSING',
  material: 'MISSING',
  pressure: 'MISSING',
  standard: 'MISSING',
  dimension: 'MISSING',
  product_type: 'MISSING',
  dimension_unit: 'MISSING'
}
Failed to parse comparison for match 2603: {
  grade: 'MISSING',
  length: 'MISSING',
  material: 'MISSING',
  pressure: 'MISSING',
  standard: 'MISSING',
  dimension: 'MISSING',
  product_type: 'MISSING',
  dimension_unit: 'MISSING'
}
Failed to parse comparison for match 2604: {
  grade: 'MISSING',
  length: 'MISSING',
  material: 'MISSING',
  pressure: 'MISSING',
  standard: 'MISSING',
  dimension: 'MISSING',
  product_type: 'MISSING',
  dimension_unit: 'MISSING'
}
Failed to parse comparison for match 2605: {
  grade: 'MISSING',
  length: 'MISSING',
  material: 'MISSING',
  pressure: 'MISSING',
  standard: 'MISSING',
  dimension: 'MISSING',
  product_type: 'MISSING',
  dimension_unit: 'MISSING'
}
Failed to parse comparison for match 2606: {
  grade: 'MISSING',
  length: 'MISSING',
  material: 'MISSING',
  pressure: 'MISSING',
  standard: 'MISSING',
  dimension: 'MISSING',
  product_type: 'MISSING',
  dimension_unit: 'MISSING'
}
Failed to parse comparison for match 2607: {
  grade: 'MISSING',
  length: 'MISSING',
  material: 'MISSING',
  pressure: 'MISSING',
  standard: 'MISSING',
  dimension: 'MISSING',
  product_type: 'MISSING',
  dimension_unit: 'MISSING'
}
Failed to parse comparison for match 2608: {
  grade: 'MISSING',
  length: 'MISSING',
  material: 'MISSING',
  pressure: 'MISSING',
  standard: 'MISSING',
  dimension: 'MISSING',
  product_type: 'MISSING',
  dimension_unit: 'MISSING'
}
Failed to parse comparison for match 2609: {
  grade: 'MISSING',
  length: 'MISSING',
  material: 'MISSING',
  pressure: 'MISSING',
  standard: 'MISSING',
  dimension: 'MISSING',
  product_type: 'MISSING',
  dimension_unit: 'MISSING'
}
Failed to parse comparison for match 2610: {
  grade: 'MISSING',
  length: 'MISSING',
  material: 'MISSING',
  pressure: 'MISSING',
  standard: 'MISSING',
  dimension: 'MISSING',
  product_type: 'MISSING',
  dimension_unit: 'MISSING'
}
Failed to parse comparison for match 2611: {
  grade: 'MISSING',
  length: 'MISSING',
  material: 'MISSING',
  pressure: 'MISSING',
  standard: 'MISSING',
  dimension: 'MISSING',
  product_type: 'MISSING',
  dimension_unit: 'MISSING'
}
Failed to parse comparison for match 2612: {
  grade: 'MISSING',
  length: 'MISSING',
  material: 'MISSING',
  pressure: 'MISSING',
  standard: 'MISSING',
  dimension: 'MISSING',
  product_type: 'MISSING',
  dimension_unit: 'MISSING'
}
Failed to parse comparison for match 2613: {
  grade: 'MISSING',
  length: 'MISSING',
  material: 'MISSING',
  pressure: 'MISSING',
  standard: 'MISSING',
  dimension: 'MISSING',
  product_type: 'MISSING',
  dimension_unit: 'MISSING'
}
Failed to parse comparison for match 2614: {
  grade: 'MISSING',
  length: 'MISSING',
  material: 'MISSING',
  pressure: 'MISSING',
  standard: 'MISSING',
  dimension: 'MISSING',
  product_type: 'MISSING',
  dimension_unit: 'MISSING'
}
Failed to parse comparison for match 2615: {
  grade: 'MISSING',
  length: 'MISSING',
  material: 'MISSING',
  pressure: 'MISSING',
  standard: 'MISSING',
  dimension: 'MISSING',
  product_type: 'MISSING',
  dimension_unit: 'MISSING'
}
Failed to parse comparison for match 2616: {
  grade: 'MISSING',
  length: 'MISSING',
  material: 'MISSING',
  pressure: 'MISSING',
  standard: 'MISSING',
  dimension: 'MISSING',
  product_type: 'MISSING',
  dimension_unit: 'MISSING'
}
Failed to parse comparison for match 2617: {
  grade: 'MISSING',
  length: 'MISSING',
  material: 'MISSING',
  pressure: 'MISSING',
  standard: 'MISSING',
  dimension: 'MISSING',
  product_type: 'MISSING',
  dimension_unit: 'MISSING'
}
Failed to parse comparison for match 2618: {
  grade: 'MISSING',
  length: 'MISSING',
  material: 'MISSING',
  pressure: 'MISSING',
  standard: 'MISSING',
  dimension: 'MISSING',
  product_type: 'MISSING',
  dimension_unit: 'MISSING'
}
Failed to parse comparison for match 2619: {
  grade: 'MISSING',
  length: 'MISSING',
  material: 'MISSING',
  pressure: 'MISSING',
  standard: 'MISSING',
  dimension: 'MISSING',
  product_type: 'MISSING',
  dimension_unit: 'MISSING'
}
Failed to parse comparison for match 2620: {
  grade: 'MISSING',
  length: 'MISSING',
  material: 'MISSING',
  pressure: 'MISSING',
  standard: 'MISSING',
  dimension: 'MISSING',
  product_type: 'MISSING',
  dimension_unit: 'MISSING'
}
Failed to parse comparison for match 2621: {
  grade: 'MISSING',
  length: 'MISSING',
  material: 'MISSING',
  pressure: 'MISSING',
  standard: 'MISSING',
  dimension: 'MISSING',
  product_type: 'MISSING',
  dimension_unit: 'MISSING'
}
Failed to parse comparison for match 2622: {
  grade: 'MISSING',
  length: 'MISSING',
  material: 'MISSING',
  pressure: 'MISSING',
  standard: 'MISSING',
  dimension: 'MISSING',
  product_type: 'MISSING',
  dimension_unit: 'MISSING'
}
Failed to parse comparison for match 2623: {
  grade: 'MISSING',
  length: 'MISSING',
  material: 'MISSING',
  pressure: 'MISSING',
  standard: 'MISSING',
  dimension: 'MISSING',
  product_type: 'MISSING',
  dimension_unit: 'MISSING'
}
Failed to parse comparison for match 2624: {
  grade: 'MISSING',
  length: 'MISSING',
  material: 'MISSING',
  pressure: 'MISSING',
  standard: 'MISSING',
  dimension: 'MISSING',
  product_type: 'MISSING',
  dimension_unit: 'MISSING'
}
Failed to parse comparison for match 2625: {
  grade: 'MISSING',
  length: 'MISSING',
  material: 'MISSING',
  pressure: 'MISSING',
  standard: 'MISSING',
  dimension: 'MISSING',
  product_type: 'MISSING',
  dimension_unit: 'MISSING'
}
Failed to parse comparison for match 2626: {
  grade: 'MISSING',
  length: 'MISSING',
  material: 'MISSING',
  pressure: 'MISSING',
  standard: 'MISSING',
  dimension: 'MISSING',
  product_type: 'MISSING',
  dimension_unit: 'MISSING'
}
Failed to parse comparison for match 2627: {
  grade: 'MISSING',
  length: 'MISSING',
  material: 'MISSING',
  pressure: 'MISSING',
  standard: 'MISSING',
  dimension: 'MISSING',
  product_type: 'MISSING',
  dimension_unit: 'MISSING'
}
Failed to parse comparison for match 2628: {
  grade: 'MISSING',
  length: 'MISSING',
  material: 'MISSING',
  pressure: 'MISSING',
  standard: 'MISSING',
  dimension: 'MISSING',
  product_type: 'MISSING',
  dimension_unit: 'MISSING'
}
Failed to parse comparison for match 2629: {
  grade: 'MISSING',
  length: 'MISSING',
  material: 'MISSING',
  pressure: 'MISSING',
  standard: 'MISSING',
  dimension: 'MISSING',
  product_type: 'MISSING',
  dimension_unit: 'MISSING'
}
Failed to parse comparison for match 2630: {
  grade: 'MISSING',
  length: 'MISSING',
  material: 'MISSING',
  pressure: 'MISSING',
  standard: 'MISSING',
  dimension: 'MISSING',
  product_type: 'MISSING',
  dimension_unit: 'MISSING'
}
Failed to parse comparison for match 2631: {
  grade: 'MISSING',
  length: 'MISSING',
  material: 'MISSING',
  pressure: 'MISSING',
  standard: 'MISSING',
  dimension: 'MISSING',
  product_type: 'MISSING',
  dimension_unit: 'MISSING'
}
Failed to parse comparison for match 2632: {
  grade: 'MISSING',
  length: 'MISSING',
  material: 'MISSING',
  pressure: 'MISSING',
  standard: 'MISSING',
  dimension: 'MISSING',
  product_type: 'MISSING',
  dimension_unit: 'MISSING'
}
Failed to parse comparison for match 2633: {
  grade: 'MISSING',
  length: 'MISSING',
  material: 'MISSING',
  pressure: 'MISSING',
  standard: 'MISSING',
  dimension: 'MISSING',
  product_type: 'MISSING',
  dimension_unit: 'MISSING'
}
Failed to parse comparison for match 2634: {
  grade: 'MISSING',
  length: 'MISSING',
  material: 'MISSING',
  pressure: 'MISSING',
  standard: 'MISSING',
  dimension: 'MISSING',
  product_type: 'MISSING',
  dimension_unit: 'MISSING'
}
Failed to parse comparison for match 2635: {
  grade: 'MISSING',
  length: 'MISSING',
  material: 'MISSING',
  pressure: 'MISSING',
  standard: 'MISSING',
  dimension: 'MISSING',
  product_type: 'MISSING',
  dimension_unit: 'MISSING'
}
Failed to parse comparison for match 2636: {
  grade: 'MISSING',
  length: 'MISSING',
  material: 'MISSING',
  pressure: 'MISSING',
  standard: 'MISSING',
  dimension: 'MISSING',
  product_type: 'MISSING',
  dimension_unit: 'MISSING'
}
Failed to parse comparison for match 2637: {
  grade: 'MISSING',
  length: 'MISSING',
  material: 'MISSING',
  pressure: 'MISSING',
  standard: 'MISSING',
  dimension: 'MISSING',
  product_type: 'MISSING',
  dimension_unit: 'MISSING'
}
Failed to parse comparison for match 2638: {
  grade: 'MISSING',
  length: 'MISSING',
  material: 'MISSING',
  pressure: 'MISSING',
  standard: 'MISSING',
  dimension: 'MISSING',
  product_type: 'MISSING',
  dimension_unit: 'MISSING'
}
Failed to parse comparison for match 2639: {
  grade: 'MISSING',
  length: 'MISSING',
  material: 'MISSING',
  pressure: 'MISSING',
  standard: 'MISSING',
  dimension: 'MISSING',
  product_type: 'MISSING',
  dimension_unit: 'MISSING'
}
Failed to parse comparison for match 2640: {
  grade: 'MISSING',
  length: 'MISSING',
  material: 'MISSING',
  pressure: 'MISSING',
  standard: 'MISSING',
  dimension: 'MISSING',
  product_type: 'MISSING',
  dimension_unit: 'MISSING'
}
Failed to parse comparison for match 2641: {
  grade: 'MISSING',
  length: 'MISSING',
  material: 'MISSING',
  pressure: 'MISSING',
  standard: 'MISSING',
  dimension: 'MISSING',
  product_type: 'MISSING',
  dimension_unit: 'MISSING'
}
Failed to parse comparison for match 2642: {
  grade: 'MISSING',
  length: 'MISSING',
  material: 'MISSING',
  pressure: 'MISSING',
  standard: 'MISSING',
  dimension: 'MISSING',
  product_type: 'MISSING',
  dimension_unit: 'MISSING'
}
Failed to parse comparison for match 2643: {
  grade: 'MISSING',
  length: 'MISSING',
  material: 'MISSING',
  pressure: 'MISSING',
  standard: 'MISSING',
  dimension: 'MISSING',
  product_type: 'MISSING',
  dimension_unit: 'MISSING'
}
Failed to parse comparison for match 2644: {
  grade: 'MISSING',
  length: 'MISSING',
  material: 'MISSING',
  pressure: 'MISSING',
  standard: 'MISSING',
  dimension: 'MISSING',
  product_type: 'MISSING',
  dimension_unit: 'MISSING'
}
Failed to parse comparison for match 2645: {
  grade: 'MISSING',
  length: 'MISSING',
  material: 'MISSING',
  pressure: 'MISSING',
  standard: 'MISSING',
  dimension: 'MISSING',
  product_type: 'MISSING',
  dimension_unit: 'MISSING'
}
Failed to parse comparison for match 2646: {
  grade: 'MISSING',
  length: 'MISSING',
  material: 'MISSING',
  pressure: 'MISSING',
  standard: 'MISSING',
  dimension: 'MISSING',
  product_type: 'MISSING',
  dimension_unit: 'MISSING'
}
Failed to parse comparison for match 2647: {
  grade: 'MISSING',
  length: 'MISSING',
  material: 'MISSING',
  pressure: 'MISSING',
  standard: 'MISSING',
  dimension: 'MISSING',
  product_type: 'MISSING',
  dimension_unit: 'MISSING'
}
Failed to parse comparison for match 2648: {
  grade: 'MISSING',
  length: 'MISSING',
  material: 'MISSING',
  pressure: 'MISSING',
  standard: 'MISSING',
  dimension: 'MISSING',
  product_type: 'MISSING',
  dimension_unit: 'MISSING'
}
Failed to parse comparison for match 2649: {
  grade: 'MISSING',
  length: 'MISSING',
  material: 'MISSING',
  pressure: 'MISSING',
  standard: 'MISSING',
  dimension: 'MISSING',
  product_type: 'MISSING',
  dimension_unit: 'MISSING'
}
Failed to parse comparison for match 2650: {
  grade: 'MISSING',
  length: 'MISSING',
  material: 'MISSING',
  pressure: 'MISSING',
  standard: 'MISSING',
  dimension: 'MISSING',
  product_type: 'MISSING',
  dimension_unit: 'MISSING'
}
Failed to parse comparison for match 2651: {
  grade: 'MISSING',
  length: 'MISSING',
  material: 'MISSING',
  pressure: 'MISSING',
  standard: 'MISSING',
  dimension: 'MISSING',
  product_type: 'MISSING',
  dimension_unit: 'MISSING'
}
Failed to parse comparison for match 2652: {
  grade: 'MISSING',
  length: 'MISSING',
  material: 'MISSING',
  pressure: 'MISSING',
  standard: 'MISSING',
  dimension: 'MISSING',
  product_type: 'MISSING',
  dimension_unit: 'MISSING'
}
Failed to parse comparison for match 2653: {
  grade: 'MISSING',
  length: 'MISSING',
  material: 'MISSING',
  pressure: 'MISSING',
  standard: 'MISSING',
  dimension: 'MISSING',
  product_type: 'MISSING',
  dimension_unit: 'MISSING'
}
Failed to parse comparison for match 2654: {
  grade: 'MISSING',
  length: 'MISSING',
  material: 'MISSING',
  pressure: 'MISSING',
  standard: 'MISSING',
  dimension: 'MISSING',
  product_type: 'MISSING',
  dimension_unit: 'MISSING'
}
Failed to parse comparison for match 2655: {
  grade: 'MISSING',
  length: 'MISSING',
  material: 'MISSING',
  pressure: 'MISSING',
  standard: 'MISSING',
  dimension: 'MISSING',
  product_type: 'MISSING',
  dimension_unit: 'MISSING'
}
Failed to parse comparison for match 2656: {
  grade: 'MISSING',
  length: 'MISSING',
  material: 'MISSING',
  pressure: 'MISSING',
  standard: 'MISSING',
  dimension: 'MISSING',
  product_type: 'MISSING',
  dimension_unit: 'MISSING'
}
Failed to parse comparison for match 2657: {
  grade: 'MISSING',
  length: 'MISSING',
  material: 'MISSING',
  pressure: 'MISSING',
  standard: 'MISSING',
  dimension: 'MISSING',
  product_type: 'MISSING',
  dimension_unit: 'MISSING'
}
Failed to parse comparison for match 2658: {
  grade: 'MISSING',
  length: 'MISSING',
  material: 'MISSING',
  pressure: 'MISSING',
  standard: 'MISSING',
  dimension: 'MISSING',
  product_type: 'MISSING',
  dimension_unit: 'MISSING'
}
Failed to parse comparison for match 2659: {
  grade: 'MISSING',
  length: 'MISSING',
  material: 'MISSING',
  pressure: 'MISSING',
  standard: 'MISSING',
  dimension: 'MISSING',
  product_type: 'MISSING',
  dimension_unit: 'MISSING'
}
Failed to parse comparison for match 2660: {
  grade: 'MISSING',
  length: 'MISSING',
  material: 'MISSING',
  pressure: 'MISSING',
  standard: 'MISSING',
  dimension: 'MISSING',
  product_type: 'MISSING',
  dimension_unit: 'MISSING'
}
Failed to parse comparison for match 2661: {
  grade: 'MISSING',
  length: 'MISSING',
  material: 'MISSING',
  pressure: 'MISSING',
  standard: 'MISSING',
  dimension: 'MISSING',
  product_type: 'MISSING',
  dimension_unit: 'MISSING'
}
Failed to parse comparison for match 2662: {
  grade: 'MISSING',
  length: 'MISSING',
  material: 'MISSING',
  pressure: 'MISSING',
  standard: 'MISSING',
  dimension: 'MISSING',
  product_type: 'MISSING',
  dimension_unit: 'MISSING'
}
Failed to parse comparison for match 2663: {
  grade: 'MISSING',
  length: 'MISSING',
  material: 'MISSING',
  pressure: 'MISSING',
  standard: 'MISSING',
  dimension: 'MISSING',
  product_type: 'MISSING',
  dimension_unit: 'MISSING'
}
Failed to parse comparison for match 2664: {
  grade: 'MISSING',
  length: 'MISSING',
  material: 'MISSING',
  pressure: 'MISSING',
  standard: 'MISSING',
  dimension: 'MISSING',
  product_type: 'MISSING',
  dimension_unit: 'MISSING'
}
Failed to parse comparison for match 2665: {
  grade: 'MISSING',
  length: 'MISSING',
  material: 'MISSING',
  pressure: 'MISSING',
  standard: 'MISSING',
  dimension: 'MISSING',
  product_type: 'MISSING',
  dimension_unit: 'MISSING'
}
Failed to parse comparison for match 2666: {
  grade: 'MISSING',
  length: 'MISSING',
  material: 'MISSING',
  pressure: 'MISSING',
  standard: 'MISSING',
  dimension: 'MISSING',
  product_type: 'MISSING',
  dimension_unit: 'MISSING'
}
Failed to parse comparison for match 2667: {
  grade: 'MISSING',
  length: 'MISSING',
  material: 'MISSING',
  pressure: 'MISSING',
  standard: 'MISSING',
  dimension: 'MISSING',
  product_type: 'MISSING',
  dimension_unit: 'MISSING'
}
Failed to parse comparison for match 2668: {
  grade: 'MISSING',
  length: 'MISSING',
  material: 'MISSING',
  pressure: 'MISSING',
  standard: 'MISSING',
  dimension: 'MISSING',
  product_type: 'MISSING',
  dimension_unit: 'MISSING'
}
Failed to parse comparison for match 2669: {
  grade: 'MISSING',
  length: 'MISSING',
  material: 'MISSING',
  pressure: 'MISSING',
  standard: 'MISSING',
  dimension: 'MISSING',
  product_type: 'MISSING',
  dimension_unit: 'MISSING'
}
Failed to parse comparison for match 2670: {
  grade: 'MISSING',
  length: 'MISSING',
  material: 'MISSING',
  pressure: 'MISSING',
  standard: 'MISSING',
  dimension: 'MISSING',
  product_type: 'MISSING',
  dimension_unit: 'MISSING'
}
Failed to parse comparison for match 2671: {
  grade: 'MISSING',
  length: 'MISSING',
  material: 'MISSING',
  pressure: 'MISSING',
  standard: 'MISSING',
  dimension: 'MISSING',
  product_type: 'MISSING',
  dimension_unit: 'MISSING'
}
Failed to parse comparison for match 2672: {
  grade: 'MISSING',
  length: 'MISSING',
  material: 'MISSING',
  pressure: 'MISSING',
  standard: 'MISSING',
  dimension: 'MISSING',
  product_type: 'MISSING',
  dimension_unit: 'MISSING'
}
Failed to parse comparison for match 2673: {
  grade: 'MISSING',
  length: 'MISSING',
  material: 'MISSING',
  pressure: 'MISSING',
  standard: 'MISSING',
  dimension: 'MISSING',
  product_type: 'MISSING',
  dimension_unit: 'MISSING'
}
Failed to parse comparison for match 2674: {
  grade: 'MISSING',
  length: 'MISSING',
  material: 'MISSING',
  pressure: 'MISSING',
  standard: 'MISSING',
  dimension: 'MISSING',
  product_type: 'MISSING',
  dimension_unit: 'MISSING'
}
Failed to parse comparison for match 2675: {
  grade: 'MISSING',
  length: 'MISSING',
  material: 'MISSING',
  pressure: 'MISSING',
  standard: 'MISSING',
  dimension: 'MISSING',
  product_type: 'MISSING',
  dimension_unit: 'MISSING'
}
Failed to parse comparison for match 2676: {
  grade: 'MISSING',
  length: 'MISSING',
  material: 'MISSING',
  pressure: 'MISSING',
  standard: 'MISSING',
  dimension: 'MISSING',
  product_type: 'MISSING',
  dimension_unit: 'MISSING'
}
Failed to parse comparison for match 2677: {
  grade: 'MISSING',
  length: 'MISSING',
  material: 'MISSING',
  pressure: 'MISSING',
  standard: 'MISSING',
  dimension: 'MISSING',
  product_type: 'MISSING',
  dimension_unit: 'MISSING'
}
Failed to parse comparison for match 2678: {
  grade: 'MISSING',
  length: 'MISSING',
  material: 'MISSING',
  pressure: 'MISSING',
  standard: 'MISSING',
  dimension: 'MISSING',
  product_type: 'MISSING',
  dimension_unit: 'MISSING'
}
Failed to parse comparison for match 2679: {
  grade: 'MISSING',
  length: 'MISSING',
  material: 'MISSING',
  pressure: 'MISSING',
  standard: 'MISSING',
  dimension: 'MISSING',
  product_type: 'MISSING',
  dimension_unit: 'MISSING'
}
Failed to parse comparison for match 2680: {
  grade: 'MISSING',
  length: 'MISSING',
  material: 'MISSING',
  pressure: 'MISSING',
  standard: 'MISSING',
  dimension: 'MISSING',
  product_type: 'MISSING',
  dimension_unit: 'MISSING'
}
Failed to parse comparison for match 2681: {
  grade: 'MISSING',
  length: 'MISSING',
  material: 'MISSING',
  pressure: 'MISSING',
  standard: 'MISSING',
  dimension: 'MISSING',
  product_type: 'MISSING',
  dimension_unit: 'MISSING'
}
Failed to parse comparison for match 2682: {
  grade: 'MISSING',
  length: 'MISSING',
  material: 'MISSING',
  pressure: 'MISSING',
  standard: 'MISSING',
  dimension: 'MISSING',
  product_type: 'MISSING',
  dimension_unit: 'MISSING'
}
Failed to parse comparison for match 2683: {
  grade: 'MISSING',
  length: 'MISSING',
  material: 'MISSING',
  pressure: 'MISSING',
  standard: 'MISSING',
  dimension: 'MISSING',
  product_type: 'MISSING',
  dimension_unit: 'MISSING'
}
Failed to parse comparison for match 2684: {
  grade: 'MISSING',
  length: 'MISSING',
  material: 'MISSING',
  pressure: 'MISSING',
  standard: 'MISSING',
  dimension: 'MISSING',
  product_type: 'MISSING',
  dimension_unit: 'MISSING'
}
Failed to parse comparison for match 2685: {
  grade: 'MISSING',
  length: 'MISSING',
  material: 'MISSING',
  pressure: 'MISSING',
  standard: 'MISSING',
  dimension: 'MISSING',
  product_type: 'MISSING',
  dimension_unit: 'MISSING'
}
Failed to parse comparison for match 2686: {
  grade: 'MISSING',
  length: 'MISSING',
  material: 'MISSING',
  pressure: 'MISSING',
  standard: 'MISSING',
  dimension: 'MISSING',
  product_type: 'MISSING',
  dimension_unit: 'MISSING'
}
Failed to parse comparison for match 2687: {
  grade: 'MISSING',
  length: 'MISSING',
  material: 'MISSING',
  pressure: 'MISSING',
  standard: 'MISSING',
  dimension: 'MISSING',
  product_type: 'MISSING',
  dimension_unit: 'MISSING'
}
Failed to parse comparison for match 2688: {
  grade: 'MISSING',
  length: 'MISSING',
  material: 'MISSING',
  pressure: 'MISSING',
  standard: 'MISSING',
  dimension: 'MISSING',
  product_type: 'MISSING',
  dimension_unit: 'MISSING'
}
Failed to parse comparison for match 2689: {
  grade: 'MISSING',
  length: 'MISSING',
  material: 'MISSING',
  pressure: 'MISSING',
  standard: 'MISSING',
  dimension: 'MISSING',
  product_type: 'MISSING',
  dimension_unit: 'MISSING'
}
Failed to parse comparison for match 2690: {
  grade: 'MISSING',
  length: 'MISSING',
  material: 'MISSING',
  pressure: 'MISSING',
  standard: 'MISSING',
  dimension: 'MISSING',
  product_type: 'MISSING',
  dimension_unit: 'MISSING'
}
Failed to parse comparison for match 2691: {
  grade: 'MISSING',
  length: 'MISSING',
  material: 'MISSING',
  pressure: 'MISSING',
  standard: 'MISSING',
  dimension: 'MISSING',
  product_type: 'MISSING',
  dimension_unit: 'MISSING'
}
Failed to parse comparison for match 2692: {
  grade: 'MISSING',
  length: 'MISSING',
  material: 'MISSING',
  pressure: 'MISSING',
  standard: 'MISSING',
  dimension: 'MISSING',
  product_type: 'MISSING',
  dimension_unit: 'MISSING'
}
Failed to parse comparison for match 2693: {
  grade: 'MISSING',
  length: 'MISSING',
  material: 'MISSING',
  pressure: 'MISSING',
  standard: 'MISSING',
  dimension: 'MISSING',
  product_type: 'MISSING',
  dimension_unit: 'MISSING'
}
Failed to parse comparison for match 2694: {
  grade: 'MISSING',
  length: 'MISSING',
  material: 'MISSING',
  pressure: 'MISSING',
  standard: 'MISSING',
  dimension: 'MISSING',
  product_type: 'MISSING',
  dimension_unit: 'MISSING'
}
Failed to parse comparison for match 2695: {
  grade: 'MISSING',
  length: 'MISSING',
  material: 'MISSING',
  pressure: 'MISSING',
  standard: 'MISSING',
  dimension: 'MISSING',
  product_type: 'MISSING',
  dimension_unit: 'MISSING'
}
Failed to parse comparison for match 2696: {
  grade: 'MISSING',
  length: 'MISSING',
  material: 'MISSING',
  pressure: 'MISSING',
  standard: 'MISSING',
  dimension: 'MISSING',
  product_type: 'MISSING',
  dimension_unit: 'MISSING'
}
Failed to parse comparison for match 2697: {
  grade: 'MISSING',
  length: 'MISSING',
  material: 'MISSING',
  pressure: 'MISSING',
  standard: 'MISSING',
  dimension: 'MISSING',
  product_type: 'MISSING',
  dimension_unit: 'MISSING'
}
Failed to parse comparison for match 2698: {
  grade: 'MISSING',
  length: 'MISSING',
  material: 'MISSING',
  pressure: 'MISSING',
  standard: 'MISSING',
  dimension: 'MISSING',
  product_type: 'MISSING',
  dimension_unit: 'MISSING'
}
Failed to parse comparison for match 2699: {
  grade: 'MISSING',
  length: 'MISSING',
  material: 'MISSING',
  pressure: 'MISSING',
  standard: 'MISSING',
  dimension: 'MISSING',
  product_type: 'MISSING',
  dimension_unit: 'MISSING'
}
Failed to parse comparison for match 2700: {
  grade: 'MISSING',
  length: 'MISSING',
  material: 'MISSING',
  pressure: 'MISSING',
  standard: 'MISSING',
  dimension: 'MISSING',
  product_type: 'MISSING',
  dimension_unit: 'MISSING'
}
Failed to parse comparison for match 2701: {
  grade: 'MISSING',
  length: 'MISSING',
  material: 'MISSING',
  pressure: 'MISSING',
  standard: 'MISSING',
  dimension: 'MISSING',
  product_type: 'MISSING',
  dimension_unit: 'MISSING'
}
Failed to parse comparison for match 2702: {
  grade: 'MISSING',
  length: 'MISSING',
  material: 'MISSING',
  pressure: 'MISSING',
  standard: 'MISSING',
  dimension: 'MISSING',
  product_type: 'MISSING',
  dimension_unit: 'MISSING'
}
Failed to parse comparison for match 2703: {
  grade: 'MISSING',
  length: 'MISSING',
  material: 'MISSING',
  pressure: 'MISSING',
  standard: 'MISSING',
  dimension: 'MISSING',
  product_type: 'MISSING',
  dimension_unit: 'MISSING'
}
Failed to parse comparison for match 2704: {
  grade: 'MISSING',
  length: 'MISSING',
  material: 'MISSING',
  pressure: 'MISSING',
  standard: 'MISSING',
  dimension: 'MISSING',
  product_type: 'MISSING',
  dimension_unit: 'MISSING'
}
Failed to parse comparison for match 2705: {
  grade: 'MISSING',
  length: 'MISSING',
  material: 'MISSING',
  pressure: 'MISSING',
  standard: 'MISSING',
  dimension: 'MISSING',
  product_type: 'MISSING',
  dimension_unit: 'MISSING'
}
Failed to parse comparison for match 2706: {
  grade: 'MISSING',
  length: 'MISSING',
  material: 'MISSING',
  pressure: 'MISSING',
  standard: 'MISSING',
  dimension: 'MISSING',
  product_type: 'MISSING',
  dimension_unit: 'MISSING'
}
Failed to parse comparison for match 2707: {
  grade: 'MISSING',
  length: 'MISSING',
  material: 'MISSING',
  pressure: 'MISSING',
  standard: 'MISSING',
  dimension: 'MISSING',
  product_type: 'MISSING',
  dimension_unit: 'MISSING'
}
Failed to parse comparison for match 2708: {
  grade: 'MISSING',
  length: 'MISSING',
  material: 'MISSING',
  pressure: 'MISSING',
  standard: 'MISSING',
  dimension: 'MISSING',
  product_type: 'MISSING',
  dimension_unit: 'MISSING'
}
Failed to parse comparison for match 2709: {
  grade: 'MISSING',
  length: 'MISSING',
  material: 'MISSING',
  pressure: 'MISSING',
  standard: 'MISSING',
  dimension: 'MISSING',
  product_type: 'MISSING',
  dimension_unit: 'MISSING'
}
Failed to parse comparison for match 2710: {
  grade: 'MISSING',
  length: 'MISSING',
  material: 'MISSING',
  pressure: 'MISSING',
  standard: 'MISSING',
  dimension: 'MISSING',
  product_type: 'MISSING',
  dimension_unit: 'MISSING'
}
Failed to parse comparison for match 2711: {
  grade: 'MISSING',
  length: 'MISSING',
  material: 'MISSING',
  pressure: 'MISSING',
  standard: 'MISSING',
  dimension: 'MISSING',
  product_type: 'MISSING',
  dimension_unit: 'MISSING'
}
Failed to parse comparison for match 2712: {
  grade: 'MISSING',
  length: 'MISSING',
  material: 'MISSING',
  pressure: 'MISSING',
  standard: 'MISSING',
  dimension: 'MISSING',
  product_type: 'MISSING',
  dimension_unit: 'MISSING'
}
Failed to parse comparison for match 2713: {
  grade: 'MISSING',
  length: 'MISSING',
  material: 'MISSING',
  pressure: 'MISSING',
  standard: 'MISSING',
  dimension: 'MISSING',
  product_type: 'MISSING',
  dimension_unit: 'MISSING'
}
Failed to parse comparison for match 2714: {
  grade: 'MISSING',
  length: 'MISSING',
  material: 'MISSING',
  pressure: 'MISSING',
  standard: 'MISSING',
  dimension: 'MISSING',
  product_type: 'MISSING',
  dimension_unit: 'MISSING'
}
Failed to parse comparison for match 2715: {
  grade: 'MISSING',
  length: 'MISSING',
  material: 'MISSING',
  pressure: 'MISSING',
  standard: 'MISSING',
  dimension: 'MISSING',
  product_type: 'MISSING',
  dimension_unit: 'MISSING'
}
Failed to parse comparison for match 2716: {
  grade: 'MISSING',
  length: 'MISSING',
  material: 'MISSING',
  pressure: 'MISSING',
  standard: 'MISSING',
  dimension: 'MISSING',
  product_type: 'MISSING',
  dimension_unit: 'MISSING'
}
Failed to parse comparison for match 2717: {
  grade: 'MISSING',
  length: 'MISSING',
  material: 'MISSING',
  pressure: 'MISSING',
  standard: 'MISSING',
  dimension: 'MISSING',
  product_type: 'MISSING',
  dimension_unit: 'MISSING'
}
Failed to parse comparison for match 2718: {
  grade: 'MISSING',
  length: 'MISSING',
  material: 'MISSING',
  pressure: 'MISSING',
  standard: 'MISSING',
  dimension: 'MISSING',
  product_type: 'MISSING',
  dimension_unit: 'MISSING'
}
Failed to parse comparison for match 2719: {
  grade: 'MISSING',
  length: 'MISSING',
  material: 'MISSING',
  pressure: 'MISSING',
  standard: 'MISSING',
  dimension: 'MISSING',
  product_type: 'MISSING',
  dimension_unit: 'MISSING'
}
Failed to parse comparison for match 2720: {
  grade: 'MISSING',
  length: 'MISSING',
  material: 'MISSING',
  pressure: 'MISSING',
  standard: 'MISSING',
  dimension: 'MISSING',
  product_type: 'MISSING',
  dimension_unit: 'MISSING'
}
Failed to parse comparison for match 2721: {
  grade: 'MISSING',
  length: 'MISSING',
  material: 'MISSING',
  pressure: 'MISSING',
  standard: 'MISSING',
  dimension: 'MISSING',
  product_type: 'MISSING',
  dimension_unit: 'MISSING'
}
Failed to parse comparison for match 2722: {
  grade: 'MISSING',
  length: 'MISSING',
  material: 'MISSING',
  pressure: 'MISSING',
  standard: 'MISSING',
  dimension: 'MISSING',
  product_type: 'MISSING',
  dimension_unit: 'MISSING'
}
Failed to parse comparison for match 2723: {
  grade: 'MISSING',
  length: 'MISSING',
  material: 'MISSING',
  pressure: 'MISSING',
  standard: 'MISSING',
  dimension: 'MISSING',
  product_type: 'MISSING',
  dimension_unit: 'MISSING'
}
Failed to parse comparison for match 2724: {
  grade: 'MISSING',
  length: 'MISSING',
  material: 'MISSING',
  pressure: 'MISSING',
  standard: 'MISSING',
  dimension: 'MISSING',
  product_type: 'MISSING',
  dimension_unit: 'MISSING'
}
Failed to parse comparison for match 2725: {
  grade: 'MISSING',
  length: 'MISSING',
  material: 'MISSING',
  pressure: 'MISSING',
  standard: 'MISSING',
  dimension: 'MISSING',
  product_type: 'MISSING',
  dimension_unit: 'MISSING'
}
Failed to parse comparison for match 2726: {
  grade: 'MISSING',
  length: 'MISSING',
  material: 'MISSING',
  pressure: 'MISSING',
  standard: 'MISSING',
  dimension: 'MISSING',
  product_type: 'MISSING',
  dimension_unit: 'MISSING'
}
Failed to parse comparison for match 2727: {
  grade: 'MISSING',
  length: 'MISSING',
  material: 'MISSING',
  pressure: 'MISSING',
  standard: 'MISSING',
  dimension: 'MISSING',
  product_type: 'MISSING',
  dimension_unit: 'MISSING'
}
Failed to parse comparison for match 2728: {
  grade: 'MISSING',
  length: 'MISSING',
  material: 'MISSING',
  pressure: 'MISSING',
  standard: 'MISSING',
  dimension: 'MISSING',
  product_type: 'MISSING',
  dimension_unit: 'MISSING'
}
Failed to parse comparison for match 2729: {
  grade: 'MISSING',
  length: 'MISSING',
  material: 'MISSING',
  pressure: 'MISSING',
  standard: 'MISSING',
  dimension: 'MISSING',
  product_type: 'MISSING',
  dimension_unit: 'MISSING'
}
Failed to parse comparison for match 2730: {
  grade: 'MISSING',
  length: 'MISSING',
  material: 'MISSING',
  pressure: 'MISSING',
  standard: 'MISSING',
  dimension: 'MISSING',
  product_type: 'MISSING',
  dimension_unit: 'MISSING'
}
Failed to parse comparison for match 2731: {
  grade: 'MISSING',
  length: 'MISSING',
  material: 'MISSING',
  pressure: 'MISSING',
  standard: 'MISSING',
  dimension: 'MISSING',
  product_type: 'MISSING',
  dimension_unit: 'MISSING'
}
Failed to parse comparison for match 2732: {
  grade: 'MISSING',
  length: 'MISSING',
  material: 'MISSING',
  pressure: 'MISSING',
  standard: 'MISSING',
  dimension: 'MISSING',
  product_type: 'MISSING',
  dimension_unit: 'MISSING'
}
Failed to parse comparison for match 2733: {
  grade: 'MISSING',
  length: 'MISSING',
  material: 'MISSING',
  pressure: 'MISSING',
  standard: 'MISSING',
  dimension: 'MISSING',
  product_type: 'MISSING',
  dimension_unit: 'MISSING'
}
Failed to parse comparison for match 2734: {
  grade: 'MISSING',
  length: 'MISSING',
  material: 'MISSING',
  pressure: 'MISSING',
  standard: 'MISSING',
  dimension: 'MISSING',
  product_type: 'MISSING',
  dimension_unit: 'MISSING'
}
Failed to parse comparison for match 2735: {
  grade: 'MISSING',
  length: 'MISSING',
  material: 'MISSING',
  pressure: 'MISSING',
  standard: 'MISSING',
  dimension: 'MISSING',
  product_type: 'MISSING',
  dimension_unit: 'MISSING'
}
Failed to parse comparison for match 2736: {
  grade: 'MISSING',
  length: 'MISSING',
  material: 'MISSING',
  pressure: 'MISSING',
  standard: 'MISSING',
  dimension: 'MISSING',
  product_type: 'MISSING',
  dimension_unit: 'MISSING'
}
Failed to parse comparison for match 2737: {
  grade: 'MISSING',
  length: 'MISSING',
  material: 'MISSING',
  pressure: 'MISSING',
  standard: 'MISSING',
  dimension: 'MISSING',
  product_type: 'MISSING',
  dimension_unit: 'MISSING'
}
Failed to parse comparison for match 2738: {
  grade: 'MISSING',
  length: 'MISSING',
  material: 'MISSING',
  pressure: 'MISSING',
  standard: 'MISSING',
  dimension: 'MISSING',
  product_type: 'MISSING',
  dimension_unit: 'MISSING'
}
Failed to parse comparison for match 2739: {
  grade: 'MISSING',
  length: 'MISSING',
  material: 'MISSING',
  pressure: 'MISSING',
  standard: 'MISSING',
  dimension: 'MISSING',
  product_type: 'MISSING',
  dimension_unit: 'MISSING'
}
Failed to parse comparison for match 2740: {
  grade: 'MISSING',
  length: 'MISSING',
  material: 'MISSING',
  pressure: 'MISSING',
  standard: 'MISSING',
  dimension: 'MISSING',
  product_type: 'MISSING',
  dimension_unit: 'MISSING'
}
Failed to parse comparison for match 2741: {
  grade: 'MISSING',
  length: 'MISSING',
  material: 'MISSING',
  pressure: 'MISSING',
  standard: 'MISSING',
  dimension: 'MISSING',
  product_type: 'MISSING',
  dimension_unit: 'MISSING'
}
Failed to parse comparison for match 2742: {
  grade: 'MISSING',
  length: 'MISSING',
  material: 'MISSING',
  pressure: 'MISSING',
  standard: 'MISSING',
  dimension: 'MISSING',
  product_type: 'MISSING',
  dimension_unit: 'MISSING'
}
Failed to parse comparison for match 2743: {
  grade: 'MISSING',
  length: 'MISSING',
  material: 'MISSING',
  pressure: 'MISSING',
  standard: 'MISSING',
  dimension: 'MISSING',
  product_type: 'MISSING',
  dimension_unit: 'MISSING'
}
Failed to parse comparison for match 2744: {
  grade: 'MISSING',
  length: 'MISSING',
  material: 'MISSING',
  pressure: 'MISSING',
  standard: 'MISSING',
  dimension: 'MISSING',
  product_type: 'MISSING',
  dimension_unit: 'MISSING'
}
Failed to parse comparison for match 2745: {
  grade: 'MISSING',
  length: 'MISSING',
  material: 'MISSING',
  pressure: 'MISSING',
  standard: 'MISSING',
  dimension: 'MISSING',
  product_type: 'MISSING',
  dimension_unit: 'MISSING'
}
Failed to parse comparison for match 2746: {
  grade: 'MISSING',
  length: 'MISSING',
  material: 'MISSING',
  pressure: 'MISSING',
  standard: 'MISSING',
  dimension: 'MISSING',
  product_type: 'MISSING',
  dimension_unit: 'MISSING'
}
Failed to parse comparison for match 2747: {
  grade: 'MISSING',
  length: 'MISSING',
  material: 'MISSING',
  pressure: 'MISSING',
  standard: 'MISSING',
  dimension: 'MISSING',
  product_type: 'MISSING',
  dimension_unit: 'MISSING'
}
Failed to parse comparison for match 2748: {
  grade: 'MISSING',
  length: 'MISSING',
  material: 'MISSING',
  pressure: 'MISSING',
  standard: 'MISSING',
  dimension: 'MISSING',
  product_type: 'MISSING',
  dimension_unit: 'MISSING'
}
Failed to parse comparison for match 2749: {
  grade: 'MISSING',
  length: 'MISSING',
  material: 'MISSING',
  pressure: 'MISSING',
  standard: 'MISSING',
  dimension: 'MISSING',
  product_type: 'MISSING',
  dimension_unit: 'MISSING'
}
Failed to parse comparison for match 2750: {
  grade: 'MISSING',
  length: 'MISSING',
  material: 'MISSING',
  pressure: 'MISSING',
  standard: 'MISSING',
  dimension: 'MISSING',
  product_type: 'MISSING',
  dimension_unit: 'MISSING'
}
Failed to parse comparison for match 2751: {
  grade: 'MISSING',
  length: 'MISSING',
  material: 'MISSING',
  pressure: 'MISSING',
  standard: 'MISSING',
  dimension: 'MISSING',
  product_type: 'MISSING',
  dimension_unit: 'MISSING'
}
Failed to parse comparison for match 2752: {
  grade: 'MISSING',
  length: 'MISSING',
  material: 'MISSING',
  pressure: 'MISSING',
  standard: 'MISSING',
  dimension: 'MISSING',
  product_type: 'MISSING',
  dimension_unit: 'MISSING'
}
Failed to parse comparison for match 2753: {
  grade: 'MISSING',
  length: 'MISSING',
  material: 'MISSING',
  pressure: 'MISSING',
  standard: 'MISSING',
  dimension: 'MISSING',
  product_type: 'MISSING',
  dimension_unit: 'MISSING'
}
Failed to parse comparison for match 2754: {
  grade: 'MISSING',
  length: 'MISSING',
  material: 'MISSING',
  pressure: 'MISSING',
  standard: 'MISSING',
  dimension: 'MISSING',
  product_type: 'MISSING',
  dimension_unit: 'MISSING'
}
Failed to parse comparison for match 2755: {
  grade: 'MISSING',
  length: 'MISSING',
  material: 'MISSING',
  pressure: 'MISSING',
  standard: 'MISSING',
  dimension: 'MISSING',
  product_type: 'MISSING',
  dimension_unit: 'MISSING'
}
Failed to parse comparison for match 2756: {
  grade: 'MISSING',
  length: 'MISSING',
  material: 'MISSING',
  pressure: 'MISSING',
  standard: 'MISSING',
  dimension: 'MISSING',
  product_type: 'MISSING',
  dimension_unit: 'MISSING'
}
Failed to parse comparison for match 2757: {
  grade: 'MISSING',
  length: 'MISSING',
  material: 'MISSING',
  pressure: 'MISSING',
  standard: 'MISSING',
  dimension: 'MISSING',
  product_type: 'MISSING',
  dimension_unit: 'MISSING'
}
Failed to parse comparison for match 2758: {
  grade: 'MISSING',
  length: 'MISSING',
  material: 'MISSING',
  pressure: 'MISSING',
  standard: 'MISSING',
  dimension: 'MISSING',
  product_type: 'MISSING',
  dimension_unit: 'MISSING'
}
Failed to parse comparison for match 2759: {
  grade: 'MISSING',
  length: 'MISSING',
  material: 'MISSING',
  pressure: 'MISSING',
  standard: 'MISSING',
  dimension: 'MISSING',
  product_type: 'MISSING',
  dimension_unit: 'MISSING'
}
Failed to parse comparison for match 2760: {
  grade: 'MISSING',
  length: 'MISSING',
  material: 'MISSING',
  pressure: 'MISSING',
  standard: 'MISSING',
  dimension: 'MISSING',
  product_type: 'MISSING',
  dimension_unit: 'MISSING'
}
Failed to parse comparison for match 2761: {
  grade: 'MISSING',
  length: 'MISSING',
  material: 'MISSING',
  pressure: 'MISSING',
  standard: 'MISSING',
  dimension: 'MISSING',
  product_type: 'MISSING',
  dimension_unit: 'MISSING'
}
Failed to parse comparison for match 2762: {
  grade: 'MISSING',
  length: 'MISSING',
  material: 'MISSING',
  pressure: 'MISSING',
  standard: 'MISSING',
  dimension: 'MISSING',
  product_type: 'MISSING',
  dimension_unit: 'MISSING'
}
Failed to parse comparison for match 2763: {
  grade: 'MISSING',
  length: 'MISSING',
  material: 'MISSING',
  pressure: 'MISSING',
  standard: 'MISSING',
  dimension: 'MISSING',
  product_type: 'MISSING',
  dimension_unit: 'MISSING'
}
Failed to parse comparison for match 2764: {
  grade: 'MISSING',
  length: 'MISSING',
  material: 'MISSING',
  pressure: 'MISSING',
  standard: 'MISSING',
  dimension: 'MISSING',
  product_type: 'MISSING',
  dimension_unit: 'MISSING'
}
Failed to parse comparison for match 2765: {
  grade: 'MISSING',
  length: 'MISSING',
  material: 'MISSING',
  pressure: 'MISSING',
  standard: 'MISSING',
  dimension: 'MISSING',
  product_type: 'MISSING',
  dimension_unit: 'MISSING'
}
Failed to parse comparison for match 2766: {
  grade: 'MISSING',
  length: 'MISSING',
  material: 'MISSING',
  pressure: 'MISSING',
  standard: 'MISSING',
  dimension: 'MISSING',
  product_type: 'MISSING',
  dimension_unit: 'MISSING'
}
Failed to parse comparison for match 2767: {
  grade: 'MISSING',
  length: 'MISSING',
  material: 'MISSING',
  pressure: 'MISSING',
  standard: 'MISSING',
  dimension: 'MISSING',
  product_type: 'MISSING',
  dimension_unit: 'MISSING'
}
Failed to parse comparison for match 2768: {
  grade: 'MISSING',
  length: 'MISSING',
  material: 'MISSING',
  pressure: 'MISSING',
  standard: 'MISSING',
  dimension: 'MISSING',
  product_type: 'MISSING',
  dimension_unit: 'MISSING'
}
Failed to parse comparison for match 2769: {
  grade: 'MISSING',
  length: 'MISSING',
  material: 'MISSING',
  pressure: 'MISSING',
  standard: 'MISSING',
  dimension: 'MISSING',
  product_type: 'MISSING',
  dimension_unit: 'MISSING'
}
Failed to parse comparison for match 2770: {
  grade: 'MISSING',
  length: 'MISSING',
  material: 'MISSING',
  pressure: 'MISSING',
  standard: 'MISSING',
  dimension: 'MISSING',
  product_type: 'MISSING',
  dimension_unit: 'MISSING'
}
Failed to parse comparison for match 2771: {
  grade: 'MISSING',
  length: 'MISSING',
  material: 'MISSING',
  pressure: 'MISSING',
  standard: 'MISSING',
  dimension: 'MISSING',
  product_type: 'MISSING',
  dimension_unit: 'MISSING'
}
Failed to parse comparison for match 2772: {
  grade: 'MISSING',
  length: 'MISSING',
  material: 'MISSING',
  pressure: 'MISSING',
  standard: 'MISSING',
  dimension: 'MISSING',
  product_type: 'MISSING',
  dimension_unit: 'MISSING'
}
Failed to parse comparison for match 2773: {
  grade: 'MISSING',
  length: 'MISSING',
  material: 'MISSING',
  pressure: 'MISSING',
  standard: 'MISSING',
  dimension: 'MISSING',
  product_type: 'MISSING',
  dimension_unit: 'MISSING'
}
Failed to parse comparison for match 2774: {
  grade: 'MISSING',
  length: 'MISSING',
  material: 'MISSING',
  pressure: 'MISSING',
  standard: 'MISSING',
  dimension: 'MISSING',
  product_type: 'MISSING',
  dimension_unit: 'MISSING'
}
Failed to parse comparison for match 2775: {
  grade: 'MISSING',
  length: 'MISSING',
  material: 'MISSING',
  pressure: 'MISSING',
  standard: 'MISSING',
  dimension: 'MISSING',
  product_type: 'MISSING',
  dimension_unit: 'MISSING'
}
Failed to parse comparison for match 2776: {
  grade: 'MISSING',
  length: 'MISSING',
  material: 'MISSING',
  pressure: 'MISSING',
  standard: 'MISSING',
  dimension: 'MISSING',
  product_type: 'MISSING',
  dimension_unit: 'MISSING'
}
Failed to parse comparison for match 2777: {
  grade: 'MISSING',
  length: 'MISSING',
  material: 'MISSING',
  pressure: 'MISSING',
  standard: 'MISSING',
  dimension: 'MISSING',
  product_type: 'MISSING',
  dimension_unit: 'MISSING'
}
Failed to parse comparison for match 2778: {
  grade: 'MISSING',
  length: 'MISSING',
  material: 'MISSING',
  pressure: 'MISSING',
  standard: 'MISSING',
  dimension: 'MISSING',
  product_type: 'MISSING',
  dimension_unit: 'MISSING'
}
Failed to parse comparison for match 2779: {
  grade: 'MISSING',
  length: 'MISSING',
  material: 'MISSING',
  pressure: 'MISSING',
  standard: 'MISSING',
  dimension: 'MISSING',
  product_type: 'MISSING',
  dimension_unit: 'MISSING'
}
Failed to parse comparison for match 2780: {
  grade: 'MISSING',
  length: 'MISSING',
  material: 'MISSING',
  pressure: 'MISSING',
  standard: 'MISSING',
  dimension: 'MISSING',
  product_type: 'MISSING',
  dimension_unit: 'MISSING'
}
Failed to parse comparison for match 2781: {
  grade: 'MISSING',
  length: 'MISSING',
  material: 'MISSING',
  pressure: 'MISSING',
  standard: 'MISSING',
  dimension: 'MISSING',
  product_type: 'MISSING',
  dimension_unit: 'MISSING'
}
Failed to parse comparison for match 2782: {
  grade: 'MISSING',
  length: 'MISSING',
  material: 'MISSING',
  pressure: 'MISSING',
  standard: 'MISSING',
  dimension: 'MISSING',
  product_type: 'MISSING',
  dimension_unit: 'MISSING'
}
Failed to parse comparison for match 2783: {
  grade: 'MISSING',
  length: 'MISSING',
  material: 'MISSING',
  pressure: 'MISSING',
  standard: 'MISSING',
  dimension: 'MISSING',
  product_type: 'MISSING',
  dimension_unit: 'MISSING'
}
Failed to parse comparison for match 2784: {
  grade: 'MISSING',
  length: 'MISSING',
  material: 'MISSING',
  pressure: 'MISSING',
  standard: 'MISSING',
  dimension: 'MISSING',
  product_type: 'MISSING',
  dimension_unit: 'MISSING'
}
Failed to parse comparison for match 2785: {
  grade: 'MISSING',
  length: 'MISSING',
  material: 'MISSING',
  pressure: 'MISSING',
  standard: 'MISSING',
  dimension: 'MISSING',
  product_type: 'MISSING',
  dimension_unit: 'MISSING'
}
Failed to parse comparison for match 2786: {
  grade: 'MISSING',
  length: 'MISSING',
  material: 'MISSING',
  pressure: 'MISSING',
  standard: 'MISSING',
  dimension: 'MISSING',
  product_type: 'MISSING',
  dimension_unit: 'MISSING'
}
Failed to parse comparison for match 2787: {
  grade: 'MISSING',
  length: 'MISSING',
  material: 'MISSING',
  pressure: 'MISSING',
  standard: 'MISSING',
  dimension: 'MISSING',
  product_type: 'MISSING',
  dimension_unit: 'MISSING'
}
Failed to parse comparison for match 2788: {
  grade: 'MISSING',
  length: 'MISSING',
  material: 'MISSING',
  pressure: 'MISSING',
  standard: 'MISSING',
  dimension: 'MISSING',
  product_type: 'MISSING',
  dimension_unit: 'MISSING'
}
Failed to parse comparison for match 2789: {
  grade: 'MISSING',
  length: 'MISSING',
  material: 'MISSING',
  pressure: 'MISSING',
  standard: 'MISSING',
  dimension: 'MISSING',
  product_type: 'MISSING',
  dimension_unit: 'MISSING'
}
Failed to parse comparison for match 2790: {
  grade: 'MISSING',
  length: 'MISSING',
  material: 'MISSING',
  pressure: 'MISSING',
  standard: 'MISSING',
  dimension: 'MISSING',
  product_type: 'MISSING',
  dimension_unit: 'MISSING'
}
Failed to parse comparison for match 2791: {
  grade: 'MISSING',
  length: 'MISSING',
  material: 'MISSING',
  pressure: 'MISSING',
  standard: 'MISSING',
  dimension: 'MISSING',
  product_type: 'MISSING',
  dimension_unit: 'MISSING'
}
Failed to parse comparison for match 2792: {
  grade: 'MISSING',
  length: 'MISSING',
  material: 'MISSING',
  pressure: 'MISSING',
  standard: 'MISSING',
  dimension: 'MISSING',
  product_type: 'MISSING',
  dimension_unit: 'MISSING'
}
Failed to parse comparison for match 2793: {
  grade: 'MISSING',
  length: 'MISSING',
  material: 'MISSING',
  pressure: 'MISSING',
  standard: 'MISSING',
  dimension: 'MISSING',
  product_type: 'MISSING',
  dimension_unit: 'MISSING'
}
Failed to parse comparison for match 2794: {
  grade: 'MISSING',
  length: 'MISSING',
  material: 'MISSING',
  pressure: 'MISSING',
  standard: 'MISSING',
  dimension: 'MISSING',
  product_type: 'MISSING',
  dimension_unit: 'MISSING'
}
Failed to parse comparison for match 2795: {
  grade: 'MISSING',
  length: 'MISSING',
  material: 'MISSING',
  pressure: 'MISSING',
  standard: 'MISSING',
  dimension: 'MISSING',
  product_type: 'MISSING',
  dimension_unit: 'MISSING'
}
Failed to parse comparison for match 2796: {
  grade: 'MISSING',
  length: 'MISSING',
  material: 'MISSING',
  pressure: 'MISSING',
  standard: 'MISSING',
  dimension: 'MISSING',
  product_type: 'MISSING',
  dimension_unit: 'MISSING'
}
Failed to parse comparison for match 2797: {
  grade: 'MISSING',
  length: 'MISSING',
  material: 'MISSING',
  pressure: 'MISSING',
  standard: 'MISSING',
  dimension: 'MISSING',
  product_type: 'MISSING',
  dimension_unit: 'MISSING'
}
Failed to parse comparison for match 2798: {
  grade: 'MISSING',
  length: 'MISSING',
  material: 'MISSING',
  pressure: 'MISSING',
  standard: 'MISSING',
  dimension: 'MISSING',
  product_type: 'MISSING',
  dimension_unit: 'MISSING'
}
Failed to parse comparison for match 2799: {
  grade: 'MISSING',
  length: 'MISSING',
  material: 'MISSING',
  pressure: 'MISSING',
  standard: 'MISSING',
  dimension: 'MISSING',
  product_type: 'MISSING',
  dimension_unit: 'MISSING'
}
Failed to parse comparison for match 2800: {
  grade: 'MISSING',
  length: 'MISSING',
  material: 'MISSING',
  pressure: 'MISSING',
  standard: 'MISSING',
  dimension: 'MISSING',
  product_type: 'MISSING',
  dimension_unit: 'MISSING'
}
Failed to parse comparison for match 2801: {
  grade: 'MISSING',
  length: 'MISSING',
  material: 'MISSING',
  pressure: 'MISSING',
  standard: 'MISSING',
  dimension: 'MISSING',
  product_type: 'MISSING',
  dimension_unit: 'MISSING'
}
Failed to parse comparison for match 2802: {
  grade: 'MISSING',
  length: 'MISSING',
  material: 'MISSING',
  pressure: 'MISSING',
  standard: 'MISSING',
  dimension: 'MISSING',
  product_type: 'MISSING',
  dimension_unit: 'MISSING'
}
Failed to parse comparison for match 2803: {
  grade: 'MISSING',
  length: 'MISSING',
  material: 'MISSING',
  pressure: 'MISSING',
  standard: 'MISSING',
  dimension: 'MISSING',
  product_type: 'MISSING',
  dimension_unit: 'MISSING'
}
Failed to parse comparison for match 2804: {
  grade: 'MISSING',
  length: 'MISSING',
  material: 'MISSING',
  pressure: 'MISSING',
  standard: 'MISSING',
  dimension: 'MISSING',
  product_type: 'MISSING',
  dimension_unit: 'MISSING'
}
Failed to parse comparison for match 2805: {
  grade: 'MISSING',
  length: 'MISSING',
  material: 'MISSING',
  pressure: 'MISSING',
  standard: 'MISSING',
  dimension: 'MISSING',
  product_type: 'MISSING',
  dimension_unit: 'MISSING'
}
Failed to parse comparison for match 2806: {
  grade: 'MISSING',
  length: 'MISSING',
  material: 'MISSING',
  pressure: 'MISSING',
  standard: 'MISSING',
  dimension: 'MISSING',
  product_type: 'MISSING',
  dimension_unit: 'MISSING'
}
Failed to parse comparison for match 2807: {
  grade: 'MISSING',
  length: 'MISSING',
  material: 'MISSING',
  pressure: 'MISSING',
  standard: 'MISSING',
  dimension: 'MISSING',
  product_type: 'MISSING',
  dimension_unit: 'MISSING'
}
Failed to parse comparison for match 2808: {
  grade: 'MISSING',
  length: 'MISSING',
  material: 'MISSING',
  pressure: 'MISSING',
  standard: 'MISSING',
  dimension: 'MISSING',
  product_type: 'MISSING',
  dimension_unit: 'MISSING'
}
Failed to parse comparison for match 2809: {
  grade: 'MISSING',
  length: 'MISSING',
  material: 'MISSING',
  pressure: 'MISSING',
  standard: 'MISSING',
  dimension: 'MISSING',
  product_type: 'MISSING',
  dimension_unit: 'MISSING'
}
Failed to parse comparison for match 2810: {
  grade: 'MISSING',
  length: 'MISSING',
  material: 'MISSING',
  pressure: 'MISSING',
  standard: 'MISSING',
  dimension: 'MISSING',
  product_type: 'MISSING',
  dimension_unit: 'MISSING'
}
Failed to parse comparison for match 2811: {
  grade: 'MISSING',
  length: 'MISSING',
  material: 'MISSING',
  pressure: 'MISSING',
  standard: 'MISSING',
  dimension: 'MISSING',
  product_type: 'MISSING',
  dimension_unit: 'MISSING'
}
Failed to parse comparison for match 2812: {
  grade: 'MISSING',
  length: 'MISSING',
  material: 'MISSING',
  pressure: 'MISSING',
  standard: 'MISSING',
  dimension: 'MISSING',
  product_type: 'MISSING',
  dimension_unit: 'MISSING'
}
Failed to parse comparison for match 2813: {
  grade: 'MISSING',
  length: 'MISSING',
  material: 'MISSING',
  pressure: 'MISSING',
  standard: 'MISSING',
  dimension: 'MISSING',
  product_type: 'MISSING',
  dimension_unit: 'MISSING'
}
Failed to parse comparison for match 2814: {
  grade: 'MISSING',
  length: 'MISSING',
  material: 'MISSING',
  pressure: 'MISSING',
  standard: 'MISSING',
  dimension: 'MISSING',
  product_type: 'MISSING',
  dimension_unit: 'MISSING'
}
Failed to parse comparison for match 2815: {
  grade: 'MISSING',
  length: 'MISSING',
  material: 'MISSING',
  pressure: 'MISSING',
  standard: 'MISSING',
  dimension: 'MISSING',
  product_type: 'MISSING',
  dimension_unit: 'MISSING'
}
Failed to parse comparison for match 2816: {
  grade: 'MISSING',
  length: 'MISSING',
  material: 'MISSING',
  pressure: 'MISSING',
  standard: 'MISSING',
  dimension: 'MISSING',
  product_type: 'MISSING',
  dimension_unit: 'MISSING'
}
Failed to parse comparison for match 2817: {
  grade: 'MISSING',
  length: 'MISSING',
  material: 'MISSING',
  pressure: 'MISSING',
  standard: 'MISSING',
  dimension: 'MISSING',
  product_type: 'MISSING',
  dimension_unit: 'MISSING'
}
Failed to parse comparison for match 2818: {
  grade: 'MISSING',
  length: 'MISSING',
  material: 'MISSING',
  pressure: 'MISSING',
  standard: 'MISSING',
  dimension: 'MISSING',
  product_type: 'MISSING',
  dimension_unit: 'MISSING'
}
Failed to parse comparison for match 2819: {
  grade: 'MISSING',
  length: 'MISSING',
  material: 'MISSING',
  pressure: 'MISSING',
  standard: 'MISSING',
  dimension: 'MISSING',
  product_type: 'MISSING',
  dimension_unit: 'MISSING'
}
Failed to parse comparison for match 2820: {
  grade: 'MISSING',
  length: 'MISSING',
  material: 'MISSING',
  pressure: 'MISSING',
  standard: 'MISSING',
  dimension: 'MISSING',
  product_type: 'MISSING',
  dimension_unit: 'MISSING'
}
Failed to parse comparison for match 2821: {
  grade: 'MISSING',
  length: 'MISSING',
  material: 'MISSING',
  pressure: 'MISSING',
  standard: 'MISSING',
  dimension: 'MISSING',
  product_type: 'MISSING',
  dimension_unit: 'MISSING'
}
Failed to parse comparison for match 2822: {
  grade: 'MISSING',
  length: 'MISSING',
  material: 'MISSING',
  pressure: 'MISSING',
  standard: 'MISSING',
  dimension: 'MISSING',
  product_type: 'MISSING',
  dimension_unit: 'MISSING'
}
Failed to parse comparison for match 2823: {
  grade: 'MISSING',
  length: 'MISSING',
  material: 'MISSING',
  pressure: 'MISSING',
  standard: 'MISSING',
  dimension: 'MISSING',
  product_type: 'MISSING',
  dimension_unit: 'MISSING'
}
Failed to parse comparison for match 2824: {
  grade: 'MISSING',
  length: 'MISSING',
  material: 'MISSING',
  pressure: 'MISSING',
  standard: 'MISSING',
  dimension: 'MISSING',
  product_type: 'MISSING',
  dimension_unit: 'MISSING'
}
Failed to parse comparison for match 2825: {
  grade: 'MISSING',
  length: 'MISSING',
  material: 'MISSING',
  pressure: 'MISSING',
  standard: 'MISSING',
  dimension: 'MISSING',
  product_type: 'MISSING',
  dimension_unit: 'MISSING'
}
Failed to parse comparison for match 2826: {
  grade: 'MISSING',
  length: 'MISSING',
  material: 'MISSING',
  pressure: 'MISSING',
  standard: 'MISSING',
  dimension: 'MISSING',
  product_type: 'MISSING',
  dimension_unit: 'MISSING'
}
Failed to parse comparison for match 2827: {
  grade: 'MISSING',
  length: 'MISSING',
  material: 'MISSING',
  pressure: 'MISSING',
  standard: 'MISSING',
  dimension: 'MISSING',
  product_type: 'MISSING',
  dimension_unit: 'MISSING'
}
Failed to parse comparison for match 2828: {
  grade: 'MISSING',
  length: 'MISSING',
  material: 'MISSING',
  pressure: 'MISSING',
  standard: 'MISSING',
  dimension: 'MISSING',
  product_type: 'MISSING',
  dimension_unit: 'MISSING'
}
Failed to parse comparison for match 2829: {
  grade: 'MISSING',
  length: 'MISSING',
  material: 'MISSING',
  pressure: 'MISSING',
  standard: 'MISSING',
  dimension: 'MISSING',
  product_type: 'MISSING',
  dimension_unit: 'MISSING'
}
Failed to parse comparison for match 2830: {
  grade: 'MISSING',
  length: 'MISSING',
  material: 'MISSING',
  pressure: 'MISSING',
  standard: 'MISSING',
  dimension: 'MISSING',
  product_type: 'MISSING',
  dimension_unit: 'MISSING'
}
Failed to parse comparison for match 2831: {
  grade: 'MISSING',
  length: 'MISSING',
  material: 'MISSING',
  pressure: 'MISSING',
  standard: 'MISSING',
  dimension: 'MISSING',
  product_type: 'MISSING',
  dimension_unit: 'MISSING'
}
Failed to parse comparison for match 2832: {
  grade: 'MISSING',
  length: 'MISSING',
  material: 'MISSING',
  pressure: 'MISSING',
  standard: 'MISSING',
  dimension: 'MISSING',
  product_type: 'MISSING',
  dimension_unit: 'MISSING'
}
Failed to parse comparison for match 2833: {
  grade: 'MISSING',
  length: 'MISSING',
  material: 'MISSING',
  pressure: 'MISSING',
  standard: 'MISSING',
  dimension: 'MISSING',
  product_type: 'MISSING',
  dimension_unit: 'MISSING'
}
Failed to parse comparison for match 2834: {
  grade: 'MISSING',
  length: 'MISSING',
  material: 'MISSING',
  pressure: 'MISSING',
  standard: 'MISSING',
  dimension: 'MISSING',
  product_type: 'MISSING',
  dimension_unit: 'MISSING'
}
Failed to parse comparison for match 2835: {
  grade: 'MISSING',
  length: 'MISSING',
  material: 'MISSING',
  pressure: 'MISSING',
  standard: 'MISSING',
  dimension: 'MISSING',
  product_type: 'MISSING',
  dimension_unit: 'MISSING'
}
Failed to parse comparison for match 2836: {
  grade: 'MISSING',
  length: 'MISSING',
  material: 'MISSING',
  pressure: 'MISSING',
  standard: 'MISSING',
  dimension: 'MISSING',
  product_type: 'MISSING',
  dimension_unit: 'MISSING'
}
Failed to parse comparison for match 2837: {
  grade: 'MISSING',
  length: 'MISSING',
  material: 'MISSING',
  pressure: 'MISSING',
  standard: 'MISSING',
  dimension: 'MISSING',
  product_type: 'MISSING',
  dimension_unit: 'MISSING'
}
Failed to parse comparison for match 2838: {
  grade: 'MISSING',
  length: 'MISSING',
  material: 'MISSING',
  pressure: 'MISSING',
  standard: 'MISSING',
  dimension: 'MISSING',
  product_type: 'MISSING',
  dimension_unit: 'MISSING'
}
Failed to parse comparison for match 2839: {
  grade: 'MISSING',
  length: 'MISSING',
  material: 'MISSING',
  pressure: 'MISSING',
  standard: 'MISSING',
  dimension: 'MISSING',
  product_type: 'MISSING',
  dimension_unit: 'MISSING'
}
Failed to parse comparison for match 2840: {
  grade: 'MISSING',
  length: 'MISSING',
  material: 'MISSING',
  pressure: 'MISSING',
  standard: 'MISSING',
  dimension: 'MISSING',
  product_type: 'MISSING',
  dimension_unit: 'MISSING'
}
Failed to parse comparison for match 2841: {
  grade: 'MISSING',
  length: 'MISSING',
  material: 'MISSING',
  pressure: 'MISSING',
  standard: 'MISSING',
  dimension: 'MISSING',
  product_type: 'MISSING',
  dimension_unit: 'MISSING'
}
Failed to parse comparison for match 2842: {
  grade: 'MISSING',
  length: 'MISSING',
  material: 'MISSING',
  pressure: 'MISSING',
  standard: 'MISSING',
  dimension: 'MISSING',
  product_type: 'MISSING',
  dimension_unit: 'MISSING'
}
Failed to parse comparison for match 2843: {
  grade: 'MISSING',
  length: 'MISSING',
  material: 'MISSING',
  pressure: 'MISSING',
  standard: 'MISSING',
  dimension: 'MISSING',
  product_type: 'MISSING',
  dimension_unit: 'MISSING'
}
Failed to parse comparison for match 2844: {
  grade: 'MISSING',
  length: 'MISSING',
  material: 'MISSING',
  pressure: 'MISSING',
  standard: 'MISSING',
  dimension: 'MISSING',
  product_type: 'MISSING',
  dimension_unit: 'MISSING'
}
Failed to parse comparison for match 2845: {
  grade: 'MISSING',
  length: 'MISSING',
  material: 'MISSING',
  pressure: 'MISSING',
  standard: 'MISSING',
  dimension: 'MISSING',
  product_type: 'MISSING',
  dimension_unit: 'MISSING'
}
Failed to parse comparison for match 2846: {
  grade: 'MISSING',
  length: 'MISSING',
  material: 'MISSING',
  pressure: 'MISSING',
  standard: 'MISSING',
  dimension: 'MISSING',
  product_type: 'MISSING',
  dimension_unit: 'MISSING'
}
Failed to parse comparison for match 2847: {
  grade: 'MISSING',
  length: 'MISSING',
  material: 'MISSING',
  pressure: 'MISSING',
  standard: 'MISSING',
  dimension: 'MISSING',
  product_type: 'MISSING',
  dimension_unit: 'MISSING'
}
Failed to parse comparison for match 2848: {
  grade: 'MISSING',
  length: 'MISSING',
  material: 'MISSING',
  pressure: 'MISSING',
  standard: 'MISSING',
  dimension: 'MISSING',
  product_type: 'MISSING',
  dimension_unit: 'MISSING'
}
Failed to parse comparison for match 2849: {
  grade: 'MISSING',
  length: 'MISSING',
  material: 'MISSING',
  pressure: 'MISSING',
  standard: 'MISSING',
  dimension: 'MISSING',
  product_type: 'MISSING',
  dimension_unit: 'MISSING'
}
Failed to parse comparison for match 2850: {
  grade: 'MISSING',
  length: 'MISSING',
  material: 'MISSING',
  pressure: 'MISSING',
  standard: 'MISSING',
  dimension: 'MISSING',
  product_type: 'MISSING',
  dimension_unit: 'MISSING'
}
Failed to parse comparison for match 2851: {
  grade: 'MISSING',
  length: 'MISSING',
  material: 'MISSING',
  pressure: 'MISSING',
  standard: 'MISSING',
  dimension: 'MISSING',
  product_type: 'MISSING',
  dimension_unit: 'MISSING'
}
Failed to parse comparison for match 2852: {
  grade: 'MISSING',
  length: 'MISSING',
  material: 'MISSING',
  pressure: 'MISSING',
  standard: 'MISSING',
  dimension: 'MISSING',
  product_type: 'MISSING',
  dimension_unit: 'MISSING'
}
Failed to parse comparison for match 2853: {
  grade: 'MISSING',
  length: 'MISSING',
  material: 'MISSING',
  pressure: 'MISSING',
  standard: 'MISSING',
  dimension: 'MISSING',
  product_type: 'MISSING',
  dimension_unit: 'MISSING'
}
Failed to parse comparison for match 2854: {
  grade: 'MISSING',
  length: 'MISSING',
  material: 'MISSING',
  pressure: 'MISSING',
  standard: 'MISSING',
  dimension: 'MISSING',
  product_type: 'MISSING',
  dimension_unit: 'MISSING'
}
Failed to parse comparison for match 2855: {
  grade: 'MISSING',
  length: 'MISSING',
  material: 'MISSING',
  pressure: 'MISSING',
  standard: 'MISSING',
  dimension: 'MISSING',
  product_type: 'MISSING',
  dimension_unit: 'MISSING'
}
Failed to parse comparison for match 2856: {
  grade: 'MISSING',
  length: 'MISSING',
  material: 'MISSING',
  pressure: 'MISSING',
  standard: 'MISSING',
  dimension: 'MISSING',
  product_type: 'MISSING',
  dimension_unit: 'MISSING'
}
Failed to parse comparison for match 2857: {
  grade: 'MISSING',
  length: 'MISSING',
  material: 'MISSING',
  pressure: 'MISSING',
  standard: 'MISSING',
  dimension: 'MISSING',
  product_type: 'MISSING',
  dimension_unit: 'MISSING'
}
Failed to parse comparison for match 2858: {
  grade: 'MISSING',
  length: 'MISSING',
  material: 'MISSING',
  pressure: 'MISSING',
  standard: 'MISSING',
  dimension: 'MISSING',
  product_type: 'MISSING',
  dimension_unit: 'MISSING'
}
Failed to parse comparison for match 2859: {
  grade: 'MISSING',
  length: 'MISSING',
  material: 'MISSING',
  pressure: 'MISSING',
  standard: 'MISSING',
  dimension: 'MISSING',
  product_type: 'MISSING',
  dimension_unit: 'MISSING'
}
Failed to parse comparison for match 2860: {
  grade: 'MISSING',
  length: 'MISSING',
  material: 'MISSING',
  pressure: 'MISSING',
  standard: 'MISSING',
  dimension: 'MISSING',
  product_type: 'MISSING',
  dimension_unit: 'MISSING'
}
Failed to parse comparison for match 2861: {
  grade: 'MISSING',
  length: 'MISSING',
  material: 'MISSING',
  pressure: 'MISSING',
  standard: 'MISSING',
  dimension: 'MISSING',
  product_type: 'MISSING',
  dimension_unit: 'MISSING'
}
Failed to parse comparison for match 2862: {
  grade: 'MISSING',
  length: 'MISSING',
  material: 'MISSING',
  pressure: 'MISSING',
  standard: 'MISSING',
  dimension: 'MISSING',
  product_type: 'MISSING',
  dimension_unit: 'MISSING'
}
Failed to parse comparison for match 2863: {
  grade: 'MISSING',
  length: 'MISSING',
  material: 'MISSING',
  pressure: 'MISSING',
  standard: 'MISSING',
  dimension: 'MISSING',
  product_type: 'MISSING',
  dimension_unit: 'MISSING'
}
Failed to parse comparison for match 2864: {
  grade: 'MISSING',
  length: 'MISSING',
  material: 'MISSING',
  pressure: 'MISSING',
  standard: 'MISSING',
  dimension: 'MISSING',
  product_type: 'MISSING',
  dimension_unit: 'MISSING'
}
Failed to parse comparison for match 2865: {
  grade: 'MISSING',
  length: 'MISSING',
  material: 'MISSING',
  pressure: 'MISSING',
  standard: 'MISSING',
  dimension: 'MISSING',
  product_type: 'MISSING',
  dimension_unit: 'MISSING'
}
Failed to parse comparison for match 2866: {
  grade: 'MISSING',
  length: 'MISSING',
  material: 'MISSING',
  pressure: 'MISSING',
  standard: 'MISSING',
  dimension: 'MISSING',
  product_type: 'MISSING',
  dimension_unit: 'MISSING'
}
Failed to parse comparison for match 2867: {
  grade: 'MISSING',
  length: 'MISSING',
  material: 'MISSING',
  pressure: 'MISSING',
  standard: 'MISSING',
  dimension: 'MISSING',
  product_type: 'MISSING',
  dimension_unit: 'MISSING'
}
Failed to parse comparison for match 2868: {
  grade: 'MISSING',
  length: 'MISSING',
  material: 'MISSING',
  pressure: 'MISSING',
  standard: 'MISSING',
  dimension: 'MISSING',
  product_type: 'MISSING',
  dimension_unit: 'MISSING'
}
Failed to parse comparison for match 2869: {
  grade: 'MISSING',
  length: 'MISSING',
  material: 'MISSING',
  pressure: 'MISSING',
  standard: 'MISSING',
  dimension: 'MISSING',
  product_type: 'MISSING',
  dimension_unit: 'MISSING'
}
Failed to parse comparison for match 2870: {
  grade: 'MISSING',
  length: 'MISSING',
  material: 'MISSING',
  pressure: 'MISSING',
  standard: 'MISSING',
  dimension: 'MISSING',
  product_type: 'MISSING',
  dimension_unit: 'MISSING'
}
Failed to parse comparison for match 2871: {
  grade: 'MISSING',
  length: 'MISSING',
  material: 'MISSING',
  pressure: 'MISSING',
  standard: 'MISSING',
  dimension: 'MISSING',
  product_type: 'MISSING',
  dimension_unit: 'MISSING'
}
Failed to parse comparison for match 2872: {
  grade: 'MISSING',
  length: 'MISSING',
  material: 'MISSING',
  pressure: 'MISSING',
  standard: 'MISSING',
  dimension: 'MISSING',
  product_type: 'MISSING',
  dimension_unit: 'MISSING'
}
Failed to parse comparison for match 2873: {
  grade: 'MISSING',
  length: 'MISSING',
  material: 'MISSING',
  pressure: 'MISSING',
  standard: 'MISSING',
  dimension: 'MISSING',
  product_type: 'MISSING',
  dimension_unit: 'MISSING'
}
Failed to parse comparison for match 2874: {
  grade: 'MISSING',
  length: 'MISSING',
  material: 'MISSING',
  pressure: 'MISSING',
  standard: 'MISSING',
  dimension: 'MISSING',
  product_type: 'MISSING',
  dimension_unit: 'MISSING'
}
Failed to parse comparison for match 2875: {
  grade: 'MISSING',
  length: 'MISSING',
  material: 'MISSING',
  pressure: 'MISSING',
  standard: 'MISSING',
  dimension: 'MISSING',
  product_type: 'MISSING',
  dimension_unit: 'MISSING'
}
Failed to parse comparison for match 2876: {
  grade: 'MISSING',
  length: 'MISSING',
  material: 'MISSING',
  pressure: 'MISSING',
  standard: 'MISSING',
  dimension: 'MISSING',
  product_type: 'MISSING',
  dimension_unit: 'MISSING'
}
Failed to parse comparison for match 2877: {
  grade: 'MISSING',
  length: 'MISSING',
  material: 'MISSING',
  pressure: 'MISSING',
  standard: 'MISSING',
  dimension: 'MISSING',
  product_type: 'MISSING',
  dimension_unit: 'MISSING'
}
Failed to parse comparison for match 2878: {
  grade: 'MISSING',
  length: 'MISSING',
  material: 'MISSING',
  pressure: 'MISSING',
  standard: 'MISSING',
  dimension: 'MISSING',
  product_type: 'MISSING',
  dimension_unit: 'MISSING'
}
Failed to parse comparison for match 2879: {
  grade: 'MISSING',
  length: 'MISSING',
  material: 'MISSING',
  pressure: 'MISSING',
  standard: 'MISSING',
  dimension: 'MISSING',
  product_type: 'MISSING',
  dimension_unit: 'MISSING'
}
Failed to parse comparison for match 2880: {
  grade: 'MISSING',
  length: 'MISSING',
  material: 'MISSING',
  pressure: 'MISSING',
  standard: 'MISSING',
  dimension: 'MISSING',
  product_type: 'MISSING',
  dimension_unit: 'MISSING'
}
Failed to parse comparison for match 2881: {
  grade: 'MISSING',
  length: 'MISSING',
  material: 'MISSING',
  pressure: 'MISSING',
  standard: 'MISSING',
  dimension: 'MISSING',
  product_type: 'MISSING',
  dimension_unit: 'MISSING'
}
Failed to parse comparison for match 2882: {
  grade: 'MISSING',
  length: 'MISSING',
  material: 'MISSING',
  pressure: 'MISSING',
  standard: 'MISSING',
  dimension: 'MISSING',
  product_type: 'MISSING',
  dimension_unit: 'MISSING'
}
Failed to parse comparison for match 2883: {
  grade: 'MISSING',
  length: 'MISSING',
  material: 'MISSING',
  pressure: 'MISSING',
  standard: 'MISSING',
  dimension: 'MISSING',
  product_type: 'MISSING',
  dimension_unit: 'MISSING'
}
Failed to parse comparison for match 2884: {
  grade: 'MISSING',
  length: 'MISSING',
  material: 'MISSING',
  pressure: 'MISSING',
  standard: 'MISSING',
  dimension: 'MISSING',
  product_type: 'MISSING',
  dimension_unit: 'MISSING'
}
Failed to parse comparison for match 2885: {
  grade: 'MISSING',
  length: 'MISSING',
  material: 'MISSING',
  pressure: 'MISSING',
  standard: 'MISSING',
  dimension: 'MISSING',
  product_type: 'MISSING',
  dimension_unit: 'MISSING'
}
Failed to parse comparison for match 2886: {
  grade: 'MISSING',
  length: 'MISSING',
  material: 'MISSING',
  pressure: 'MISSING',
  standard: 'MISSING',
  dimension: 'MISSING',
  product_type: 'MISSING',
  dimension_unit: 'MISSING'
}
Failed to parse comparison for match 2887: {
  grade: 'MISSING',
  length: 'MISSING',
  material: 'MISSING',
  pressure: 'MISSING',
  standard: 'MISSING',
  dimension: 'MISSING',
  product_type: 'MISSING',
  dimension_unit: 'MISSING'
}
Failed to parse comparison for match 2888: {
  grade: 'MISSING',
  length: 'MISSING',
  material: 'MISSING',
  pressure: 'MISSING',
  standard: 'MISSING',
  dimension: 'MISSING',
  product_type: 'MISSING',
  dimension_unit: 'MISSING'
}
Failed to parse comparison for match 2889: {
  grade: 'MISSING',
  length: 'MISSING',
  material: 'MISSING',
  pressure: 'MISSING',
  standard: 'MISSING',
  dimension: 'MISSING',
  product_type: 'MISSING',
  dimension_unit: 'MISSING'
}
Failed to parse comparison for match 2890: {
  grade: 'MISSING',
  length: 'MISSING',
  material: 'MISSING',
  pressure: 'MISSING',
  standard: 'MISSING',
  dimension: 'MISSING',
  product_type: 'MISSING',
  dimension_unit: 'MISSING'
}
Failed to parse comparison for match 2891: {
  grade: 'MISSING',
  length: 'MISSING',
  material: 'MISSING',
  pressure: 'MISSING',
  standard: 'MISSING',
  dimension: 'MISSING',
  product_type: 'MISSING',
  dimension_unit: 'MISSING'
}
Failed to parse comparison for match 2892: {
  grade: 'MISSING',
  length: 'MISSING',
  material: 'MISSING',
  pressure: 'MISSING',
  standard: 'MISSING',
  dimension: 'MISSING',
  product_type: 'MISSING',
  dimension_unit: 'MISSING'
}
Failed to parse comparison for match 2893: {
  grade: 'MISSING',
  length: 'MISSING',
  material: 'MISSING',
  pressure: 'MISSING',
  standard: 'MISSING',
  dimension: 'MISSING',
  product_type: 'MISSING',
  dimension_unit: 'MISSING'
}
Failed to parse comparison for match 2894: {
  grade: 'MISSING',
  length: 'MISSING',
  material: 'MISSING',
  pressure: 'MISSING',
  standard: 'MISSING',
  dimension: 'MISSING',
  product_type: 'MISSING',
  dimension_unit: 'MISSING'
}
Failed to parse comparison for match 2895: {
  grade: 'MISSING',
  length: 'MISSING',
  material: 'MISSING',
  pressure: 'MISSING',
  standard: 'MISSING',
  dimension: 'MISSING',
  product_type: 'MISSING',
  dimension_unit: 'MISSING'
}
Failed to parse comparison for match 2896: {
  grade: 'MISSING',
  length: 'MISSING',
  material: 'MISSING',
  pressure: 'MISSING',
  standard: 'MISSING',
  dimension: 'MISSING',
  product_type: 'MISSING',
  dimension_unit: 'MISSING'
}
Failed to parse comparison for match 2897: {
  grade: 'MISSING',
  length: 'MISSING',
  material: 'MISSING',
  pressure: 'MISSING',
  standard: 'MISSING',
  dimension: 'MISSING',
  product_type: 'MISSING',
  dimension_unit: 'MISSING'
}
Failed to parse comparison for match 2898: {
  grade: 'MISSING',
  length: 'MISSING',
  material: 'MISSING',
  pressure: 'MISSING',
  standard: 'MISSING',
  dimension: 'MISSING',
  product_type: 'MISSING',
  dimension_unit: 'MISSING'
}
Failed to parse comparison for match 2899: {
  grade: 'MISSING',
  length: 'MISSING',
  material: 'MISSING',
  pressure: 'MISSING',
  standard: 'MISSING',
  dimension: 'MISSING',
  product_type: 'MISSING',
  dimension_unit: 'MISSING'
}
Failed to parse comparison for match 2900: {
  grade: 'MISSING',
  length: 'MISSING',
  material: 'MISSING',
  pressure: 'MISSING',
  standard: 'MISSING',
  dimension: 'MISSING',
  product_type: 'MISSING',
  dimension_unit: 'MISSING'
}
Failed to parse comparison for match 2901: {
  grade: 'MISSING',
  length: 'MISSING',
  material: 'MISSING',
  pressure: 'MISSING',
  standard: 'MISSING',
  dimension: 'MISSING',
  product_type: 'MISSING',
  dimension_unit: 'MISSING'
}
Failed to parse comparison for match 2902: {
  grade: 'MISSING',
  length: 'MISSING',
  material: 'MISSING',
  pressure: 'MISSING',
  standard: 'MISSING',
  dimension: 'MISSING',
  product_type: 'MISSING',
  dimension_unit: 'MISSING'
}
Failed to parse comparison for match 2903: {
  grade: 'MISSING',
  length: 'MISSING',
  material: 'MISSING',
  pressure: 'MISSING',
  standard: 'MISSING',
  dimension: 'MISSING',
  product_type: 'MISSING',
  dimension_unit: 'MISSING'
}
Failed to parse comparison for match 2904: {
  grade: 'MISSING',
  length: 'MISSING',
  material: 'MISSING',
  pressure: 'MISSING',
  standard: 'MISSING',
  dimension: 'MISSING',
  product_type: 'MISSING',
  dimension_unit: 'MISSING'
}
Failed to parse comparison for match 2905: {
  grade: 'MISSING',
  length: 'MISSING',
  material: 'MISSING',
  pressure: 'MISSING',
  standard: 'MISSING',
  dimension: 'MISSING',
  product_type: 'MISSING',
  dimension_unit: 'MISSING'
}
Failed to parse comparison for match 2906: {
  grade: 'MISSING',
  length: 'MISSING',
  material: 'MISSING',
  pressure: 'MISSING',
  standard: 'MISSING',
  dimension: 'MISSING',
  product_type: 'MISSING',
  dimension_unit: 'MISSING'
}
Failed to parse comparison for match 2907: {
  grade: 'MISSING',
  length: 'MISSING',
  material: 'MISSING',
  pressure: 'MISSING',
  standard: 'MISSING',
  dimension: 'MISSING',
  product_type: 'MISSING',
  dimension_unit: 'MISSING'
}
Failed to parse comparison for match 2908: {
  grade: 'MISSING',
  length: 'MISSING',
  material: 'MISSING',
  pressure: 'MISSING',
  standard: 'MISSING',
  dimension: 'MISSING',
  product_type: 'MISSING',
  dimension_unit: 'MISSING'
}
Failed to parse comparison for match 2909: {
  grade: 'MISSING',
  length: 'MISSING',
  material: 'MISSING',
  pressure: 'MISSING',
  standard: 'MISSING',
  dimension: 'MISSING',
  product_type: 'MISSING',
  dimension_unit: 'MISSING'
}
Failed to parse comparison for match 2910: {
  grade: 'MISSING',
  length: 'MISSING',
  material: 'MISSING',
  pressure: 'MISSING',
  standard: 'MISSING',
  dimension: 'MISSING',
  product_type: 'MISSING',
  dimension_unit: 'MISSING'
}
Failed to parse comparison for match 2911: {
  grade: 'MISSING',
  length: 'MISSING',
  material: 'MISSING',
  pressure: 'MISSING',
  standard: 'MISSING',
  dimension: 'MISSING',
  product_type: 'MISSING',
  dimension_unit: 'MISSING'
}
Failed to parse comparison for match 2912: {
  grade: 'MISSING',
  length: 'MISSING',
  material: 'MISSING',
  pressure: 'MISSING',
  standard: 'MISSING',
  dimension: 'MISSING',
  product_type: 'MISSING',
  dimension_unit: 'MISSING'
}
Failed to parse comparison for match 2913: {
  grade: 'MISSING',
  length: 'MISSING',
  material: 'MISSING',
  pressure: 'MISSING',
  standard: 'MISSING',
  dimension: 'MISSING',
  product_type: 'MISSING',
  dimension_unit: 'MISSING'
}
Failed to parse comparison for match 2914: {
  grade: 'MISSING',
  length: 'MISSING',
  material: 'MISSING',
  pressure: 'MISSING',
  standard: 'MISSING',
  dimension: 'MISSING',
  product_type: 'MISSING',
  dimension_unit: 'MISSING'
}
Failed to parse comparison for match 2915: {
  grade: 'MISSING',
  length: 'MISSING',
  material: 'MISSING',
  pressure: 'MISSING',
  standard: 'MISSING',
  dimension: 'MISSING',
  product_type: 'MISSING',
  dimension_unit: 'MISSING'
}
Failed to parse comparison for match 2916: {
  grade: 'MISSING',
  length: 'MISSING',
  material: 'MISSING',
  pressure: 'MISSING',
  standard: 'MISSING',
  dimension: 'MISSING',
  product_type: 'MISSING',
  dimension_unit: 'MISSING'
}
Failed to parse comparison for match 2917: {
  grade: 'MISSING',
  length: 'MISSING',
  material: 'MISSING',
  pressure: 'MISSING',
  standard: 'MISSING',
  dimension: 'MISSING',
  product_type: 'MISSING',
  dimension_unit: 'MISSING'
}
Failed to parse comparison for match 2918: {
  grade: 'MISSING',
  length: 'MISSING',
  material: 'MISSING',
  pressure: 'MISSING',
  standard: 'MISSING',
  dimension: 'MISSING',
  product_type: 'MISSING',
  dimension_unit: 'MISSING'
}
Failed to parse comparison for match 2919: {
  grade: 'MISSING',
  length: 'MISSING',
  material: 'MISSING',
  pressure: 'MISSING',
  standard: 'MISSING',
  dimension: 'MISSING',
  product_type: 'MISSING',
  dimension_unit: 'MISSING'
}
Failed to parse comparison for match 2920: {
  grade: 'MISSING',
  length: 'MISSING',
  material: 'MISSING',
  pressure: 'MISSING',
  standard: 'MISSING',
  dimension: 'MISSING',
  product_type: 'MISSING',
  dimension_unit: 'MISSING'
}
Failed to parse comparison for match 2921: {
  grade: 'MISSING',
  length: 'MISSING',
  material: 'MISSING',
  pressure: 'MISSING',
  standard: 'MISSING',
  dimension: 'MISSING',
  product_type: 'MISSING',
  dimension_unit: 'MISSING'
}
Failed to parse comparison for match 2922: {
  grade: 'MISSING',
  length: 'MISSING',
  material: 'MISSING',
  pressure: 'MISSING',
  standard: 'MISSING',
  dimension: 'MISSING',
  product_type: 'MISSING',
  dimension_unit: 'MISSING'
}
Failed to parse comparison for match 2923: {
  grade: 'MISSING',
  length: 'MISSING',
  material: 'MISSING',
  pressure: 'MISSING',
  standard: 'MISSING',
  dimension: 'MISSING',
  product_type: 'MISSING',
  dimension_unit: 'MISSING'
}
Failed to parse comparison for match 2924: {
  grade: 'MISSING',
  length: 'MISSING',
  material: 'MISSING',
  pressure: 'MISSING',
  standard: 'MISSING',
  dimension: 'MISSING',
  product_type: 'MISSING',
  dimension_unit: 'MISSING'
}
Failed to parse comparison for match 2925: {
  grade: 'MISSING',
  length: 'MISSING',
  material: 'MISSING',
  pressure: 'MISSING',
  standard: 'MISSING',
  dimension: 'MISSING',
  product_type: 'MISSING',
  dimension_unit: 'MISSING'
}
Failed to parse comparison for match 2926: {
  grade: 'MISSING',
  length: 'MISSING',
  material: 'MISSING',
  pressure: 'MISSING',
  standard: 'MISSING',
  dimension: 'MISSING',
  product_type: 'MISSING',
  dimension_unit: 'MISSING'
}
Failed to parse comparison for match 2927: {
  grade: 'MISSING',
  length: 'MISSING',
  material: 'MISSING',
  pressure: 'MISSING',
  standard: 'MISSING',
  dimension: 'MISSING',
  product_type: 'MISSING',
  dimension_unit: 'MISSING'
}
Failed to parse comparison for match 2928: {
  grade: 'MISSING',
  length: 'MISSING',
  material: 'MISSING',
  pressure: 'MISSING',
  standard: 'MISSING',
  dimension: 'MISSING',
  product_type: 'MISSING',
  dimension_unit: 'MISSING'
}
Failed to parse comparison for match 2929: {
  grade: 'MISSING',
  length: 'MISSING',
  material: 'MISSING',
  pressure: 'MISSING',
  standard: 'MISSING',
  dimension: 'MISSING',
  product_type: 'MISSING',
  dimension_unit: 'MISSING'
}
Failed to parse comparison for match 2930: {
  grade: 'MISSING',
  length: 'MISSING',
  material: 'MISSING',
  pressure: 'MISSING',
  standard: 'MISSING',
  dimension: 'MISSING',
  product_type: 'MISSING',
  dimension_unit: 'MISSING'
}
Failed to parse comparison for match 2931: {
  grade: 'MISSING',
  length: 'MISSING',
  material: 'MISSING',
  pressure: 'MISSING',
  standard: 'MISSING',
  dimension: 'MISSING',
  product_type: 'MISSING',
  dimension_unit: 'MISSING'
}
Failed to parse comparison for match 2932: {
  grade: 'MISSING',
  length: 'MISSING',
  material: 'MISSING',
  pressure: 'MISSING',
  standard: 'MISSING',
  dimension: 'MISSING',
  product_type: 'MISSING',
  dimension_unit: 'MISSING'
}
Failed to parse comparison for match 2933: {
  grade: 'MISSING',
  length: 'MISSING',
  material: 'MISSING',
  pressure: 'MISSING',
  standard: 'MISSING',
  dimension: 'MISSING',
  product_type: 'MISSING',
  dimension_unit: 'MISSING'
}
Failed to parse comparison for match 2934: {
  grade: 'MISSING',
  length: 'MISSING',
  material: 'MISSING',
  pressure: 'MISSING',
  standard: 'MISSING',
  dimension: 'MISSING',
  product_type: 'MISSING',
  dimension_unit: 'MISSING'
}
Failed to parse comparison for match 2935: {
  grade: 'MISSING',
  length: 'MISSING',
  material: 'MISSING',
  pressure: 'MISSING',
  standard: 'MISSING',
  dimension: 'MISSING',
  product_type: 'MISSING',
  dimension_unit: 'MISSING'
}
Failed to parse comparison for match 2936: {
  grade: 'MISSING',
  length: 'MISSING',
  material: 'MISSING',
  pressure: 'MISSING',
  standard: 'MISSING',
  dimension: 'MISSING',
  product_type: 'MISSING',
  dimension_unit: 'MISSING'
}
Failed to parse comparison for match 2937: {
  grade: 'MISSING',
  length: 'MISSING',
  material: 'MISSING',
  pressure: 'MISSING',
  standard: 'MISSING',
  dimension: 'MISSING',
  product_type: 'MISSING',
  dimension_unit: 'MISSING'
}
Failed to parse comparison for match 2938: {
  grade: 'MISSING',
  length: 'MISSING',
  material: 'MISSING',
  pressure: 'MISSING',
  standard: 'MISSING',
  dimension: 'MISSING',
  product_type: 'MISSING',
  dimension_unit: 'MISSING'
}
Failed to parse comparison for match 2939: {
  grade: 'MISSING',
  length: 'MISSING',
  material: 'MISSING',
  pressure: 'MISSING',
  standard: 'MISSING',
  dimension: 'MISSING',
  product_type: 'MISSING',
  dimension_unit: 'MISSING'
}
Failed to parse comparison for match 2940: {
  grade: 'MISSING',
  length: 'MISSING',
  material: 'MISSING',
  pressure: 'MISSING',
  standard: 'MISSING',
  dimension: 'MISSING',
  product_type: 'MISSING',
  dimension_unit: 'MISSING'
}
Failed to parse comparison for match 2941: {
  grade: 'MISSING',
  length: 'MISSING',
  material: 'MISSING',
  pressure: 'MISSING',
  standard: 'MISSING',
  dimension: 'MISSING',
  product_type: 'MISSING',
  dimension_unit: 'MISSING'
}
Failed to parse comparison for match 2942: {
  grade: 'MISSING',
  length: 'MISSING',
  material: 'MISSING',
  pressure: 'MISSING',
  standard: 'MISSING',
  dimension: 'MISSING',
  product_type: 'MISSING',
  dimension_unit: 'MISSING'
}
Failed to parse comparison for match 2943: {
  grade: 'MISSING',
  length: 'MISSING',
  material: 'MISSING',
  pressure: 'MISSING',
  standard: 'MISSING',
  dimension: 'MISSING',
  product_type: 'MISSING',
  dimension_unit: 'MISSING'
}
Failed to parse comparison for match 2944: {
  grade: 'MISSING',
  length: 'MISSING',
  material: 'MISSING',
  pressure: 'MISSING',
  standard: 'MISSING',
  dimension: 'MISSING',
  product_type: 'MISSING',
  dimension_unit: 'MISSING'
}
Failed to parse comparison for match 2945: {
  grade: 'MISSING',
  length: 'MISSING',
  material: 'MISSING',
  pressure: 'MISSING',
  standard: 'MISSING',
  dimension: 'MISSING',
  product_type: 'MISSING',
  dimension_unit: 'MISSING'
}
Failed to parse comparison for match 2946: {
  grade: 'MISSING',
  length: 'MISSING',
  material: 'MISSING',
  pressure: 'MISSING',
  standard: 'MISSING',
  dimension: 'MISSING',
  product_type: 'MISSING',
  dimension_unit: 'MISSING'
}
Failed to parse comparison for match 2947: {
  grade: 'MISSING',
  length: 'MISSING',
  material: 'MISSING',
  pressure: 'MISSING',
  standard: 'MISSING',
  dimension: 'MISSING',
  product_type: 'MISSING',
  dimension_unit: 'MISSING'
}
Failed to parse comparison for match 2948: {
  grade: 'MISSING',
  length: 'MISSING',
  material: 'MISSING',
  pressure: 'MISSING',
  standard: 'MISSING',
  dimension: 'MISSING',
  product_type: 'MISSING',
  dimension_unit: 'MISSING'
}
Failed to parse comparison for match 2949: {
  grade: 'MISSING',
  length: 'MISSING',
  material: 'MISSING',
  pressure: 'MISSING',
  standard: 'MISSING',
  dimension: 'MISSING',
  product_type: 'MISSING',
  dimension_unit: 'MISSING'
}
Failed to parse comparison for match 2950: {
  grade: 'MISSING',
  length: 'MISSING',
  material: 'MISSING',
  pressure: 'MISSING',
  standard: 'MISSING',
  dimension: 'MISSING',
  product_type: 'MISSING',
  dimension_unit: 'MISSING'
}
Failed to parse comparison for match 2951: {
  grade: 'MISSING',
  length: 'MISSING',
  material: 'MISSING',
  pressure: 'MISSING',
  standard: 'MISSING',
  dimension: 'MISSING',
  product_type: 'MISSING',
  dimension_unit: 'MISSING'
}
Failed to parse comparison for match 2952: {
  grade: 'MISSING',
  length: 'MISSING',
  material: 'MISSING',
  pressure: 'MISSING',
  standard: 'MISSING',
  dimension: 'MISSING',
  product_type: 'MISSING',
  dimension_unit: 'MISSING'
}
Failed to parse comparison for match 2953: {
  grade: 'MISSING',
  length: 'MISSING',
  material: 'MISSING',
  pressure: 'MISSING',
  standard: 'MISSING',
  dimension: 'MISSING',
  product_type: 'MISSING',
  dimension_unit: 'MISSING'
}
Failed to parse comparison for match 2954: {
  grade: 'MISSING',
  length: 'MISSING',
  material: 'MISSING',
  pressure: 'MISSING',
  standard: 'MISSING',
  dimension: 'MISSING',
  product_type: 'MISSING',
  dimension_unit: 'MISSING'
}
Failed to parse comparison for match 2955: {
  grade: 'MISSING',
  length: 'MISSING',
  material: 'MISSING',
  pressure: 'MISSING',
  standard: 'MISSING',
  dimension: 'MISSING',
  product_type: 'MISSING',
  dimension_unit: 'MISSING'
}
Failed to parse comparison for match 2956: {
  grade: 'MISSING',
  length: 'MISSING',
  material: 'MISSING',
  pressure: 'MISSING',
  standard: 'MISSING',
  dimension: 'MISSING',
  product_type: 'MISSING',
  dimension_unit: 'MISSING'
}
Failed to parse comparison for match 2957: {
  grade: 'MISSING',
  length: 'MISSING',
  material: 'MISSING',
  pressure: 'MISSING',
  standard: 'MISSING',
  dimension: 'MISSING',
  product_type: 'MISSING',
  dimension_unit: 'MISSING'
}
Failed to parse comparison for match 2958: {
  grade: 'MISSING',
  length: 'MISSING',
  material: 'MISSING',
  pressure: 'MISSING',
  standard: 'MISSING',
  dimension: 'MISSING',
  product_type: 'MISSING',
  dimension_unit: 'MISSING'
}
Failed to parse comparison for match 2959: {
  grade: 'MISSING',
  length: 'MISSING',
  material: 'MISSING',
  pressure: 'MISSING',
  standard: 'MISSING',
  dimension: 'MISSING',
  product_type: 'MISSING',
  dimension_unit: 'MISSING'
}
Failed to parse comparison for match 2960: {
  grade: 'MISSING',
  length: 'MISSING',
  material: 'MISSING',
  pressure: 'MISSING',
  standard: 'MISSING',
  dimension: 'MISSING',
  product_type: 'MISSING',
  dimension_unit: 'MISSING'
}
Failed to parse comparison for match 2961: {
  grade: 'MISSING',
  length: 'MISSING',
  material: 'MISSING',
  pressure: 'MISSING',
  standard: 'MISSING',
  dimension: 'MISSING',
  product_type: 'MISSING',
  dimension_unit: 'MISSING'
}
Failed to parse comparison for match 2962: {
  grade: 'MISSING',
  length: 'MISSING',
  material: 'MISSING',
  pressure: 'MISSING',
  standard: 'MISSING',
  dimension: 'MISSING',
  product_type: 'MISSING',
  dimension_unit: 'MISSING'
}
Failed to parse comparison for match 2963: {
  grade: 'MISSING',
  length: 'MISSING',
  material: 'MISSING',
  pressure: 'MISSING',
  standard: 'MISSING',
  dimension: 'MISSING',
  product_type: 'MISSING',
  dimension_unit: 'MISSING'
}
Failed to parse comparison for match 2964: {
  grade: 'MISSING',
  length: 'MISSING',
  material: 'MISSING',
  pressure: 'MISSING',
  standard: 'MISSING',
  dimension: 'MISSING',
  product_type: 'MISSING',
  dimension_unit: 'MISSING'
}
Failed to parse comparison for match 2965: {
  grade: 'MISSING',
  length: 'MISSING',
  material: 'MISSING',
  pressure: 'MISSING',
  standard: 'MISSING',
  dimension: 'MISSING',
  product_type: 'MISSING',
  dimension_unit: 'MISSING'
}
Failed to parse comparison for match 2966: {
  grade: 'MISSING',
  length: 'MISSING',
  material: 'MISSING',
  pressure: 'MISSING',
  standard: 'MISSING',
  dimension: 'MISSING',
  product_type: 'MISSING',
  dimension_unit: 'MISSING'
}
Failed to parse comparison for match 2967: {
  grade: 'MISSING',
  length: 'MISSING',
  material: 'MISSING',
  pressure: 'MISSING',
  standard: 'MISSING',
  dimension: 'MISSING',
  product_type: 'MISSING',
  dimension_unit: 'MISSING'
}
Failed to parse comparison for match 2968: {
  grade: 'MISSING',
  length: 'MISSING',
  material: 'MISSING',
  pressure: 'MISSING',
  standard: 'MISSING',
  dimension: 'MISSING',
  product_type: 'MISSING',
  dimension_unit: 'MISSING'
}
Failed to parse comparison for match 2969: {
  grade: 'MISSING',
  length: 'MISSING',
  material: 'MISSING',
  pressure: 'MISSING',
  standard: 'MISSING',
  dimension: 'MISSING',
  product_type: 'MISSING',
  dimension_unit: 'MISSING'
}
Failed to parse comparison for match 2970: {
  grade: 'MISSING',
  length: 'MISSING',
  material: 'MISSING',
  pressure: 'MISSING',
  standard: 'MISSING',
  dimension: 'MISSING',
  product_type: 'MISSING',
  dimension_unit: 'MISSING'
}
Failed to parse comparison for match 2971: {
  grade: 'MISSING',
  length: 'MISSING',
  material: 'MISSING',
  pressure: 'MISSING',
  standard: 'MISSING',
  dimension: 'MISSING',
  product_type: 'MISSING',
  dimension_unit: 'MISSING'
}
Failed to parse comparison for match 2972: {
  grade: 'MISSING',
  length: 'MISSING',
  material: 'MISSING',
  pressure: 'MISSING',
  standard: 'MISSING',
  dimension: 'MISSING',
  product_type: 'MISSING',
  dimension_unit: 'MISSING'
}
Failed to parse comparison for match 2973: {
  grade: 'MISSING',
  length: 'MISSING',
  material: 'MISSING',
  pressure: 'MISSING',
  standard: 'MISSING',
  dimension: 'MISSING',
  product_type: 'MISSING',
  dimension_unit: 'MISSING'
}
Failed to parse comparison for match 2974: {
  grade: 'MISSING',
  length: 'MISSING',
  material: 'MISSING',
  pressure: 'MISSING',
  standard: 'MISSING',
  dimension: 'MISSING',
  product_type: 'MISSING',
  dimension_unit: 'MISSING'
}
Failed to parse comparison for match 2975: {
  grade: 'MISSING',
  length: 'MISSING',
  material: 'MISSING',
  pressure: 'MISSING',
  standard: 'MISSING',
  dimension: 'MISSING',
  product_type: 'MISSING',
  dimension_unit: 'MISSING'
}
Failed to parse comparison for match 2976: {
  grade: 'MISSING',
  length: 'MISSING',
  material: 'MISSING',
  pressure: 'MISSING',
  standard: 'MISSING',
  dimension: 'MISSING',
  product_type: 'MISSING',
  dimension_unit: 'MISSING'
}
Failed to parse comparison for match 2977: {
  grade: 'MISSING',
  length: 'MISSING',
  material: 'MISSING',
  pressure: 'MISSING',
  standard: 'MISSING',
  dimension: 'MISSING',
  product_type: 'MISSING',
  dimension_unit: 'MISSING'
}
Failed to parse comparison for match 2978: {
  grade: 'MISSING',
  length: 'MISSING',
  material: 'MISSING',
  pressure: 'MISSING',
  standard: 'MISSING',
  dimension: 'MISSING',
  product_type: 'MISSING',
  dimension_unit: 'MISSING'
}
Failed to parse comparison for match 2979: {
  grade: 'MISSING',
  length: 'MISSING',
  material: 'MISSING',
  pressure: 'MISSING',
  standard: 'MISSING',
  dimension: 'MISSING',
  product_type: 'MISSING',
  dimension_unit: 'MISSING'
}
Failed to parse comparison for match 2980: {
  grade: 'MISSING',
  length: 'MISSING',
  material: 'MISSING',
  pressure: 'MISSING',
  standard: 'MISSING',
  dimension: 'MISSING',
  product_type: 'MISSING',
  dimension_unit: 'MISSING'
}
Failed to parse comparison for match 2981: {
  grade: 'MISSING',
  length: 'MISSING',
  material: 'MISSING',
  pressure: 'MISSING',
  standard: 'MISSING',
  dimension: 'MISSING',
  product_type: 'MISSING',
  dimension_unit: 'MISSING'
}
Failed to parse comparison for match 2982: {
  grade: 'MISSING',
  length: 'MISSING',
  material: 'MISSING',
  pressure: 'MISSING',
  standard: 'MISSING',
  dimension: 'MISSING',
  product_type: 'MISSING',
  dimension_unit: 'MISSING'
}
Failed to parse comparison for match 2983: {
  grade: 'MISSING',
  length: 'MISSING',
  material: 'MISSING',
  pressure: 'MISSING',
  standard: 'MISSING',
  dimension: 'MISSING',
  product_type: 'MISSING',
  dimension_unit: 'MISSING'
}
Failed to parse comparison for match 2984: {
  grade: 'MISSING',
  length: 'MISSING',
  material: 'MISSING',
  pressure: 'MISSING',
  standard: 'MISSING',
  dimension: 'MISSING',
  product_type: 'MISSING',
  dimension_unit: 'MISSING'
}
Failed to parse comparison for match 2985: {
  grade: 'MISSING',
  length: 'MISSING',
  material: 'MISSING',
  pressure: 'MISSING',
  standard: 'MISSING',
  dimension: 'MISSING',
  product_type: 'MISSING',
  dimension_unit: 'MISSING'
}
Failed to parse comparison for match 2986: {
  grade: 'MISSING',
  length: 'MISSING',
  material: 'MISSING',
  pressure: 'MISSING',
  standard: 'MISSING',
  dimension: 'MISSING',
  product_type: 'MISSING',
  dimension_unit: 'MISSING'
}
Failed to parse comparison for match 2987: {
  grade: 'MISSING',
  length: 'MISSING',
  material: 'MISSING',
  pressure: 'MISSING',
  standard: 'MISSING',
  dimension: 'MISSING',
  product_type: 'MISSING',
  dimension_unit: 'MISSING'
}
Failed to parse comparison for match 2988: {
  grade: 'MISSING',
  length: 'MISSING',
  material: 'MISSING',
  pressure: 'MISSING',
  standard: 'MISSING',
  dimension: 'MISSING',
  product_type: 'MISSING',
  dimension_unit: 'MISSING'
}
Failed to parse comparison for match 2989: {
  grade: 'MISSING',
  length: 'MISSING',
  material: 'MISSING',
  pressure: 'MISSING',
  standard: 'MISSING',
  dimension: 'MISSING',
  product_type: 'MISSING',
  dimension_unit: 'MISSING'
}
Failed to parse comparison for match 2990: {
  grade: 'MISSING',
  length: 'MISSING',
  material: 'MISSING',
  pressure: 'MISSING',
  standard: 'MISSING',
  dimension: 'MISSING',
  product_type: 'MISSING',
  dimension_unit: 'MISSING'
}
Failed to parse comparison for match 2991: {
  grade: 'MISSING',
  length: 'MISSING',
  material: 'MISSING',
  pressure: 'MISSING',
  standard: 'MISSING',
  dimension: 'MISSING',
  product_type: 'MISSING',
  dimension_unit: 'MISSING'
}
Failed to parse comparison for match 2992: {
  grade: 'MISSING',
  length: 'MISSING',
  material: 'MISSING',
  pressure: 'MISSING',
  standard: 'MISSING',
  dimension: 'MISSING',
  product_type: 'MISSING',
  dimension_unit: 'MISSING'
}
Failed to parse comparison for match 2993: {
  grade: 'MISSING',
  length: 'MISSING',
  material: 'MISSING',
  pressure: 'MISSING',
  standard: 'MISSING',
  dimension: 'MISSING',
  product_type: 'MISSING',
  dimension_unit: 'MISSING'
}
Failed to parse comparison for match 2994: {
  grade: 'MISSING',
  length: 'MISSING',
  material: 'MISSING',
  pressure: 'MISSING',
  standard: 'MISSING',
  dimension: 'MISSING',
  product_type: 'MISSING',
  dimension_unit: 'MISSING'
}
Failed to parse comparison for match 2995: {
  grade: 'MISSING',
  length: 'MISSING',
  material: 'MISSING',
  pressure: 'MISSING',
  standard: 'MISSING',
  dimension: 'MISSING',
  product_type: 'MISSING',
  dimension_unit: 'MISSING'
}
Failed to parse comparison for match 2996: {
  grade: 'MISSING',
  length: 'MISSING',
  material: 'MISSING',
  pressure: 'MISSING',
  standard: 'MISSING',
  dimension: 'MISSING',
  product_type: 'MISSING',
  dimension_unit: 'MISSING'
}
Failed to parse comparison for match 2997: {
  grade: 'MISSING',
  length: 'MISSING',
  material: 'MISSING',
  pressure: 'MISSING',
  standard: 'MISSING',
  dimension: 'MISSING',
  product_type: 'MISSING',
  dimension_unit: 'MISSING'
}
Failed to parse comparison for match 2998: {
  grade: 'MISSING',
  length: 'MISSING',
  material: 'MISSING',
  pressure: 'MISSING',
  standard: 'MISSING',
  dimension: 'MISSING',
  product_type: 'MISSING',
  dimension_unit: 'MISSING'
}
Failed to parse comparison for match 2999: {
  grade: 'MISSING',
  length: 'MISSING',
  material: 'MISSING',
  pressure: 'MISSING',
  standard: 'MISSING',
  dimension: 'MISSING',
  product_type: 'MISSING',
  dimension_unit: 'MISSING'
}
Failed to parse comparison for match 3000: {
  grade: 'MISSING',
  length: 'MISSING',
  material: 'MISSING',
  pressure: 'MISSING',
  standard: 'MISSING',
  dimension: 'MISSING',
  product_type: 'MISSING',
  dimension_unit: 'MISSING'
}
Failed to parse comparison for match 3001: {
  grade: 'MISSING',
  length: 'MISSING',
  material: 'MISSING',
  pressure: 'MISSING',
  standard: 'MISSING',
  dimension: 'MISSING',
  product_type: 'MISSING',
  dimension_unit: 'MISSING'
}
Failed to parse comparison for match 3002: {
  grade: 'MISSING',
  length: 'MISSING',
  material: 'MISSING',
  pressure: 'MISSING',
  standard: 'MISSING',
  dimension: 'MISSING',
  product_type: 'MISSING',
  dimension_unit: 'MISSING'
}
Failed to parse comparison for match 3003: {
  grade: 'MISSING',
  length: 'MISSING',
  material: 'MISSING',
  pressure: 'MISSING',
  standard: 'MISSING',
  dimension: 'MISSING',
  product_type: 'MISSING',
  dimension_unit: 'MISSING'
}
Failed to parse comparison for match 3004: {
  grade: 'MISSING',
  length: 'MISSING',
  material: 'MISSING',
  pressure: 'MISSING',
  standard: 'MISSING',
  dimension: 'MISSING',
  product_type: 'MISSING',
  dimension_unit: 'MISSING'
}
Failed to parse comparison for match 3005: {
  grade: 'MISSING',
  length: 'MISSING',
  material: 'MISSING',
  pressure: 'MISSING',
  standard: 'MISSING',
  dimension: 'MISSING',
  product_type: 'MISSING',
  dimension_unit: 'MISSING'
}
Failed to parse comparison for match 3006: {
  grade: 'MISSING',
  length: 'MISSING',
  material: 'MISSING',
  pressure: 'MISSING',
  standard: 'MISSING',
  dimension: 'MISSING',
  product_type: 'MISSING',
  dimension_unit: 'MISSING'
}
Failed to parse comparison for match 3007: {
  grade: 'MISSING',
  length: 'MISSING',
  material: 'MISSING',
  pressure: 'MISSING',
  standard: 'MISSING',
  dimension: 'MISSING',
  product_type: 'MISSING',
  dimension_unit: 'MISSING'
}
Failed to parse comparison for match 3008: {
  grade: 'MISSING',
  length: 'MISSING',
  material: 'MISSING',
  pressure: 'MISSING',
  standard: 'MISSING',
  dimension: 'MISSING',
  product_type: 'MISSING',
  dimension_unit: 'MISSING'
}
Failed to parse comparison for match 3009: {
  grade: 'MISSING',
  length: 'MISSING',
  material: 'MISSING',
  pressure: 'MISSING',
  standard: 'MISSING',
  dimension: 'MISSING',
  product_type: 'MISSING',
  dimension_unit: 'MISSING'
}
Failed to parse comparison for match 3010: {
  grade: 'MISSING',
  length: 'MISSING',
  material: 'MISSING',
  pressure: 'MISSING',
  standard: 'MISSING',
  dimension: 'MISSING',
  product_type: 'MISSING',
  dimension_unit: 'MISSING'
}
Failed to parse comparison for match 3011: {
  grade: 'MISSING',
  length: 'MISSING',
  material: 'MISSING',
  pressure: 'MISSING',
  standard: 'MISSING',
  dimension: 'MISSING',
  product_type: 'MISSING',
  dimension_unit: 'MISSING'
}
Failed to parse comparison for match 3012: {
  grade: 'MISSING',
  length: 'MISSING',
  material: 'MISSING',
  pressure: 'MISSING',
  standard: 'MISSING',
  dimension: 'MISSING',
  product_type: 'MISSING',
  dimension_unit: 'MISSING'
}
Failed to parse comparison for match 3013: {
  grade: 'MISSING',
  length: 'MISSING',
  material: 'MISSING',
  pressure: 'MISSING',
  standard: 'MISSING',
  dimension: 'MISSING',
  product_type: 'MISSING',
  dimension_unit: 'MISSING'
}
Failed to parse comparison for match 3014: {
  grade: 'MISSING',
  length: 'MISSING',
  material: 'MISSING',
  pressure: 'MISSING',
  standard: 'MISSING',
  dimension: 'MISSING',
  product_type: 'MISSING',
  dimension_unit: 'MISSING'
}
Failed to parse comparison for match 3015: {
  grade: 'MISSING',
  length: 'MISSING',
  material: 'MISSING',
  pressure: 'MISSING',
  standard: 'MISSING',
  dimension: 'MISSING',
  product_type: 'MISSING',
  dimension_unit: 'MISSING'
}
Failed to parse comparison for match 3016: {
  grade: 'MISSING',
  length: 'MISSING',
  material: 'MISSING',
  pressure: 'MISSING',
  standard: 'MISSING',
  dimension: 'MISSING',
  product_type: 'MISSING',
  dimension_unit: 'MISSING'
}
Failed to parse comparison for match 3017: {
  grade: 'MISSING',
  length: 'MISSING',
  material: 'MISSING',
  pressure: 'MISSING',
  standard: 'MISSING',
  dimension: 'MISSING',
  product_type: 'MISSING',
  dimension_unit: 'MISSING'
}
Failed to parse comparison for match 3018: {
  grade: 'MISSING',
  length: 'MISSING',
  material: 'MISSING',
  pressure: 'MISSING',
  standard: 'MISSING',
  dimension: 'MISSING',
  product_type: 'MISSING',
  dimension_unit: 'MISSING'
}
Failed to parse comparison for match 3019: {
  grade: 'MISSING',
  length: 'MISSING',
  material: 'MISSING',
  pressure: 'MISSING',
  standard: 'MISSING',
  dimension: 'MISSING',
  product_type: 'MISSING',
  dimension_unit: 'MISSING'
}
Failed to parse comparison for match 3020: {
  grade: 'MISSING',
  length: 'MISSING',
  material: 'MISSING',
  pressure: 'MISSING',
  standard: 'MISSING',
  dimension: 'MISSING',
  product_type: 'MISSING',
  dimension_unit: 'MISSING'
}
Failed to parse comparison for match 3021: {
  grade: 'MISSING',
  length: 'MISSING',
  material: 'MISSING',
  pressure: 'MISSING',
  standard: 'MISSING',
  dimension: 'MISSING',
  product_type: 'MISSING',
  dimension_unit: 'MISSING'
}
Failed to parse comparison for match 3022: {
  grade: 'MISSING',
  length: 'MISSING',
  material: 'MISSING',
  pressure: 'MISSING',
  standard: 'MISSING',
  dimension: 'MISSING',
  product_type: 'MISSING',
  dimension_unit: 'MISSING'
}
Failed to parse comparison for match 3023: {
  grade: 'MISSING',
  length: 'MISSING',
  material: 'MISSING',
  pressure: 'MISSING',
  standard: 'MISSING',
  dimension: 'MISSING',
  product_type: 'MISSING',
  dimension_unit: 'MISSING'
}
Failed to parse comparison for match 3024: {
  grade: 'MISSING',
  length: 'MISSING',
  material: 'MISSING',
  pressure: 'MISSING',
  standard: 'MISSING',
  dimension: 'MISSING',
  product_type: 'MISSING',
  dimension_unit: 'MISSING'
}
Failed to parse comparison for match 3025: {
  grade: 'MISSING',
  length: 'MISSING',
  material: 'MISSING',
  pressure: 'MISSING',
  standard: 'MISSING',
  dimension: 'MISSING',
  product_type: 'MISSING',
  dimension_unit: 'MISSING'
}
Failed to parse comparison for match 3026: {
  grade: 'MISSING',
  length: 'MISSING',
  material: 'MISSING',
  pressure: 'MISSING',
  standard: 'MISSING',
  dimension: 'MISSING',
  product_type: 'MISSING',
  dimension_unit: 'MISSING'
}
Failed to parse comparison for match 3027: {
  grade: 'MISSING',
  length: 'MISSING',
  material: 'MISSING',
  pressure: 'MISSING',
  standard: 'MISSING',
  dimension: 'MISSING',
  product_type: 'MISSING',
  dimension_unit: 'MISSING'
}
Failed to parse comparison for match 3028: {
  grade: 'MISSING',
  length: 'MISSING',
  material: 'MISSING',
  pressure: 'MISSING',
  standard: 'MISSING',
  dimension: 'MISSING',
  product_type: 'MISSING',
  dimension_unit: 'MISSING'
}
Failed to parse comparison for match 3029: {
  grade: 'MISSING',
  length: 'MISSING',
  material: 'MISSING',
  pressure: 'MISSING',
  standard: 'MISSING',
  dimension: 'MISSING',
  product_type: 'MISSING',
  dimension_unit: 'MISSING'
}
Failed to parse comparison for match 3030: {
  grade: 'MISSING',
  length: 'MISSING',
  material: 'MISSING',
  pressure: 'MISSING',
  standard: 'MISSING',
  dimension: 'MISSING',
  product_type: 'MISSING',
  dimension_unit: 'MISSING'
}
Failed to parse comparison for match 3031: {
  grade: 'MISSING',
  length: 'MISSING',
  material: 'MISSING',
  pressure: 'MISSING',
  standard: 'MISSING',
  dimension: 'MISSING',
  product_type: 'MISSING',
  dimension_unit: 'MISSING'
}
Failed to parse comparison for match 3032: {
  grade: 'MISSING',
  length: 'MISSING',
  material: 'MISSING',
  pressure: 'MISSING',
  standard: 'MISSING',
  dimension: 'MISSING',
  product_type: 'MISSING',
  dimension_unit: 'MISSING'
}
Failed to parse comparison for match 3033: {
  grade: 'MISSING',
  length: 'MISSING',
  material: 'MISSING',
  pressure: 'MISSING',
  standard: 'MISSING',
  dimension: 'MISSING',
  product_type: 'MISSING',
  dimension_unit: 'MISSING'
}
Failed to parse comparison for match 3034: {
  grade: 'MISSING',
  length: 'MISSING',
  material: 'MISSING',
  pressure: 'MISSING',
  standard: 'MISSING',
  dimension: 'MISSING',
  product_type: 'MISSING',
  dimension_unit: 'MISSING'
}
Failed to parse comparison for match 3035: {
  grade: 'MISSING',
  length: 'MISSING',
  material: 'MISSING',
  pressure: 'MISSING',
  standard: 'MISSING',
  dimension: 'MISSING',
  product_type: 'MISSING',
  dimension_unit: 'MISSING'
}
Failed to parse comparison for match 3036: {
  grade: 'MISSING',
  length: 'MISSING',
  material: 'MISSING',
  pressure: 'MISSING',
  standard: 'MISSING',
  dimension: 'MISSING',
  product_type: 'MISSING',
  dimension_unit: 'MISSING'
}
Failed to parse comparison for match 3037: {
  grade: 'MISSING',
  length: 'MISSING',
  material: 'MISSING',
  pressure: 'MISSING',
  standard: 'MISSING',
  dimension: 'MISSING',
  product_type: 'MISSING',
  dimension_unit: 'MISSING'
}
Failed to parse comparison for match 3038: {
  grade: 'MISSING',
  length: 'MISSING',
  material: 'MISSING',
  pressure: 'MISSING',
  standard: 'MISSING',
  dimension: 'MISSING',
  product_type: 'MISSING',
  dimension_unit: 'MISSING'
}
Failed to parse comparison for match 3039: {
  grade: 'MISSING',
  length: 'MISSING',
  material: 'MISSING',
  pressure: 'MISSING',
  standard: 'MISSING',
  dimension: 'MISSING',
  product_type: 'MISSING',
  dimension_unit: 'MISSING'
}
Failed to parse comparison for match 3040: {
  grade: 'MISSING',
  length: 'MISSING',
  material: 'MISSING',
  pressure: 'MISSING',
  standard: 'MISSING',
  dimension: 'MISSING',
  product_type: 'MISSING',
  dimension_unit: 'MISSING'
}
Failed to parse comparison for match 3041: {
  grade: 'MISSING',
  length: 'MISSING',
  material: 'MISSING',
  pressure: 'MISSING',
  standard: 'MISSING',
  dimension: 'MISSING',
  product_type: 'MISSING',
  dimension_unit: 'MISSING'
}
Failed to parse comparison for match 3042: {
  grade: 'MISSING',
  length: 'MISSING',
  material: 'MISSING',
  pressure: 'MISSING',
  standard: 'MISSING',
  dimension: 'MISSING',
  product_type: 'MISSING',
  dimension_unit: 'MISSING'
}
Failed to parse comparison for match 3043: {
  grade: 'MISSING',
  length: 'MISSING',
  material: 'MISSING',
  pressure: 'MISSING',
  standard: 'MISSING',
  dimension: 'MISSING',
  product_type: 'MISSING',
  dimension_unit: 'MISSING'
}
Failed to parse comparison for match 3044: {
  grade: 'MISSING',
  length: 'MISSING',
  material: 'MISSING',
  pressure: 'MISSING',
  standard: 'MISSING',
  dimension: 'MISSING',
  product_type: 'MISSING',
  dimension_unit: 'MISSING'
}
Failed to parse comparison for match 3045: {
  grade: 'MISSING',
  length: 'MISSING',
  material: 'MISSING',
  pressure: 'MISSING',
  standard: 'MISSING',
  dimension: 'MISSING',
  product_type: 'MISSING',
  dimension_unit: 'MISSING'
}
Failed to parse comparison for match 3046: {
  grade: 'MISSING',
  length: 'MISSING',
  material: 'MISSING',
  pressure: 'MISSING',
  standard: 'MISSING',
  dimension: 'MISSING',
  product_type: 'MISSING',
  dimension_unit: 'MISSING'
}
Failed to parse comparison for match 3047: {
  grade: 'MISSING',
  length: 'MISSING',
  material: 'MISSING',
  pressure: 'MISSING',
  standard: 'MISSING',
  dimension: 'MISSING',
  product_type: 'MISSING',
  dimension_unit: 'MISSING'
}
Failed to parse comparison for match 3048: {
  grade: 'MISSING',
  length: 'MISSING',
  material: 'MISSING',
  pressure: 'MISSING',
  standard: 'MISSING',
  dimension: 'MISSING',
  product_type: 'MISSING',
  dimension_unit: 'MISSING'
}
Failed to parse comparison for match 3049: {
  grade: 'MISSING',
  length: 'MISSING',
  material: 'MISSING',
  pressure: 'MISSING',
  standard: 'MISSING',
  dimension: 'MISSING',
  product_type: 'MISSING',
  dimension_unit: 'MISSING'
}
Failed to parse comparison for match 3050: {
  grade: 'MISSING',
  length: 'MISSING',
  material: 'MISSING',
  pressure: 'MISSING',
  standard: 'MISSING',
  dimension: 'MISSING',
  product_type: 'MISSING',
  dimension_unit: 'MISSING'
}
Failed to parse comparison for match 3051: {
  grade: 'MISSING',
  length: 'MISSING',
  material: 'MISSING',
  pressure: 'MISSING',
  standard: 'MISSING',
  dimension: 'MISSING',
  product_type: 'MISSING',
  dimension_unit: 'MISSING'
}
Failed to parse comparison for match 3052: {
  grade: 'MISSING',
  length: 'MISSING',
  material: 'MISSING',
  pressure: 'MISSING',
  standard: 'MISSING',
  dimension: 'MISSING',
  product_type: 'MISSING',
  dimension_unit: 'MISSING'
}
Failed to parse comparison for match 3053: {
  grade: 'MISSING',
  length: 'MISSING',
  material: 'MISSING',
  pressure: 'MISSING',
  standard: 'MISSING',
  dimension: 'MISSING',
  product_type: 'MISSING',
  dimension_unit: 'MISSING'
}
Failed to parse comparison for match 3054: {
  grade: 'MISSING',
  length: 'MISSING',
  material: 'MISSING',
  pressure: 'MISSING',
  standard: 'MISSING',
  dimension: 'MISSING',
  product_type: 'MISSING',
  dimension_unit: 'MISSING'
}
Failed to parse comparison for match 3055: {
  grade: 'MISSING',
  length: 'MISSING',
  material: 'MISSING',
  pressure: 'MISSING',
  standard: 'MISSING',
  dimension: 'MISSING',
  product_type: 'MISSING',
  dimension_unit: 'MISSING'
}
Failed to parse comparison for match 3056: {
  grade: 'MISSING',
  length: 'MISSING',
  material: 'MISSING',
  pressure: 'MISSING',
  standard: 'MISSING',
  dimension: 'MISSING',
  product_type: 'MISSING',
  dimension_unit: 'MISSING'
}
Failed to parse comparison for match 3057: {
  grade: 'MISSING',
  length: 'MISSING',
  material: 'MISSING',
  pressure: 'MISSING',
  standard: 'MISSING',
  dimension: 'MISSING',
  product_type: 'MISSING',
  dimension_unit: 'MISSING'
}
Failed to parse comparison for match 3058: {
  grade: 'MISSING',
  length: 'MISSING',
  material: 'MISSING',
  pressure: 'MISSING',
  standard: 'MISSING',
  dimension: 'MISSING',
  product_type: 'MISSING',
  dimension_unit: 'MISSING'
}
Failed to parse comparison for match 3059: {
  grade: 'MISSING',
  length: 'MISSING',
  material: 'MISSING',
  pressure: 'MISSING',
  standard: 'MISSING',
  dimension: 'MISSING',
  product_type: 'MISSING',
  dimension_unit: 'MISSING'
}
Failed to parse comparison for match 3060: {
  grade: 'MISSING',
  length: 'MISSING',
  material: 'MISSING',
  pressure: 'MISSING',
  standard: 'MISSING',
  dimension: 'MISSING',
  product_type: 'MISSING',
  dimension_unit: 'MISSING'
}
Failed to parse comparison for match 3061: {
  grade: 'MISSING',
  length: 'MISSING',
  material: 'MISSING',
  pressure: 'MISSING',
  standard: 'MISSING',
  dimension: 'MISSING',
  product_type: 'MISSING',
  dimension_unit: 'MISSING'
}
Failed to parse comparison for match 3062: {
  grade: 'MISSING',
  length: 'MISSING',
  material: 'MISSING',
  pressure: 'MISSING',
  standard: 'MISSING',
  dimension: 'MISSING',
  product_type: 'MISSING',
  dimension_unit: 'MISSING'
}
Failed to parse comparison for match 3063: {
  grade: 'MISSING',
  length: 'MISSING',
  material: 'MISSING',
  pressure: 'MISSING',
  standard: 'MISSING',
  dimension: 'MISSING',
  product_type: 'MISSING',
  dimension_unit: 'MISSING'
}
Failed to parse comparison for match 3064: {
  grade: 'MISSING',
  length: 'MISSING',
  material: 'MISSING',
  pressure: 'MISSING',
  standard: 'MISSING',
  dimension: 'MISSING',
  product_type: 'MISSING',
  dimension_unit: 'MISSING'
}
Failed to parse comparison for match 3065: {
  grade: 'MISSING',
  length: 'MISSING',
  material: 'MISSING',
  pressure: 'MISSING',
  standard: 'MISSING',
  dimension: 'MISSING',
  product_type: 'MISSING',
  dimension_unit: 'MISSING'
}
Failed to parse comparison for match 3066: {
  grade: 'MISSING',
  length: 'MISSING',
  material: 'MISSING',
  pressure: 'MISSING',
  standard: 'MISSING',
  dimension: 'MISSING',
  product_type: 'MISSING',
  dimension_unit: 'MISSING'
}
Failed to parse comparison for match 3067: {
  grade: 'MISSING',
  length: 'MISSING',
  material: 'MISSING',
  pressure: 'MISSING',
  standard: 'MISSING',
  dimension: 'MISSING',
  product_type: 'MISSING',
  dimension_unit: 'MISSING'
}
Failed to parse comparison for match 3068: {
  grade: 'MISSING',
  length: 'MISSING',
  material: 'MISSING',
  pressure: 'MISSING',
  standard: 'MISSING',
  dimension: 'MISSING',
  product_type: 'MISSING',
  dimension_unit: 'MISSING'
}
Failed to parse comparison for match 3069: {
  grade: 'MISSING',
  length: 'MISSING',
  material: 'MISSING',
  pressure: 'MISSING',
  standard: 'MISSING',
  dimension: 'MISSING',
  product_type: 'MISSING',
  dimension_unit: 'MISSING'
}
Failed to parse comparison for match 3070: {
  grade: 'MISSING',
  length: 'MISSING',
  material: 'MISSING',
  pressure: 'MISSING',
  standard: 'MISSING',
  dimension: 'MISSING',
  product_type: 'MISSING',
  dimension_unit: 'MISSING'
}
Failed to parse comparison for match 3071: {
  grade: 'MISSING',
  length: 'MISSING',
  material: 'MISSING',
  pressure: 'MISSING',
  standard: 'MISSING',
  dimension: 'MISSING',
  product_type: 'MISSING',
  dimension_unit: 'MISSING'
}
Failed to parse comparison for match 3072: {
  grade: 'MISSING',
  length: 'MISSING',
  material: 'MISSING',
  pressure: 'MISSING',
  standard: 'MISSING',
  dimension: 'MISSING',
  product_type: 'MISSING',
  dimension_unit: 'MISSING'
}
Failed to parse comparison for match 3073: {
  grade: 'MISSING',
  length: 'MISSING',
  material: 'MISSING',
  pressure: 'MISSING',
  standard: 'MISSING',
  dimension: 'MISSING',
  product_type: 'MISSING',
  dimension_unit: 'MISSING'
}
Failed to parse comparison for match 3074: {
  grade: 'MISSING',
  length: 'MISSING',
  material: 'MISSING',
  pressure: 'MISSING',
  standard: 'MISSING',
  dimension: 'MISSING',
  product_type: 'MISSING',
  dimension_unit: 'MISSING'
}
Failed to parse comparison for match 3075: {
  grade: 'MISSING',
  length: 'MISSING',
  material: 'MISSING',
  pressure: 'MISSING',
  standard: 'MISSING',
  dimension: 'MISSING',
  product_type: 'MISSING',
  dimension_unit: 'MISSING'
}
Failed to parse comparison for match 3076: {
  grade: 'MISSING',
  length: 'MISSING',
  material: 'MISSING',
  pressure: 'MISSING',
  standard: 'MISSING',
  dimension: 'MISSING',
  product_type: 'MISSING',
  dimension_unit: 'MISSING'
}
Failed to parse comparison for match 3077: {
  grade: 'MISSING',
  length: 'MISSING',
  material: 'MISSING',
  pressure: 'MISSING',
  standard: 'MISSING',
  dimension: 'MISSING',
  product_type: 'MISSING',
  dimension_unit: 'MISSING'
}
Failed to parse comparison for match 3078: {
  grade: 'MISSING',
  length: 'MISSING',
  material: 'MISSING',
  pressure: 'MISSING',
  standard: 'MISSING',
  dimension: 'MISSING',
  product_type: 'MISSING',
  dimension_unit: 'MISSING'
}
Failed to parse comparison for match 3079: {
  grade: 'MISSING',
  length: 'MISSING',
  material: 'MISSING',
  pressure: 'MISSING',
  standard: 'MISSING',
  dimension: 'MISSING',
  product_type: 'MISSING',
  dimension_unit: 'MISSING'
}
Failed to parse comparison for match 3080: {
  grade: 'MISSING',
  length: 'MISSING',
  material: 'MISSING',
  pressure: 'MISSING',
  standard: 'MISSING',
  dimension: 'MISSING',
  product_type: 'MISSING',
  dimension_unit: 'MISSING'
}
Failed to parse comparison for match 3081: {
  grade: 'MISSING',
  length: 'MISSING',
  material: 'MISSING',
  pressure: 'MISSING',
  standard: 'MISSING',
  dimension: 'MISSING',
  product_type: 'MISSING',
  dimension_unit: 'MISSING'
}
Failed to parse comparison for match 3082: {
  grade: 'MISSING',
  length: 'MISSING',
  material: 'MISSING',
  pressure: 'MISSING',
  standard: 'MISSING',
  dimension: 'MISSING',
  product_type: 'MISSING',
  dimension_unit: 'MISSING'
}
Failed to parse comparison for match 3083: {
  grade: 'MISSING',
  length: 'MISSING',
  material: 'MISSING',
  pressure: 'MISSING',
  standard: 'MISSING',
  dimension: 'MISSING',
  product_type: 'MISSING',
  dimension_unit: 'MISSING'
}
Failed to parse comparison for match 3084: {
  grade: 'MISSING',
  length: 'MISSING',
  material: 'MISSING',
  pressure: 'MISSING',
  standard: 'MISSING',
  dimension: 'MISSING',
  product_type: 'MISSING',
  dimension_unit: 'MISSING'
}
Failed to parse comparison for match 3085: {
  grade: 'MISSING',
  length: 'MISSING',
  material: 'MISSING',
  pressure: 'MISSING',
  standard: 'MISSING',
  dimension: 'MISSING',
  product_type: 'MISSING',
  dimension_unit: 'MISSING'
}
Failed to parse comparison for match 3086: {
  grade: 'MISSING',
  length: 'MISSING',
  material: 'MISSING',
  pressure: 'MISSING',
  standard: 'MISSING',
  dimension: 'MISSING',
  product_type: 'MISSING',
  dimension_unit: 'MISSING'
}
Failed to parse comparison for match 3087: {
  grade: 'MISSING',
  length: 'MISSING',
  material: 'MISSING',
  pressure: 'MISSING',
  standard: 'MISSING',
  dimension: 'MISSING',
  product_type: 'MISSING',
  dimension_unit: 'MISSING'
}
Failed to parse comparison for match 3088: {
  grade: 'MISSING',
  length: 'MISSING',
  material: 'MISSING',
  pressure: 'MISSING',
  standard: 'MISSING',
  dimension: 'MISSING',
  product_type: 'MISSING',
  dimension_unit: 'MISSING'
}
Failed to parse comparison for match 3089: {
  grade: 'MISSING',
  length: 'MISSING',
  material: 'MISSING',
  pressure: 'MISSING',
  standard: 'MISSING',
  dimension: 'MISSING',
  product_type: 'MISSING',
  dimension_unit: 'MISSING'
}
Failed to parse comparison for match 3090: {
  grade: 'MISSING',
  length: 'MISSING',
  material: 'MISSING',
  pressure: 'MISSING',
  standard: 'MISSING',
  dimension: 'MISSING',
  product_type: 'MISSING',
  dimension_unit: 'MISSING'
}
Failed to parse comparison for match 3091: {
  grade: 'MISSING',
  length: 'MISSING',
  material: 'MISSING',
  pressure: 'MISSING',
  standard: 'MISSING',
  dimension: 'MISSING',
  product_type: 'MISSING',
  dimension_unit: 'MISSING'
}
Failed to parse comparison for match 3092: {
  grade: 'MISSING',
  length: 'MISSING',
  material: 'MISSING',
  pressure: 'MISSING',
  standard: 'MISSING',
  dimension: 'MISSING',
  product_type: 'MISSING',
  dimension_unit: 'MISSING'
}
Failed to parse comparison for match 3093: {
  grade: 'MISSING',
  length: 'MISSING',
  material: 'MISSING',
  pressure: 'MISSING',
  standard: 'MISSING',
  dimension: 'MISSING',
  product_type: 'MISSING',
  dimension_unit: 'MISSING'
}
Failed to parse comparison for match 3094: {
  grade: 'MISSING',
  length: 'MISSING',
  material: 'MISSING',
  pressure: 'MISSING',
  standard: 'MISSING',
  dimension: 'MISSING',
  product_type: 'MISSING',
  dimension_unit: 'MISSING'
}
Failed to parse comparison for match 3095: {
  grade: 'MISSING',
  length: 'MISSING',
  material: 'MISSING',
  pressure: 'MISSING',
  standard: 'MISSING',
  dimension: 'MISSING',
  product_type: 'MISSING',
  dimension_unit: 'MISSING'
}
Failed to parse comparison for match 3096: {
  grade: 'MISSING',
  length: 'MISSING',
  material: 'MISSING',
  pressure: 'MISSING',
  standard: 'MISSING',
  dimension: 'MISSING',
  product_type: 'MISSING',
  dimension_unit: 'MISSING'
}
Failed to parse comparison for match 3097: {
  grade: 'MISSING',
  length: 'MISSING',
  material: 'MISSING',
  pressure: 'MISSING',
  standard: 'MISSING',
  dimension: 'MISSING',
  product_type: 'MISSING',
  dimension_unit: 'MISSING'
}
Failed to parse comparison for match 3098: {
  grade: 'MISSING',
  length: 'MISSING',
  material: 'MISSING',
  pressure: 'MISSING',
  standard: 'MISSING',
  dimension: 'MISSING',
  product_type: 'MISSING',
  dimension_unit: 'MISSING'
}
Failed to parse comparison for match 3099: {
  grade: 'MISSING',
  length: 'MISSING',
  material: 'MISSING',
  pressure: 'MISSING',
  standard: 'MISSING',
  dimension: 'MISSING',
  product_type: 'MISSING',
  dimension_unit: 'MISSING'
}
Failed to parse comparison for match 3100: {
  grade: 'MISSING',
  length: 'MISSING',
  material: 'MISSING',
  pressure: 'MISSING',
  standard: 'MISSING',
  dimension: 'MISSING',
  product_type: 'MISSING',
  dimension_unit: 'MISSING'
}
Failed to parse comparison for match 3101: {
  grade: 'MISSING',
  length: 'MISSING',
  material: 'MISSING',
  pressure: 'MISSING',
  standard: 'MISSING',
  dimension: 'MISSING',
  product_type: 'MISSING',
  dimension_unit: 'MISSING'
}
Failed to parse comparison for match 3102: {
  grade: 'MISSING',
  length: 'MISSING',
  material: 'MISSING',
  pressure: 'MISSING',
  standard: 'MISSING',
  dimension: 'MISSING',
  product_type: 'MISSING',
  dimension_unit: 'MISSING'
}
Failed to parse comparison for match 3103: {
  grade: 'MISSING',
  length: 'MISSING',
  material: 'MISSING',
  pressure: 'MISSING',
  standard: 'MISSING',
  dimension: 'MISSING',
  product_type: 'MISSING',
  dimension_unit: 'MISSING'
}
Failed to parse comparison for match 3104: {
  grade: 'MISSING',
  length: 'MISSING',
  material: 'MISSING',
  pressure: 'MISSING',
  standard: 'MISSING',
  dimension: 'MISSING',
  product_type: 'MISSING',
  dimension_unit: 'MISSING'
}
Failed to parse comparison for match 3105: {
  grade: 'MISSING',
  length: 'MISSING',
  material: 'MISSING',
  pressure: 'MISSING',
  standard: 'MISSING',
  dimension: 'MISSING',
  product_type: 'MISSING',
  dimension_unit: 'MISSING'
}
Failed to parse comparison for match 3106: {
  grade: 'MISSING',
  length: 'MISSING',
  material: 'MISSING',
  pressure: 'MISSING',
  standard: 'MISSING',
  dimension: 'MISSING',
  product_type: 'MISSING',
  dimension_unit: 'MISSING'
}
Failed to parse comparison for match 3107: {
  grade: 'MISSING',
  length: 'MISSING',
  material: 'MISSING',
  pressure: 'MISSING',
  standard: 'MISSING',
  dimension: 'MISSING',
  product_type: 'MISSING',
  dimension_unit: 'MISSING'
}
Failed to parse comparison for match 3108: {
  grade: 'MISSING',
  length: 'MISSING',
  material: 'MISSING',
  pressure: 'MISSING',
  standard: 'MISSING',
  dimension: 'MISSING',
  product_type: 'MISSING',
  dimension_unit: 'MISSING'
}
Failed to parse comparison for match 3109: {
  grade: 'MISSING',
  length: 'MISSING',
  material: 'MISSING',
  pressure: 'MISSING',
  standard: 'MISSING',
  dimension: 'MISSING',
  product_type: 'MISSING',
  dimension_unit: 'MISSING'
}
Failed to parse comparison for match 3110: {
  grade: 'MISSING',
  length: 'MISSING',
  material: 'MISSING',
  pressure: 'MISSING',
  standard: 'MISSING',
  dimension: 'MISSING',
  product_type: 'MISSING',
  dimension_unit: 'MISSING'
}
Failed to parse comparison for match 3111: {
  grade: 'MISSING',
  length: 'MISSING',
  material: 'MISSING',
  pressure: 'MISSING',
  standard: 'MISSING',
  dimension: 'MISSING',
  product_type: 'MISSING',
  dimension_unit: 'MISSING'
}
Failed to parse comparison for match 3112: {
  grade: 'MISSING',
  length: 'MISSING',
  material: 'MISSING',
  pressure: 'MISSING',
  standard: 'MISSING',
  dimension: 'MISSING',
  product_type: 'MISSING',
  dimension_unit: 'MISSING'
}
Failed to parse comparison for match 3113: {
  grade: 'MISSING',
  length: 'MISSING',
  material: 'MISSING',
  pressure: 'MISSING',
  standard: 'MISSING',
  dimension: 'MISSING',
  product_type: 'MISSING',
  dimension_unit: 'MISSING'
}
Failed to parse comparison for match 3114: {
  grade: 'MISSING',
  length: 'MISSING',
  material: 'MISSING',
  pressure: 'MISSING',
  standard: 'MISSING',
  dimension: 'MISSING',
  product_type: 'MISSING',
  dimension_unit: 'MISSING'
}
Failed to parse comparison for match 3115: {
  grade: 'MISSING',
  length: 'MISSING',
  material: 'MISSING',
  pressure: 'MISSING',
  standard: 'MISSING',
  dimension: 'MISSING',
  product_type: 'MISSING',
  dimension_unit: 'MISSING'
}
Failed to parse comparison for match 3116: {
  grade: 'MISSING',
  length: 'MISSING',
  material: 'MISSING',
  pressure: 'MISSING',
  standard: 'MISSING',
  dimension: 'MISSING',
  product_type: 'MISSING',
  dimension_unit: 'MISSING'
}
Failed to parse comparison for match 3117: {
  grade: 'MISSING',
  length: 'MISSING',
  material: 'MISSING',
  pressure: 'MISSING',
  standard: 'MISSING',
  dimension: 'MISSING',
  product_type: 'MISSING',
  dimension_unit: 'MISSING'
}
Failed to parse comparison for match 3118: {
  grade: 'MISSING',
  length: 'MISSING',
  material: 'MISSING',
  pressure: 'MISSING',
  standard: 'MISSING',
  dimension: 'MISSING',
  product_type: 'MISSING',
  dimension_unit: 'MISSING'
}
Failed to parse comparison for match 3119: {
  grade: 'MISSING',
  length: 'MISSING',
  material: 'MISSING',
  pressure: 'MISSING',
  standard: 'MISSING',
  dimension: 'MISSING',
  product_type: 'MISSING',
  dimension_unit: 'MISSING'
}
Failed to parse comparison for match 3120: {
  grade: 'MISSING',
  length: 'MISSING',
  material: 'MISSING',
  pressure: 'MISSING',
  standard: 'MISSING',
  dimension: 'MISSING',
  product_type: 'MISSING',
  dimension_unit: 'MISSING'
}
Failed to parse comparison for match 3121: {
  grade: 'MISSING',
  length: 'MISSING',
  material: 'MISSING',
  pressure: 'MISSING',
  standard: 'MISSING',
  dimension: 'MISSING',
  product_type: 'MISSING',
  dimension_unit: 'MISSING'
}
Failed to parse comparison for match 3122: {
  grade: 'MISSING',
  length: 'MISSING',
  material: 'MISSING',
  pressure: 'MISSING',
  standard: 'MISSING',
  dimension: 'MISSING',
  product_type: 'MISSING',
  dimension_unit: 'MISSING'
}
Failed to parse comparison for match 3123: {
  grade: 'MISSING',
  length: 'MISSING',
  material: 'MISSING',
  pressure: 'MISSING',
  standard: 'MISSING',
  dimension: 'MISSING',
  product_type: 'MISSING',
  dimension_unit: 'MISSING'
}
Failed to parse comparison for match 3124: {
  grade: 'MISSING',
  length: 'MISSING',
  material: 'MISSING',
  pressure: 'MISSING',
  standard: 'MISSING',
  dimension: 'MISSING',
  product_type: 'MISSING',
  dimension_unit: 'MISSING'
}
Failed to parse comparison for match 3125: {
  grade: 'MISSING',
  length: 'MISSING',
  material: 'MISSING',
  pressure: 'MISSING',
  standard: 'MISSING',
  dimension: 'MISSING',
  product_type: 'MISSING',
  dimension_unit: 'MISSING'
}
Failed to parse comparison for match 3126: {
  grade: 'MISSING',
  length: 'MISSING',
  material: 'MISSING',
  pressure: 'MISSING',
  standard: 'MISSING',
  dimension: 'MISSING',
  product_type: 'MISSING',
  dimension_unit: 'MISSING'
}
Failed to parse comparison for match 3127: {
  grade: 'MISSING',
  length: 'MISSING',
  material: 'MISSING',
  pressure: 'MISSING',
  standard: 'MISSING',
  dimension: 'MISSING',
  product_type: 'MISSING',
  dimension_unit: 'MISSING'
}
Failed to parse comparison for match 3128: {
  grade: 'MISSING',
  length: 'MISSING',
  material: 'MISSING',
  pressure: 'MISSING',
  standard: 'MISSING',
  dimension: 'MISSING',
  product_type: 'MISSING',
  dimension_unit: 'MISSING'
}
Failed to parse comparison for match 3129: {
  grade: 'MISSING',
  length: 'MISSING',
  material: 'MISSING',
  pressure: 'MISSING',
  standard: 'MISSING',
  dimension: 'MISSING',
  product_type: 'MISSING',
  dimension_unit: 'MISSING'
}
Failed to parse comparison for match 3130: {
  grade: 'MISSING',
  length: 'MISSING',
  material: 'MISSING',
  pressure: 'MISSING',
  standard: 'MISSING',
  dimension: 'MISSING',
  product_type: 'MISSING',
  dimension_unit: 'MISSING'
}
Failed to parse comparison for match 3131: {
  grade: 'MISSING',
  length: 'MISSING',
  material: 'MISSING',
  pressure: 'MISSING',
  standard: 'MISSING',
  dimension: 'MISSING',
  product_type: 'MISSING',
  dimension_unit: 'MISSING'
}
Failed to parse comparison for match 3132: {
  grade: 'MISSING',
  length: 'MISSING',
  material: 'MISSING',
  pressure: 'MISSING',
  standard: 'MISSING',
  dimension: 'MISSING',
  product_type: 'MISSING',
  dimension_unit: 'MISSING'
}
Failed to parse comparison for match 3133: {
  grade: 'MISSING',
  length: 'MISSING',
  material: 'MISSING',
  pressure: 'MISSING',
  standard: 'MISSING',
  dimension: 'MISSING',
  product_type: 'MISSING',
  dimension_unit: 'MISSING'
}
Failed to parse comparison for match 3134: {
  grade: 'MISSING',
  length: 'MISSING',
  material: 'MISSING',
  pressure: 'MISSING',
  standard: 'MISSING',
  dimension: 'MISSING',
  product_type: 'MISSING',
  dimension_unit: 'MISSING'
}
Failed to parse comparison for match 3135: {
  grade: 'MISSING',
  length: 'MISSING',
  material: 'MISSING',
  pressure: 'MISSING',
  standard: 'MISSING',
  dimension: 'MISSING',
  product_type: 'MISSING',
  dimension_unit: 'MISSING'
}
Failed to parse comparison for match 3136: {
  grade: 'MISSING',
  length: 'MISSING',
  material: 'MISSING',
  pressure: 'MISSING',
  standard: 'MISSING',
  dimension: 'MISSING',
  product_type: 'MISSING',
  dimension_unit: 'MISSING'
}
Failed to parse comparison for match 3137: {
  grade: 'MISSING',
  length: 'MISSING',
  material: 'MISSING',
  pressure: 'MISSING',
  standard: 'MISSING',
  dimension: 'MISSING',
  product_type: 'MISSING',
  dimension_unit: 'MISSING'
}
Failed to parse comparison for match 3138: {
  grade: 'MISSING',
  length: 'MISSING',
  material: 'MISSING',
  pressure: 'MISSING',
  standard: 'MISSING',
  dimension: 'MISSING',
  product_type: 'MISSING',
  dimension_unit: 'MISSING'
}
Failed to parse comparison for match 3139: {
  grade: 'MISSING',
  length: 'MISSING',
  material: 'MISSING',
  pressure: 'MISSING',
  standard: 'MISSING',
  dimension: 'MISSING',
  product_type: 'MISSING',
  dimension_unit: 'MISSING'
}
Failed to parse comparison for match 3140: {
  grade: 'MISSING',
  length: 'MISSING',
  material: 'MISSING',
  pressure: 'MISSING',
  standard: 'MISSING',
  dimension: 'MISSING',
  product_type: 'MISSING',
  dimension_unit: 'MISSING'
}
Failed to parse comparison for match 3141: {
  grade: 'MISSING',
  length: 'MISSING',
  material: 'MISSING',
  pressure: 'MISSING',
  standard: 'MISSING',
  dimension: 'MISSING',
  product_type: 'MISSING',
  dimension_unit: 'MISSING'
}
Failed to parse comparison for match 3142: {
  grade: 'MISSING',
  length: 'MISSING',
  material: 'MISSING',
  pressure: 'MISSING',
  standard: 'MISSING',
  dimension: 'MISSING',
  product_type: 'MISSING',
  dimension_unit: 'MISSING'
}
Failed to parse comparison for match 3143: {
  grade: 'MISSING',
  length: 'MISSING',
  material: 'MISSING',
  pressure: 'MISSING',
  standard: 'MISSING',
  dimension: 'MISSING',
  product_type: 'MISSING',
  dimension_unit: 'MISSING'
}
Failed to parse comparison for match 3144: {
  grade: 'MISSING',
  length: 'MISSING',
  material: 'MISSING',
  pressure: 'MISSING',
  standard: 'MISSING',
  dimension: 'MISSING',
  product_type: 'MISSING',
  dimension_unit: 'MISSING'
}
Failed to parse comparison for match 3145: {
  grade: 'MISSING',
  length: 'MISSING',
  material: 'MISSING',
  pressure: 'MISSING',
  standard: 'MISSING',
  dimension: 'MISSING',
  product_type: 'MISSING',
  dimension_unit: 'MISSING'
}
Failed to parse comparison for match 3146: {
  grade: 'MISSING',
  length: 'MISSING',
  material: 'MISSING',
  pressure: 'MISSING',
  standard: 'MISSING',
  dimension: 'MISSING',
  product_type: 'MISSING',
  dimension_unit: 'MISSING'
}
Failed to parse comparison for match 3147: {
  grade: 'MISSING',
  length: 'MISSING',
  material: 'MISSING',
  pressure: 'MISSING',
  standard: 'MISSING',
  dimension: 'MISSING',
  product_type: 'MISSING',
  dimension_unit: 'MISSING'
}
Failed to parse comparison for match 3148: {
  grade: 'MISSING',
  length: 'MISSING',
  material: 'MISSING',
  pressure: 'MISSING',
  standard: 'MISSING',
  dimension: 'MISSING',
  product_type: 'MISSING',
  dimension_unit: 'MISSING'
}
Failed to parse comparison for match 3149: {
  grade: 'MISSING',
  length: 'MISSING',
  material: 'MISSING',
  pressure: 'MISSING',
  standard: 'MISSING',
  dimension: 'MISSING',
  product_type: 'MISSING',
  dimension_unit: 'MISSING'
}
Failed to parse comparison for match 3150: {
  grade: 'MISSING',
  length: 'MISSING',
  material: 'MISSING',
  pressure: 'MISSING',
  standard: 'MISSING',
  dimension: 'MISSING',
  product_type: 'MISSING',
  dimension_unit: 'MISSING'
}
Failed to parse comparison for match 3151: {
  grade: 'MISSING',
  length: 'MISSING',
  material: 'MISSING',
  pressure: 'MISSING',
  standard: 'MISSING',
  dimension: 'MISSING',
  product_type: 'MISSING',
  dimension_unit: 'MISSING'
}
Failed to parse comparison for match 3152: {
  grade: 'MISSING',
  length: 'MISSING',
  material: 'MISSING',
  pressure: 'MISSING',
  standard: 'MISSING',
  dimension: 'MISSING',
  product_type: 'MISSING',
  dimension_unit: 'MISSING'
}
Failed to parse comparison for match 3153: {
  grade: 'MISSING',
  length: 'MISSING',
  material: 'MISSING',
  pressure: 'MISSING',
  standard: 'MISSING',
  dimension: 'MISSING',
  product_type: 'MISSING',
  dimension_unit: 'MISSING'
}
Failed to parse comparison for match 3154: {
  grade: 'MISSING',
  length: 'MISSING',
  material: 'MISSING',
  pressure: 'MISSING',
  standard: 'MISSING',
  dimension: 'MISSING',
  product_type: 'MISSING',
  dimension_unit: 'MISSING'
}
Failed to parse comparison for match 3155: {
  grade: 'MISSING',
  length: 'MISSING',
  material: 'MISSING',
  pressure: 'MISSING',
  standard: 'MISSING',
  dimension: 'MISSING',
  product_type: 'MISSING',
  dimension_unit: 'MISSING'
}
Failed to parse comparison for match 3156: {
  grade: 'MISSING',
  length: 'MISSING',
  material: 'MISSING',
  pressure: 'MISSING',
  standard: 'MISSING',
  dimension: 'MISSING',
  product_type: 'MISSING',
  dimension_unit: 'MISSING'
}
Failed to parse comparison for match 3157: {
  grade: 'MISSING',
  length: 'MISSING',
  material: 'MISSING',
  pressure: 'MISSING',
  standard: 'MISSING',
  dimension: 'MISSING',
  product_type: 'MISSING',
  dimension_unit: 'MISSING'
}
Failed to parse comparison for match 3158: {
  grade: 'MISSING',
  length: 'MISSING',
  material: 'MISSING',
  pressure: 'MISSING',
  standard: 'MISSING',
  dimension: 'MISSING',
  product_type: 'MISSING',
  dimension_unit: 'MISSING'
}
Failed to parse comparison for match 3159: {
  grade: 'MISSING',
  length: 'MISSING',
  material: 'MISSING',
  pressure: 'MISSING',
  standard: 'MISSING',
  dimension: 'MISSING',
  product_type: 'MISSING',
  dimension_unit: 'MISSING'
}
Failed to parse comparison for match 3160: {
  grade: 'MISSING',
  length: 'MISSING',
  material: 'MISSING',
  pressure: 'MISSING',
  standard: 'MISSING',
  dimension: 'MISSING',
  product_type: 'MISSING',
  dimension_unit: 'MISSING'
}
Failed to parse comparison for match 3161: {
  grade: 'MISSING',
  length: 'MISSING',
  material: 'MISSING',
  pressure: 'MISSING',
  standard: 'MISSING',
  dimension: 'MISSING',
  product_type: 'MISSING',
  dimension_unit: 'MISSING'
}
Failed to parse comparison for match 3162: {
  grade: 'MISSING',
  length: 'MISSING',
  material: 'MISSING',
  pressure: 'MISSING',
  standard: 'MISSING',
  dimension: 'MISSING',
  product_type: 'MISSING',
  dimension_unit: 'MISSING'
}
Failed to parse comparison for match 3163: {
  grade: 'MISSING',
  length: 'MISSING',
  material: 'MISSING',
  pressure: 'MISSING',
  standard: 'MISSING',
  dimension: 'MISSING',
  product_type: 'MISSING',
  dimension_unit: 'MISSING'
}
Failed to parse comparison for match 3164: {
  grade: 'MISSING',
  length: 'MISSING',
  material: 'MISSING',
  pressure: 'MISSING',
  standard: 'MISSING',
  dimension: 'MISSING',
  product_type: 'MISSING',
  dimension_unit: 'MISSING'
}
Failed to parse comparison for match 3165: {
  grade: 'MISSING',
  length: 'MISSING',
  material: 'MISSING',
  pressure: 'MISSING',
  standard: 'MISSING',
  dimension: 'MISSING',
  product_type: 'MISSING',
  dimension_unit: 'MISSING'
}
Failed to parse comparison for match 3166: {
  grade: 'MISSING',
  length: 'MISSING',
  material: 'MISSING',
  pressure: 'MISSING',
  standard: 'MISSING',
  dimension: 'MISSING',
  product_type: 'MISSING',
  dimension_unit: 'MISSING'
}
Failed to parse comparison for match 3167: {
  grade: 'MISSING',
  length: 'MISSING',
  material: 'MISSING',
  pressure: 'MISSING',
  standard: 'MISSING',
  dimension: 'MISSING',
  product_type: 'MISSING',
  dimension_unit: 'MISSING'
}
Failed to parse comparison for match 3168: {
  grade: 'MISSING',
  length: 'MISSING',
  material: 'MISSING',
  pressure: 'MISSING',
  standard: 'MISSING',
  dimension: 'MISSING',
  product_type: 'MISSING',
  dimension_unit: 'MISSING'
}
Failed to parse comparison for match 3169: {
  grade: 'MISSING',
  length: 'MISSING',
  material: 'MISSING',
  pressure: 'MISSING',
  standard: 'MISSING',
  dimension: 'MISSING',
  product_type: 'MISSING',
  dimension_unit: 'MISSING'
}
Failed to parse comparison for match 3170: {
  grade: 'MISSING',
  length: 'MISSING',
  material: 'MISSING',
  pressure: 'MISSING',
  standard: 'MISSING',
  dimension: 'MISSING',
  product_type: 'MISSING',
  dimension_unit: 'MISSING'
}
Failed to parse comparison for match 3171: {
  grade: 'MISSING',
  length: 'MISSING',
  material: 'MISSING',
  pressure: 'MISSING',
  standard: 'MISSING',
  dimension: 'MISSING',
  product_type: 'MISSING',
  dimension_unit: 'MISSING'
}
Failed to parse comparison for match 3172: {
  grade: 'MISSING',
  length: 'MISSING',
  material: 'MISSING',
  pressure: 'MISSING',
  standard: 'MISSING',
  dimension: 'MISSING',
  product_type: 'MISSING',
  dimension_unit: 'MISSING'
}
Failed to parse comparison for match 3173: {
  grade: 'MISSING',
  length: 'MISSING',
  material: 'MISSING',
  pressure: 'MISSING',
  standard: 'MISSING',
  dimension: 'MISSING',
  product_type: 'MISSING',
  dimension_unit: 'MISSING'
}
Failed to parse comparison for match 3174: {
  grade: 'MISSING',
  length: 'MISSING',
  material: 'MISSING',
  pressure: 'MISSING',
  standard: 'MISSING',
  dimension: 'MISSING',
  product_type: 'MISSING',
  dimension_unit: 'MISSING'
}
Failed to parse comparison for match 3175: {
  grade: 'MISSING',
  length: 'MISSING',
  material: 'MISSING',
  pressure: 'MISSING',
  standard: 'MISSING',
  dimension: 'MISSING',
  product_type: 'MISSING',
  dimension_unit: 'MISSING'
}
Failed to parse comparison for match 3176: {
  grade: 'MISSING',
  length: 'MISSING',
  material: 'MISSING',
  pressure: 'MISSING',
  standard: 'MISSING',
  dimension: 'MISSING',
  product_type: 'MISSING',
  dimension_unit: 'MISSING'
}
Failed to parse comparison for match 3177: {
  grade: 'MISSING',
  length: 'MISSING',
  material: 'MISSING',
  pressure: 'MISSING',
  standard: 'MISSING',
  dimension: 'MISSING',
  product_type: 'MISSING',
  dimension_unit: 'MISSING'
}
Failed to parse comparison for match 3178: {
  grade: 'MISSING',
  length: 'MISSING',
  material: 'MISSING',
  pressure: 'MISSING',
  standard: 'MISSING',
  dimension: 'MISSING',
  product_type: 'MISSING',
  dimension_unit: 'MISSING'
}
Failed to parse comparison for match 3179: {
  grade: 'MISSING',
  length: 'MISSING',
  material: 'MISSING',
  pressure: 'MISSING',
  standard: 'MISSING',
  dimension: 'MISSING',
  product_type: 'MISSING',
  dimension_unit: 'MISSING'
}
Failed to parse comparison for match 3180: {
  grade: 'MISSING',
  length: 'MISSING',
  material: 'MISSING',
  pressure: 'MISSING',
  standard: 'MISSING',
  dimension: 'MISSING',
  product_type: 'MISSING',
  dimension_unit: 'MISSING'
}
Failed to parse comparison for match 3181: {
  grade: 'MISSING',
  length: 'MISSING',
  material: 'MISSING',
  pressure: 'MISSING',
  standard: 'MISSING',
  dimension: 'MISSING',
  product_type: 'MISSING',
  dimension_unit: 'MISSING'
}
Failed to parse comparison for match 3182: {
  grade: 'MISSING',
  length: 'MISSING',
  material: 'MISSING',
  pressure: 'MISSING',
  standard: 'MISSING',
  dimension: 'MISSING',
  product_type: 'MISSING',
  dimension_unit: 'MISSING'
}
Failed to parse comparison for match 3183: {
  grade: 'MISSING',
  length: 'MISSING',
  material: 'MISSING',
  pressure: 'MISSING',
  standard: 'MISSING',
  dimension: 'MISSING',
  product_type: 'MISSING',
  dimension_unit: 'MISSING'
}
Failed to parse comparison for match 3184: {
  grade: 'MISSING',
  length: 'MISSING',
  material: 'MISSING',
  pressure: 'MISSING',
  standard: 'MISSING',
  dimension: 'MISSING',
  product_type: 'MISSING',
  dimension_unit: 'MISSING'
}
Failed to parse comparison for match 3185: {
  grade: 'MISSING',
  length: 'MISSING',
  material: 'MISSING',
  pressure: 'MISSING',
  standard: 'MISSING',
  dimension: 'MISSING',
  product_type: 'MISSING',
  dimension_unit: 'MISSING'
}
Failed to parse comparison for match 3186: {
  grade: 'MISSING',
  length: 'MISSING',
  material: 'MISSING',
  pressure: 'MISSING',
  standard: 'MISSING',
  dimension: 'MISSING',
  product_type: 'MISSING',
  dimension_unit: 'MISSING'
}
Failed to parse comparison for match 3187: {
  grade: 'MISSING',
  length: 'MISSING',
  material: 'MISSING',
  pressure: 'MISSING',
  standard: 'MISSING',
  dimension: 'MISSING',
  product_type: 'MISSING',
  dimension_unit: 'MISSING'
}
Failed to parse comparison for match 3188: {
  grade: 'MISSING',
  length: 'MISSING',
  material: 'MISSING',
  pressure: 'MISSING',
  standard: 'MISSING',
  dimension: 'MISSING',
  product_type: 'MISSING',
  dimension_unit: 'MISSING'
}
Failed to parse comparison for match 3189: {
  grade: 'MISSING',
  length: 'MISSING',
  material: 'MISSING',
  pressure: 'MISSING',
  standard: 'MISSING',
  dimension: 'MISSING',
  product_type: 'MISSING',
  dimension_unit: 'MISSING'
}
Failed to parse comparison for match 3190: {
  grade: 'MISSING',
  length: 'MISSING',
  material: 'MISSING',
  pressure: 'MISSING',
  standard: 'MISSING',
  dimension: 'MISSING',
  product_type: 'MISSING',
  dimension_unit: 'MISSING'
}
Failed to parse comparison for match 3191: {
  grade: 'MISSING',
  length: 'MISSING',
  material: 'MISSING',
  pressure: 'MISSING',
  standard: 'MISSING',
  dimension: 'MISSING',
  product_type: 'MISSING',
  dimension_unit: 'MISSING'
}
Failed to parse comparison for match 3192: {
  grade: 'MISSING',
  length: 'MISSING',
  material: 'MISSING',
  pressure: 'MISSING',
  standard: 'MISSING',
  dimension: 'MISSING',
  product_type: 'MISSING',
  dimension_unit: 'MISSING'
}
Failed to parse comparison for match 3193: {
  grade: 'MISSING',
  length: 'MISSING',
  material: 'MISSING',
  pressure: 'MISSING',
  standard: 'MISSING',
  dimension: 'MISSING',
  product_type: 'MISSING',
  dimension_unit: 'MISSING'
}
Failed to parse comparison for match 3194: {
  grade: 'MISSING',
  length: 'MISSING',
  material: 'MISSING',
  pressure: 'MISSING',
  standard: 'MISSING',
  dimension: 'MISSING',
  product_type: 'MISSING',
  dimension_unit: 'MISSING'
}
Failed to parse comparison for match 3195: {
  grade: 'MISSING',
  length: 'MISSING',
  material: 'MISSING',
  pressure: 'MISSING',
  standard: 'MISSING',
  dimension: 'MISSING',
  product_type: 'MISSING',
  dimension_unit: 'MISSING'
}
Failed to parse comparison for match 3196: {
  grade: 'MISSING',
  length: 'MISSING',
  material: 'MISSING',
  pressure: 'MISSING',
  standard: 'MISSING',
  dimension: 'MISSING',
  product_type: 'MISSING',
  dimension_unit: 'MISSING'
}
Failed to parse comparison for match 3197: {
  grade: 'MISSING',
  length: 'MISSING',
  material: 'MISSING',
  pressure: 'MISSING',
  standard: 'MISSING',
  dimension: 'MISSING',
  product_type: 'MISSING',
  dimension_unit: 'MISSING'
}
Failed to parse comparison for match 3198: {
  grade: 'MISSING',
  length: 'MISSING',
  material: 'MISSING',
  pressure: 'MISSING',
  standard: 'MISSING',
  dimension: 'MISSING',
  product_type: 'MISSING',
  dimension_unit: 'MISSING'
}
Failed to parse comparison for match 3199: {
  grade: 'MISSING',
  length: 'MISSING',
  material: 'MISSING',
  pressure: 'MISSING',
  standard: 'MISSING',
  dimension: 'MISSING',
  product_type: 'MISSING',
  dimension_unit: 'MISSING'
}
Failed to parse comparison for match 3200: {
  grade: 'MISSING',
  length: 'MISSING',
  material: 'MISSING',
  pressure: 'MISSING',
  standard: 'MISSING',
  dimension: 'MISSING',
  product_type: 'MISSING',
  dimension_unit: 'MISSING'
}
Failed to parse comparison for match 3201: {
  grade: 'MISSING',
  length: 'MISSING',
  material: 'MISSING',
  pressure: 'MISSING',
  standard: 'MISSING',
  dimension: 'MISSING',
  product_type: 'MISSING',
  dimension_unit: 'MISSING'
}
Failed to parse comparison for match 3202: {
  grade: 'MISSING',
  length: 'MISSING',
  material: 'MISSING',
  pressure: 'MISSING',
  standard: 'MISSING',
  dimension: 'MISSING',
  product_type: 'MISSING',
  dimension_unit: 'MISSING'
}
Failed to parse comparison for match 3203: {
  grade: 'MISSING',
  length: 'MISSING',
  material: 'MISSING',
  pressure: 'MISSING',
  standard: 'MISSING',
  dimension: 'MISSING',
  product_type: 'MISSING',
  dimension_unit: 'MISSING'
}
Failed to parse comparison for match 3204: {
  grade: 'MISSING',
  length: 'MISSING',
  material: 'MISSING',
  pressure: 'MISSING',
  standard: 'MISSING',
  dimension: 'MISSING',
  product_type: 'MISSING',
  dimension_unit: 'MISSING'
}
Failed to parse comparison for match 3205: {
  grade: 'MISSING',
  length: 'MISSING',
  material: 'MISSING',
  pressure: 'MISSING',
  standard: 'MISSING',
  dimension: 'MISSING',
  product_type: 'MISSING',
  dimension_unit: 'MISSING'
}
Failed to parse comparison for match 3206: {
  grade: 'MISSING',
  length: 'MISSING',
  material: 'MISSING',
  pressure: 'MISSING',
  standard: 'MISSING',
  dimension: 'MISSING',
  product_type: 'MISSING',
  dimension_unit: 'MISSING'
}
Failed to parse comparison for match 3207: {
  grade: 'MISSING',
  length: 'MISSING',
  material: 'MISSING',
  pressure: 'MISSING',
  standard: 'MISSING',
  dimension: 'MISSING',
  product_type: 'MISSING',
  dimension_unit: 'MISSING'
}
Failed to parse comparison for match 3208: {
  grade: 'MISSING',
  length: 'MISSING',
  material: 'MISSING',
  pressure: 'MISSING',
  standard: 'MISSING',
  dimension: 'MISSING',
  product_type: 'MISSING',
  dimension_unit: 'MISSING'
}
Failed to parse comparison for match 3209: {
  grade: 'MISSING',
  length: 'MISSING',
  material: 'MISSING',
  pressure: 'MISSING',
  standard: 'MISSING',
  dimension: 'MISSING',
  product_type: 'MISSING',
  dimension_unit: 'MISSING'
}
Failed to parse comparison for match 3210: {
  grade: 'MISSING',
  length: 'MISSING',
  material: 'MISSING',
  pressure: 'MISSING',
  standard: 'MISSING',
  dimension: 'MISSING',
  product_type: 'MISSING',
  dimension_unit: 'MISSING'
}
Failed to parse comparison for match 3211: {
  grade: 'MISSING',
  length: 'MISSING',
  material: 'MISSING',
  pressure: 'MISSING',
  standard: 'MISSING',
  dimension: 'MISSING',
  product_type: 'MISSING',
  dimension_unit: 'MISSING'
}
Failed to parse comparison for match 3212: {
  grade: 'MISSING',
  length: 'MISSING',
  material: 'MISSING',
  pressure: 'MISSING',
  standard: 'MISSING',
  dimension: 'MISSING',
  product_type: 'MISSING',
  dimension_unit: 'MISSING'
}
Failed to parse comparison for match 3213: {
  grade: 'MISSING',
  length: 'MISSING',
  material: 'MISSING',
  pressure: 'MISSING',
  standard: 'MISSING',
  dimension: 'MISSING',
  product_type: 'MISSING',
  dimension_unit: 'MISSING'
}
Failed to parse comparison for match 3214: {
  grade: 'MISSING',
  length: 'MISSING',
  material: 'MISSING',
  pressure: 'MISSING',
  standard: 'MISSING',
  dimension: 'MISSING',
  product_type: 'MISSING',
  dimension_unit: 'MISSING'
}
Failed to parse comparison for match 3215: {
  grade: 'MISSING',
  length: 'MISSING',
  material: 'MISSING',
  pressure: 'MISSING',
  standard: 'MISSING',
  dimension: 'MISSING',
  product_type: 'MISSING',
  dimension_unit: 'MISSING'
}
Failed to parse comparison for match 3216: {
  grade: 'MISSING',
  length: 'MISSING',
  material: 'MISSING',
  pressure: 'MISSING',
  standard: 'MISSING',
  dimension: 'MISSING',
  product_type: 'MISSING',
  dimension_unit: 'MISSING'
}
Failed to parse comparison for match 3217: {
  grade: 'MISSING',
  length: 'MISSING',
  material: 'MISSING',
  pressure: 'MISSING',
  standard: 'MISSING',
  dimension: 'MISSING',
  product_type: 'MISSING',
  dimension_unit: 'MISSING'
}
Failed to parse comparison for match 3218: {
  grade: 'MISSING',
  length: 'MISSING',
  material: 'MISSING',
  pressure: 'MISSING',
  standard: 'MISSING',
  dimension: 'MISSING',
  product_type: 'MISSING',
  dimension_unit: 'MISSING'
}
Failed to parse comparison for match 3219: {
  grade: 'MISSING',
  length: 'MISSING',
  material: 'MISSING',
  pressure: 'MISSING',
  standard: 'MISSING',
  dimension: 'MISSING',
  product_type: 'MISSING',
  dimension_unit: 'MISSING'
}
Failed to parse comparison for match 3220: {
  grade: 'MISSING',
  length: 'MISSING',
  material: 'MISSING',
  pressure: 'MISSING',
  standard: 'MISSING',
  dimension: 'MISSING',
  product_type: 'MISSING',
  dimension_unit: 'MISSING'
}
Failed to parse comparison for match 3221: {
  grade: 'MISSING',
  length: 'MISSING',
  material: 'MISSING',
  pressure: 'MISSING',
  standard: 'MISSING',
  dimension: 'MISSING',
  product_type: 'MISSING',
  dimension_unit: 'MISSING'
}
Failed to parse comparison for match 3222: {
  grade: 'MISSING',
  length: 'MISSING',
  material: 'MISSING',
  pressure: 'MISSING',
  standard: 'MISSING',
  dimension: 'MISSING',
  product_type: 'MISSING',
  dimension_unit: 'MISSING'
}
Failed to parse comparison for match 3223: {
  grade: 'MISSING',
  length: 'MISSING',
  material: 'MISSING',
  pressure: 'MISSING',
  standard: 'MISSING',
  dimension: 'MISSING',
  product_type: 'MISSING',
  dimension_unit: 'MISSING'
}
Failed to parse comparison for match 3224: {
  grade: 'MISSING',
  length: 'MISSING',
  material: 'MISSING',
  pressure: 'MISSING',
  standard: 'MISSING',
  dimension: 'MISSING',
  product_type: 'MISSING',
  dimension_unit: 'MISSING'
}
Failed to parse comparison for match 3225: {
  grade: 'MISSING',
  length: 'MISSING',
  material: 'MISSING',
  pressure: 'MISSING',
  standard: 'MISSING',
  dimension: 'MISSING',
  product_type: 'MISSING',
  dimension_unit: 'MISSING'
}
Failed to parse comparison for match 3226: {
  grade: 'MISSING',
  length: 'MISSING',
  material: 'MISSING',
  pressure: 'MISSING',
  standard: 'MISSING',
  dimension: 'MISSING',
  product_type: 'MISSING',
  dimension_unit: 'MISSING'
}
Failed to parse comparison for match 3227: {
  grade: 'MISSING',
  length: 'MISSING',
  material: 'MISSING',
  pressure: 'MISSING',
  standard: 'MISSING',
  dimension: 'MISSING',
  product_type: 'MISSING',
  dimension_unit: 'MISSING'
}
Failed to parse comparison for match 3228: {
  grade: 'MISSING',
  length: 'MISSING',
  material: 'MISSING',
  pressure: 'MISSING',
  standard: 'MISSING',
  dimension: 'MISSING',
  product_type: 'MISSING',
  dimension_unit: 'MISSING'
}
Failed to parse comparison for match 3229: {
  grade: 'MISSING',
  length: 'MISSING',
  material: 'MISSING',
  pressure: 'MISSING',
  standard: 'MISSING',
  dimension: 'MISSING',
  product_type: 'MISSING',
  dimension_unit: 'MISSING'
}
Failed to parse comparison for match 3230: {
  grade: 'MISSING',
  length: 'MISSING',
  material: 'MISSING',
  pressure: 'MISSING',
  standard: 'MISSING',
  dimension: 'MISSING',
  product_type: 'MISSING',
  dimension_unit: 'MISSING'
}
Failed to parse comparison for match 3231: {
  grade: 'MISSING',
  length: 'MISSING',
  material: 'MISSING',
  pressure: 'MISSING',
  standard: 'MISSING',
  dimension: 'MISSING',
  product_type: 'MISSING',
  dimension_unit: 'MISSING'
}
Failed to parse comparison for match 3232: {
  grade: 'MISSING',
  length: 'MISSING',
  material: 'MISSING',
  pressure: 'MISSING',
  standard: 'MISSING',
  dimension: 'MISSING',
  product_type: 'MISSING',
  dimension_unit: 'MISSING'
}
Failed to parse comparison for match 3233: {
  grade: 'MISSING',
  length: 'MISSING',
  material: 'MISSING',
  pressure: 'MISSING',
  standard: 'MISSING',
  dimension: 'MISSING',
  product_type: 'MISSING',
  dimension_unit: 'MISSING'
}
Failed to parse comparison for match 3234: {
  grade: 'MISSING',
  length: 'MISSING',
  material: 'MISSING',
  pressure: 'MISSING',
  standard: 'MISSING',
  dimension: 'MISSING',
  product_type: 'MISSING',
  dimension_unit: 'MISSING'
}
Failed to parse comparison for match 3235: {
  grade: 'MISSING',
  length: 'MISSING',
  material: 'MISSING',
  pressure: 'MISSING',
  standard: 'MISSING',
  dimension: 'MISSING',
  product_type: 'MISSING',
  dimension_unit: 'MISSING'
}
Failed to parse comparison for match 3236: {
  grade: 'MISSING',
  length: 'MISSING',
  material: 'MISSING',
  pressure: 'MISSING',
  standard: 'MISSING',
  dimension: 'MISSING',
  product_type: 'MISSING',
  dimension_unit: 'MISSING'
}
Failed to parse comparison for match 3237: {
  grade: 'MISSING',
  length: 'MISSING',
  material: 'MISSING',
  pressure: 'MISSING',
  standard: 'MISSING',
  dimension: 'MISSING',
  product_type: 'MISSING',
  dimension_unit: 'MISSING'
}
Failed to parse comparison for match 3238: {
  grade: 'MISSING',
  length: 'MISSING',
  material: 'MISSING',
  pressure: 'MISSING',
  standard: 'MISSING',
  dimension: 'MISSING',
  product_type: 'MISSING',
  dimension_unit: 'MISSING'
}
Failed to parse comparison for match 3239: {
  grade: 'MISSING',
  length: 'MISSING',
  material: 'MISSING',
  pressure: 'MISSING',
  standard: 'MISSING',
  dimension: 'MISSING',
  product_type: 'MISSING',
  dimension_unit: 'MISSING'
}
Failed to parse comparison for match 3240: {
  grade: 'MISSING',
  length: 'MISSING',
  material: 'MISSING',
  pressure: 'MISSING',
  standard: 'MISSING',
  dimension: 'MISSING',
  product_type: 'MISSING',
  dimension_unit: 'MISSING'
}
Failed to parse comparison for match 3241: {
  grade: 'MISSING',
  length: 'MISSING',
  material: 'MISSING',
  pressure: 'MISSING',
  standard: 'MISSING',
  dimension: 'MISSING',
  product_type: 'MISSING',
  dimension_unit: 'MISSING'
}
Failed to parse comparison for match 3242: {
  grade: 'MISSING',
  length: 'MISSING',
  material: 'MISSING',
  pressure: 'MISSING',
  standard: 'MISSING',
  dimension: 'MISSING',
  product_type: 'MISSING',
  dimension_unit: 'MISSING'
}
Failed to parse comparison for match 3243: {
  grade: 'MISSING',
  length: 'MISSING',
  material: 'MISSING',
  pressure: 'MISSING',
  standard: 'MISSING',
  dimension: 'MISSING',
  product_type: 'MISSING',
  dimension_unit: 'MISSING'
}
Failed to parse comparison for match 3244: {
  grade: 'MISSING',
  length: 'MISSING',
  material: 'MISSING',
  pressure: 'MISSING',
  standard: 'MISSING',
  dimension: 'MISSING',
  product_type: 'MISSING',
  dimension_unit: 'MISSING'
}
Failed to parse comparison for match 3245: {
  grade: 'MISSING',
  length: 'MISSING',
  material: 'MISSING',
  pressure: 'MISSING',
  standard: 'MISSING',
  dimension: 'MISSING',
  product_type: 'MISSING',
  dimension_unit: 'MISSING'
}
Failed to parse comparison for match 3246: {
  grade: 'MISSING',
  length: 'MISSING',
  material: 'MISSING',
  pressure: 'MISSING',
  standard: 'MISSING',
  dimension: 'MISSING',
  product_type: 'MISSING',
  dimension_unit: 'MISSING'
}
Failed to parse comparison for match 3247: {
  grade: 'MISSING',
  length: 'MISSING',
  material: 'MISSING',
  pressure: 'MISSING',
  standard: 'MISSING',
  dimension: 'MISSING',
  product_type: 'MISSING',
  dimension_unit: 'MISSING'
}
Failed to parse comparison for match 3248: {
  grade: 'MISSING',
  length: 'MISSING',
  material: 'MISSING',
  pressure: 'MISSING',
  standard: 'MISSING',
  dimension: 'MISSING',
  product_type: 'MISSING',
  dimension_unit: 'MISSING'
}
Failed to parse comparison for match 3249: {
  grade: 'MISSING',
  length: 'MISSING',
  material: 'MISSING',
  pressure: 'MISSING',
  standard: 'MISSING',
  dimension: 'MISSING',
  product_type: 'MISSING',
  dimension_unit: 'MISSING'
}
Failed to parse comparison for match 3250: {
  grade: 'MISSING',
  length: 'MISSING',
  material: 'MISSING',
  pressure: 'MISSING',
  standard: 'MISSING',
  dimension: 'MISSING',
  product_type: 'MISSING',
  dimension_unit: 'MISSING'
}
Failed to parse comparison for match 3251: {
  grade: 'MISSING',
  length: 'MISSING',
  material: 'MISSING',
  pressure: 'MISSING',
  standard: 'MISSING',
  dimension: 'MISSING',
  product_type: 'MISSING',
  dimension_unit: 'MISSING'
}
Failed to parse comparison for match 3252: {
  grade: 'MISSING',
  length: 'MISSING',
  material: 'MISSING',
  pressure: 'MISSING',
  standard: 'MISSING',
  dimension: 'MISSING',
  product_type: 'MISSING',
  dimension_unit: 'MISSING'
}
Failed to parse comparison for match 3253: {
  grade: 'MISSING',
  length: 'MISSING',
  material: 'MISSING',
  pressure: 'MISSING',
  standard: 'MISSING',
  dimension: 'MISSING',
  product_type: 'MISSING',
  dimension_unit: 'MISSING'
}
Failed to parse comparison for match 3254: {
  grade: 'MISSING',
  length: 'MISSING',
  material: 'MISSING',
  pressure: 'MISSING',
  standard: 'MISSING',
  dimension: 'MISSING',
  product_type: 'MISSING',
  dimension_unit: 'MISSING'
}
Failed to parse comparison for match 3255: {
  grade: 'MISSING',
  length: 'MISSING',
  material: 'MISSING',
  pressure: 'MISSING',
  standard: 'MISSING',
  dimension: 'MISSING',
  product_type: 'MISSING',
  dimension_unit: 'MISSING'
}
Failed to parse comparison for match 3256: {
  grade: 'MISSING',
  length: 'MISSING',
  material: 'MISSING',
  pressure: 'MISSING',
  standard: 'MISSING',
  dimension: 'MISSING',
  product_type: 'MISSING',
  dimension_unit: 'MISSING'
}
Failed to parse comparison for match 3257: {
  grade: 'MISSING',
  length: 'MISSING',
  material: 'MISSING',
  pressure: 'MISSING',
  standard: 'MISSING',
  dimension: 'MISSING',
  product_type: 'MISSING',
  dimension_unit: 'MISSING'
}
Failed to parse comparison for match 3258: {
  grade: 'MISSING',
  length: 'MISSING',
  material: 'MISSING',
  pressure: 'MISSING',
  standard: 'MISSING',
  dimension: 'MISSING',
  product_type: 'MISSING',
  dimension_unit: 'MISSING'
}
Failed to parse comparison for match 3259: {
  grade: 'MISSING',
  length: 'MISSING',
  material: 'MISSING',
  pressure: 'MISSING',
  standard: 'MISSING',
  dimension: 'MISSING',
  product_type: 'MISSING',
  dimension_unit: 'MISSING'
}
Failed to parse comparison for match 3260: {
  grade: 'MISSING',
  length: 'MISSING',
  material: 'MISSING',
  pressure: 'MISSING',
  standard: 'MISSING',
  dimension: 'MISSING',
  product_type: 'MISSING',
  dimension_unit: 'MISSING'
}
Failed to parse comparison for match 3261: {
  grade: 'MISSING',
  length: 'MISSING',
  material: 'MISSING',
  pressure: 'MISSING',
  standard: 'MISSING',
  dimension: 'MISSING',
  product_type: 'MISSING',
  dimension_unit: 'MISSING'
}
Failed to parse comparison for match 3262: {
  grade: 'MISSING',
  length: 'MISSING',
  material: 'MISSING',
  pressure: 'MISSING',
  standard: 'MISSING',
  dimension: 'MISSING',
  product_type: 'MISSING',
  dimension_unit: 'MISSING'
}
Failed to parse comparison for match 3263: {
  grade: 'MISSING',
  length: 'MISSING',
  material: 'MISSING',
  pressure: 'MISSING',
  standard: 'MISSING',
  dimension: 'MISSING',
  product_type: 'MISSING',
  dimension_unit: 'MISSING'
}
Failed to parse comparison for match 3264: {
  grade: 'MISSING',
  length: 'MISSING',
  material: 'MISSING',
  pressure: 'MISSING',
  standard: 'MISSING',
  dimension: 'MISSING',
  product_type: 'MISSING',
  dimension_unit: 'MISSING'
}
Failed to parse comparison for match 3265: {
  grade: 'MISSING',
  length: 'MISSING',
  material: 'MISSING',
  pressure: 'MISSING',
  standard: 'MISSING',
  dimension: 'MISSING',
  product_type: 'MISSING',
  dimension_unit: 'MISSING'
}
Failed to parse comparison for match 3266: {
  grade: 'MISSING',
  length: 'MISSING',
  material: 'MISSING',
  pressure: 'MISSING',
  standard: 'MISSING',
  dimension: 'MISSING',
  product_type: 'MISSING',
  dimension_unit: 'MISSING'
}
Failed to parse comparison for match 3267: {
  grade: 'MISSING',
  length: 'MISSING',
  material: 'MISSING',
  pressure: 'MISSING',
  standard: 'MISSING',
  dimension: 'MISSING',
  product_type: 'MISSING',
  dimension_unit: 'MISSING'
}
Failed to parse comparison for match 3268: {
  grade: 'MISSING',
  length: 'MISSING',
  material: 'MISSING',
  pressure: 'MISSING',
  standard: 'MISSING',
  dimension: 'MISSING',
  product_type: 'MISSING',
  dimension_unit: 'MISSING'
}
Failed to parse comparison for match 3269: {
  grade: 'MISSING',
  length: 'MISSING',
  material: 'MISSING',
  pressure: 'MISSING',
  standard: 'MISSING',
  dimension: 'MISSING',
  product_type: 'MISSING',
  dimension_unit: 'MISSING'
}
Failed to parse comparison for match 3270: {
  grade: 'MISSING',
  length: 'MISSING',
  material: 'MISSING',
  pressure: 'MISSING',
  standard: 'MISSING',
  dimension: 'MISSING',
  product_type: 'MISSING',
  dimension_unit: 'MISSING'
}
Failed to parse comparison for match 3271: {
  grade: 'MISSING',
  length: 'MISSING',
  material: 'MISSING',
  pressure: 'MISSING',
  standard: 'MISSING',
  dimension: 'MISSING',
  product_type: 'MISSING',
  dimension_unit: 'MISSING'
}
Failed to parse comparison for match 3272: {
  grade: 'MISSING',
  length: 'MISSING',
  material: 'MISSING',
  pressure: 'MISSING',
  standard: 'MISSING',
  dimension: 'MISSING',
  product_type: 'MISSING',
  dimension_unit: 'MISSING'
}
Failed to parse comparison for match 3273: {
  grade: 'MISSING',
  length: 'MISSING',
  material: 'MISSING',
  pressure: 'MISSING',
  standard: 'MISSING',
  dimension: 'MISSING',
  product_type: 'MISSING',
  dimension_unit: 'MISSING'
}
Failed to parse comparison for match 3274: {
  grade: 'MISSING',
  length: 'MISSING',
  material: 'MISSING',
  pressure: 'MISSING',
  standard: 'MISSING',
  dimension: 'MISSING',
  product_type: 'MISSING',
  dimension_unit: 'MISSING'
}
Failed to parse comparison for match 3275: {
  grade: 'MISSING',
  length: 'MISSING',
  material: 'MISSING',
  pressure: 'MISSING',
  standard: 'MISSING',
  dimension: 'MISSING',
  product_type: 'MISSING',
  dimension_unit: 'MISSING'
}
Failed to parse comparison for match 3276: {
  grade: 'MISSING',
  length: 'MISSING',
  material: 'MISSING',
  pressure: 'MISSING',
  standard: 'MISSING',
  dimension: 'MISSING',
  product_type: 'MISSING',
  dimension_unit: 'MISSING'
}
Failed to parse comparison for match 3277: {
  grade: 'MISSING',
  length: 'MISSING',
  material: 'MISSING',
  pressure: 'MISSING',
  standard: 'MISSING',
  dimension: 'MISSING',
  product_type: 'MISSING',
  dimension_unit: 'MISSING'
}
Failed to parse comparison for match 3278: {
  grade: 'MISSING',
  length: 'MISSING',
  material: 'MISSING',
  pressure: 'MISSING',
  standard: 'MISSING',
  dimension: 'MISSING',
  product_type: 'MISSING',
  dimension_unit: 'MISSING'
}
Failed to parse comparison for match 3279: {
  grade: 'MISSING',
  length: 'MISSING',
  material: 'MISSING',
  pressure: 'MISSING',
  standard: 'MISSING',
  dimension: 'MISSING',
  product_type: 'MISSING',
  dimension_unit: 'MISSING'
}
Failed to parse comparison for match 3280: {
  grade: 'MISSING',
  length: 'MISSING',
  material: 'MISSING',
  pressure: 'MISSING',
  standard: 'MISSING',
  dimension: 'MISSING',
  product_type: 'MISSING',
  dimension_unit: 'MISSING'
}
Failed to parse comparison for match 3281: {
  grade: 'MISSING',
  length: 'MISSING',
  material: 'MISSING',
  pressure: 'MISSING',
  standard: 'MISSING',
  dimension: 'MISSING',
  product_type: 'MISSING',
  dimension_unit: 'MISSING'
}
Failed to parse comparison for match 3282: {
  grade: 'MISSING',
  length: 'MISSING',
  material: 'MISSING',
  pressure: 'MISSING',
  standard: 'MISSING',
  dimension: 'MISSING',
  product_type: 'MISSING',
  dimension_unit: 'MISSING'
}
Failed to parse comparison for match 3283: {
  grade: 'MISSING',
  length: 'MISSING',
  material: 'MISSING',
  pressure: 'MISSING',
  standard: 'MISSING',
  dimension: 'MISSING',
  product_type: 'MISSING',
  dimension_unit: 'MISSING'
}
Failed to parse comparison for match 3284: {
  grade: 'MISSING',
  length: 'MISSING',
  material: 'MISSING',
  pressure: 'MISSING',
  standard: 'MISSING',
  dimension: 'MISSING',
  product_type: 'MISSING',
  dimension_unit: 'MISSING'
}
Failed to parse comparison for match 3285: {
  grade: 'MISSING',
  length: 'MISSING',
  material: 'MISSING',
  pressure: 'MISSING',
  standard: 'MISSING',
  dimension: 'MISSING',
  product_type: 'MISSING',
  dimension_unit: 'MISSING'
}
Failed to parse comparison for match 3286: {
  grade: 'MISSING',
  length: 'MISSING',
  material: 'MISSING',
  pressure: 'MISSING',
  standard: 'MISSING',
  dimension: 'MISSING',
  product_type: 'MISSING',
  dimension_unit: 'MISSING'
}
Failed to parse comparison for match 3287: {
  grade: 'MISSING',
  length: 'MISSING',
  material: 'MISSING',
  pressure: 'MISSING',
  standard: 'MISSING',
  dimension: 'MISSING',
  product_type: 'MISSING',
  dimension_unit: 'MISSING'
}
Failed to parse comparison for match 3288: {
  grade: 'MISSING',
  length: 'MISSING',
  material: 'MISSING',
  pressure: 'MISSING',
  standard: 'MISSING',
  dimension: 'MISSING',
  product_type: 'MISSING',
  dimension_unit: 'MISSING'
}
Failed to parse comparison for match 3289: {
  grade: 'MISSING',
  length: 'MISSING',
  material: 'MISSING',
  pressure: 'MISSING',
  standard: 'MISSING',
  dimension: 'MISSING',
  product_type: 'MISSING',
  dimension_unit: 'MISSING'
}
Failed to parse comparison for match 3290: {
  grade: 'MISSING',
  length: 'MISSING',
  material: 'MISSING',
  pressure: 'MISSING',
  standard: 'MISSING',
  dimension: 'MISSING',
  product_type: 'MISSING',
  dimension_unit: 'MISSING'
}
Failed to parse comparison for match 3291: {
  grade: 'MISSING',
  length: 'MISSING',
  material: 'MISSING',
  pressure: 'MISSING',
  standard: 'MISSING',
  dimension: 'MISSING',
  product_type: 'MISSING',
  dimension_unit: 'MISSING'
}
Failed to parse comparison for match 3292: {
  grade: 'MISSING',
  length: 'MISSING',
  material: 'MISSING',
  pressure: 'MISSING',
  standard: 'MISSING',
  dimension: 'MISSING',
  product_type: 'MISSING',
  dimension_unit: 'MISSING'
}
Failed to parse comparison for match 3293: {
  grade: 'MISSING',
  length: 'MISSING',
  material: 'MISSING',
  pressure: 'MISSING',
  standard: 'MISSING',
  dimension: 'MISSING',
  product_type: 'MISSING',
  dimension_unit: 'MISSING'
}
Failed to parse comparison for match 3294: {
  grade: 'MISSING',
  length: 'MISSING',
  material: 'MISSING',
  pressure: 'MISSING',
  standard: 'MISSING',
  dimension: 'MISSING',
  product_type: 'MISSING',
  dimension_unit: 'MISSING'
}
Failed to parse comparison for match 3295: {
  grade: 'MISSING',
  length: 'MISSING',
  material: 'MISSING',
  pressure: 'MISSING',
  standard: 'MISSING',
  dimension: 'MISSING',
  product_type: 'MISSING',
  dimension_unit: 'MISSING'
}
Failed to parse comparison for match 3296: {
  grade: 'MISSING',
  length: 'MISSING',
  material: 'MISSING',
  pressure: 'MISSING',
  standard: 'MISSING',
  dimension: 'MISSING',
  product_type: 'MISSING',
  dimension_unit: 'MISSING'
}
Failed to parse comparison for match 3297: {
  grade: 'MISSING',
  length: 'MISSING',
  material: 'MISSING',
  pressure: 'MISSING',
  standard: 'MISSING',
  dimension: 'MISSING',
  product_type: 'MISSING',
  dimension_unit: 'MISSING'
}
Failed to parse comparison for match 3298: {
  grade: 'MISSING',
  length: 'MISSING',
  material: 'MISSING',
  pressure: 'MISSING',
  standard: 'MISSING',
  dimension: 'MISSING',
  product_type: 'MISSING',
  dimension_unit: 'MISSING'
}
Failed to parse comparison for match 3299: {
  grade: 'MISSING',
  length: 'MISSING',
  material: 'MISSING',
  pressure: 'MISSING',
  standard: 'MISSING',
  dimension: 'MISSING',
  product_type: 'MISSING',
  dimension_unit: 'MISSING'
}
Failed to parse comparison for match 3300: {
  grade: 'MISSING',
  length: 'MISSING',
  material: 'MISSING',
  pressure: 'MISSING',
  standard: 'MISSING',
  dimension: 'MISSING',
  product_type: 'MISSING',
  dimension_unit: 'MISSING'
}
Failed to parse comparison for match 3301: {
  grade: 'MISSING',
  length: 'MISSING',
  material: 'MISSING',
  pressure: 'MISSING',
  standard: 'MISSING',
  dimension: 'MISSING',
  product_type: 'MISSING',
  dimension_unit: 'MISSING'
}
Failed to parse comparison for match 3302: {
  grade: 'MISSING',
  length: 'MISSING',
  material: 'MISSING',
  pressure: 'MISSING',
  standard: 'MISSING',
  dimension: 'MISSING',
  product_type: 'MISSING',
  dimension_unit: 'MISSING'
}
Failed to parse comparison for match 3303: {
  grade: 'MISSING',
  length: 'MISSING',
  material: 'MISSING',
  pressure: 'MISSING',
  standard: 'MISSING',
  dimension: 'MISSING',
  product_type: 'MISSING',
  dimension_unit: 'MISSING'
}
Failed to parse comparison for match 3304: {
  grade: 'MISSING',
  length: 'MISSING',
  material: 'MISSING',
  pressure: 'MISSING',
  standard: 'MISSING',
  dimension: 'MISSING',
  product_type: 'MISSING',
  dimension_unit: 'MISSING'
}
Failed to parse comparison for match 3305: {
  grade: 'MISSING',
  length: 'MISSING',
  material: 'MISSING',
  pressure: 'MISSING',
  standard: 'MISSING',
  dimension: 'MISSING',
  product_type: 'MISSING',
  dimension_unit: 'MISSING'
}
Failed to parse comparison for match 3306: {
  grade: 'MISSING',
  length: 'MISSING',
  material: 'MISSING',
  pressure: 'MISSING',
  standard: 'MISSING',
  dimension: 'MISSING',
  product_type: 'MISSING',
  dimension_unit: 'MISSING'
}
Failed to parse comparison for match 3307: {
  grade: 'MISSING',
  length: 'MISSING',
  material: 'MISSING',
  pressure: 'MISSING',
  standard: 'MISSING',
  dimension: 'MISSING',
  product_type: 'MISSING',
  dimension_unit: 'MISSING'
}
Failed to parse comparison for match 3308: {
  grade: 'MISSING',
  length: 'MISSING',
  material: 'MISSING',
  pressure: 'MISSING',
  standard: 'MISSING',
  dimension: 'MISSING',
  product_type: 'MISSING',
  dimension_unit: 'MISSING'
}
Failed to parse comparison for match 3309: {
  grade: 'MISSING',
  length: 'MISSING',
  material: 'MISSING',
  pressure: 'MISSING',
  standard: 'MISSING',
  dimension: 'MISSING',
  product_type: 'MISSING',
  dimension_unit: 'MISSING'
}
Failed to parse comparison for match 3310: {
  grade: 'MISSING',
  length: 'MISSING',
  material: 'MISSING',
  pressure: 'MISSING',
  standard: 'MISSING',
  dimension: 'MISSING',
  product_type: 'MISSING',
  dimension_unit: 'MISSING'
}
Failed to parse comparison for match 3311: {
  grade: 'MISSING',
  length: 'MISSING',
  material: 'MISSING',
  pressure: 'MISSING',
  standard: 'MISSING',
  dimension: 'MISSING',
  product_type: 'MISSING',
  dimension_unit: 'MISSING'
}
Failed to parse comparison for match 3312: {
  grade: 'MISSING',
  length: 'MISSING',
  material: 'MISSING',
  pressure: 'MISSING',
  standard: 'MISSING',
  dimension: 'MISSING',
  product_type: 'MISSING',
  dimension_unit: 'MISSING'
}
Failed to parse comparison for match 3313: {
  grade: 'MISSING',
  length: 'MISSING',
  material: 'MISSING',
  pressure: 'MISSING',
  standard: 'MISSING',
  dimension: 'MISSING',
  product_type: 'MISSING',
  dimension_unit: 'MISSING'
}
Failed to parse comparison for match 3314: {
  grade: 'MISSING',
  length: 'MISSING',
  material: 'MISSING',
  pressure: 'MISSING',
  standard: 'MISSING',
  dimension: 'MISSING',
  product_type: 'MISSING',
  dimension_unit: 'MISSING'
}
Failed to parse comparison for match 3315: {
  grade: 'MISSING',
  length: 'MISSING',
  material: 'MISSING',
  pressure: 'MISSING',
  standard: 'MISSING',
  dimension: 'MISSING',
  product_type: 'MISSING',
  dimension_unit: 'MISSING'
}
Failed to parse comparison for match 3316: {
  grade: 'MISSING',
  length: 'MISSING',
  material: 'MISSING',
  pressure: 'MISSING',
  standard: 'MISSING',
  dimension: 'MISSING',
  product_type: 'MISSING',
  dimension_unit: 'MISSING'
}
Failed to parse comparison for match 3317: {
  grade: 'MISSING',
  length: 'MISSING',
  material: 'MISSING',
  pressure: 'MISSING',
  standard: 'MISSING',
  dimension: 'MISSING',
  product_type: 'MISSING',
  dimension_unit: 'MISSING'
}
Failed to parse comparison for match 3318: {
  grade: 'MISSING',
  length: 'MISSING',
  material: 'MISSING',
  pressure: 'MISSING',
  standard: 'MISSING',
  dimension: 'MISSING',
  product_type: 'MISSING',
  dimension_unit: 'MISSING'
}
Failed to parse comparison for match 3319: {
  grade: 'MISSING',
  length: 'MISSING',
  material: 'MISSING',
  pressure: 'MISSING',
  standard: 'MISSING',
  dimension: 'MISSING',
  product_type: 'MISSING',
  dimension_unit: 'MISSING'
}
Failed to parse comparison for match 3320: {
  grade: 'MISSING',
  length: 'MISSING',
  material: 'MISSING',
  pressure: 'MISSING',
  standard: 'MISSING',
  dimension: 'MISSING',
  product_type: 'MISSING',
  dimension_unit: 'MISSING'
}
Failed to parse comparison for match 3321: {
  grade: 'MISSING',
  length: 'MISSING',
  material: 'MISSING',
  pressure: 'MISSING',
  standard: 'MISSING',
  dimension: 'MISSING',
  product_type: 'MISSING',
  dimension_unit: 'MISSING'
}
Failed to parse comparison for match 3322: {
  grade: 'MISSING',
  length: 'MISSING',
  material: 'MISSING',
  pressure: 'MISSING',
  standard: 'MISSING',
  dimension: 'MISSING',
  product_type: 'MISSING',
  dimension_unit: 'MISSING'
}
Failed to parse comparison for match 3323: {
  grade: 'MISSING',
  length: 'MISSING',
  material: 'MISSING',
  pressure: 'MISSING',
  standard: 'MISSING',
  dimension: 'MISSING',
  product_type: 'MISSING',
  dimension_unit: 'MISSING'
}
Failed to parse comparison for match 3324: {
  grade: 'MISSING',
  length: 'MISSING',
  material: 'MISSING',
  pressure: 'MISSING',
  standard: 'MISSING',
  dimension: 'MISSING',
  product_type: 'MISSING',
  dimension_unit: 'MISSING'
}
Failed to parse comparison for match 3325: {
  grade: 'MISSING',
  length: 'MISSING',
  material: 'MISSING',
  pressure: 'MISSING',
  standard: 'MISSING',
  dimension: 'MISSING',
  product_type: 'MISSING',
  dimension_unit: 'MISSING'
}
Failed to parse comparison for match 3326: {
  grade: 'MISSING',
  length: 'MISSING',
  material: 'MISSING',
  pressure: 'MISSING',
  standard: 'MISSING',
  dimension: 'MISSING',
  product_type: 'MISSING',
  dimension_unit: 'MISSING'
}
Failed to parse comparison for match 3327: {
  grade: 'MISSING',
  length: 'MISSING',
  material: 'MISSING',
  pressure: 'MISSING',
  standard: 'MISSING',
  dimension: 'MISSING',
  product_type: 'MISSING',
  dimension_unit: 'MISSING'
}
Failed to parse comparison for match 3328: {
  grade: 'MISSING',
  length: 'MISSING',
  material: 'MISSING',
  pressure: 'MISSING',
  standard: 'MISSING',
  dimension: 'MISSING',
  product_type: 'MISSING',
  dimension_unit: 'MISSING'
}
Failed to parse comparison for match 3329: {
  grade: 'MISSING',
  length: 'MISSING',
  material: 'MISSING',
  pressure: 'MISSING',
  standard: 'MISSING',
  dimension: 'MISSING',
  product_type: 'MISSING',
  dimension_unit: 'MISSING'
}
Failed to parse comparison for match 3330: {
  grade: 'MISSING',
  length: 'MISSING',
  material: 'MISSING',
  pressure: 'MISSING',
  standard: 'MISSING',
  dimension: 'MISSING',
  product_type: 'MISSING',
  dimension_unit: 'MISSING'
}
Failed to parse comparison for match 3331: {
  grade: 'MISSING',
  length: 'MISSING',
  material: 'MISSING',
  pressure: 'MISSING',
  standard: 'MISSING',
  dimension: 'MISSING',
  product_type: 'MISSING',
  dimension_unit: 'MISSING'
}
Failed to parse comparison for match 3332: {
  grade: 'MISSING',
  length: 'MISSING',
  material: 'MISSING',
  pressure: 'MISSING',
  standard: 'MISSING',
  dimension: 'MISSING',
  product_type: 'MISSING',
  dimension_unit: 'MISSING'
}
Failed to parse comparison for match 3333: {
  grade: 'MISSING',
  length: 'MISSING',
  material: 'MISSING',
  pressure: 'MISSING',
  standard: 'MISSING',
  dimension: 'MISSING',
  product_type: 'MISSING',
  dimension_unit: 'MISSING'
}
Failed to parse comparison for match 3334: {
  grade: 'MISSING',
  length: 'MISSING',
  material: 'MISSING',
  pressure: 'MISSING',
  standard: 'MISSING',
  dimension: 'MISSING',
  product_type: 'MISSING',
  dimension_unit: 'MISSING'
}
Failed to parse comparison for match 3335: {
  grade: 'MISSING',
  length: 'MISSING',
  material: 'MISSING',
  pressure: 'MISSING',
  standard: 'MISSING',
  dimension: 'MISSING',
  product_type: 'MISSING',
  dimension_unit: 'MISSING'
}
Failed to parse comparison for match 3336: {
  grade: 'MISSING',
  length: 'MISSING',
  material: 'MISSING',
  pressure: 'MISSING',
  standard: 'MISSING',
  dimension: 'MISSING',
  product_type: 'MISSING',
  dimension_unit: 'MISSING'
}
Failed to parse comparison for match 3337: {
  grade: 'MISSING',
  length: 'MISSING',
  material: 'MISSING',
  pressure: 'MISSING',
  standard: 'MISSING',
  dimension: 'MISSING',
  product_type: 'MISSING',
  dimension_unit: 'MISSING'
}
Failed to parse comparison for match 3338: {
  grade: 'MISSING',
  length: 'MISSING',
  material: 'MISSING',
  pressure: 'MISSING',
  standard: 'MISSING',
  dimension: 'MISSING',
  product_type: 'MISSING',
  dimension_unit: 'MISSING'
}
Failed to parse comparison for match 3339: {
  grade: 'MISSING',
  length: 'MISSING',
  material: 'MISSING',
  pressure: 'MISSING',
  standard: 'MISSING',
  dimension: 'MISSING',
  product_type: 'MISSING',
  dimension_unit: 'MISSING'
}
Failed to parse comparison for match 3340: {
  grade: 'MISSING',
  length: 'MISSING',
  material: 'MISSING',
  pressure: 'MISSING',
  standard: 'MISSING',
  dimension: 'MISSING',
  product_type: 'MISSING',
  dimension_unit: 'MISSING'
}
Failed to parse comparison for match 3341: {
  grade: 'MISSING',
  length: 'MISSING',
  material: 'MISSING',
  pressure: 'MISSING',
  standard: 'MISSING',
  dimension: 'MISSING',
  product_type: 'MISSING',
  dimension_unit: 'MISSING'
}
Failed to parse comparison for match 3342: {
  grade: 'MISSING',
  length: 'MISSING',
  material: 'MISSING',
  pressure: 'MISSING',
  standard: 'MISSING',
  dimension: 'MISSING',
  product_type: 'MISSING',
  dimension_unit: 'MISSING'
}
Failed to parse comparison for match 3343: {
  grade: 'MISSING',
  length: 'MISSING',
  material: 'MISSING',
  pressure: 'MISSING',
  standard: 'MISSING',
  dimension: 'MISSING',
  product_type: 'MISSING',
  dimension_unit: 'MISSING'
}
Failed to parse comparison for match 3344: {
  grade: 'MISSING',
  length: 'MISSING',
  material: 'MISSING',
  pressure: 'MISSING',
  standard: 'MISSING',
  dimension: 'MISSING',
  product_type: 'MISSING',
  dimension_unit: 'MISSING'
}
Failed to parse comparison for match 3345: {
  grade: 'MISSING',
  length: 'MISSING',
  material: 'MISSING',
  pressure: 'MISSING',
  standard: 'MISSING',
  dimension: 'MISSING',
  product_type: 'MISSING',
  dimension_unit: 'MISSING'
}
Failed to parse comparison for match 3346: {
  grade: 'MISSING',
  length: 'MISSING',
  material: 'MISSING',
  pressure: 'MISSING',
  standard: 'MISSING',
  dimension: 'MISSING',
  product_type: 'MISSING',
  dimension_unit: 'MISSING'
}
Failed to parse comparison for match 3347: {
  grade: 'MISSING',
  length: 'MISSING',
  material: 'MISSING',
  pressure: 'MISSING',
  standard: 'MISSING',
  dimension: 'MISSING',
  product_type: 'MISSING',
  dimension_unit: 'MISSING'
}
Failed to parse comparison for match 3348: {
  grade: 'MISSING',
  length: 'MISSING',
  material: 'MISSING',
  pressure: 'MISSING',
  standard: 'MISSING',
  dimension: 'MISSING',
  product_type: 'MISSING',
  dimension_unit: 'MISSING'
}
Failed to parse comparison for match 3349: {
  grade: 'MISSING',
  length: 'MISSING',
  material: 'MISSING',
  pressure: 'MISSING',
  standard: 'MISSING',
  dimension: 'MISSING',
  product_type: 'MISSING',
  dimension_unit: 'MISSING'
}
Failed to parse comparison for match 3350: {
  grade: 'MISSING',
  length: 'MISSING',
  material: 'MISSING',
  pressure: 'MISSING',
  standard: 'MISSING',
  dimension: 'MISSING',
  product_type: 'MISSING',
  dimension_unit: 'MISSING'
}
Failed to parse comparison for match 3351: {
  grade: 'MISSING',
  length: 'MISSING',
  material: 'MISSING',
  pressure: 'MISSING',
  standard: 'MISSING',
  dimension: 'MISSING',
  product_type: 'MISSING',
  dimension_unit: 'MISSING'
}
Failed to parse comparison for match 3352: {
  grade: 'MISSING',
  length: 'MISSING',
  material: 'MISSING',
  pressure: 'MISSING',
  standard: 'MISSING',
  dimension: 'MISSING',
  product_type: 'MISSING',
  dimension_unit: 'MISSING'
}
Failed to parse comparison for match 3353: {
  grade: 'MISSING',
  length: 'MISSING',
  material: 'MISSING',
  pressure: 'MISSING',
  standard: 'MISSING',
  dimension: 'MISSING',
  product_type: 'MISSING',
  dimension_unit: 'MISSING'
}
Failed to parse comparison for match 3354: {
  grade: 'MISSING',
  length: 'MISSING',
  material: 'MISSING',
  pressure: 'MISSING',
  standard: 'MISSING',
  dimension: 'MISSING',
  product_type: 'MISSING',
  dimension_unit: 'MISSING'
}
Failed to parse comparison for match 3355: {
  grade: 'MISSING',
  length: 'MISSING',
  material: 'MISSING',
  pressure: 'MISSING',
  standard: 'MISSING',
  dimension: 'MISSING',
  product_type: 'MISSING',
  dimension_unit: 'MISSING'
}
Failed to parse comparison for match 3356: {
  grade: 'MISSING',
  length: 'MISSING',
  material: 'MISSING',
  pressure: 'MISSING',
  standard: 'MISSING',
  dimension: 'MISSING',
  product_type: 'MISSING',
  dimension_unit: 'MISSING'
}
Failed to parse comparison for match 3357: {
  grade: 'MISSING',
  length: 'MISSING',
  material: 'MISSING',
  pressure: 'MISSING',
  standard: 'MISSING',
  dimension: 'MISSING',
  product_type: 'MISSING',
  dimension_unit: 'MISSING'
}
Failed to parse comparison for match 3358: {
  grade: 'MISSING',
  length: 'MISSING',
  material: 'MISSING',
  pressure: 'MISSING',
  standard: 'MISSING',
  dimension: 'MISSING',
  product_type: 'MISSING',
  dimension_unit: 'MISSING'
}
Failed to parse comparison for match 3359: {
  grade: 'MISSING',
  length: 'MISSING',
  material: 'MISSING',
  pressure: 'MISSING',
  standard: 'MISSING',
  dimension: 'MISSING',
  product_type: 'MISSING',
  dimension_unit: 'MISSING'
}
Failed to parse comparison for match 3360: {
  grade: 'MISSING',
  length: 'MISSING',
  material: 'MISSING',
  pressure: 'MISSING',
  standard: 'MISSING',
  dimension: 'MISSING',
  product_type: 'MISSING',
  dimension_unit: 'MISSING'
}
Failed to parse comparison for match 3361: {
  grade: 'MISSING',
  length: 'MISSING',
  material: 'MISSING',
  pressure: 'MISSING',
  standard: 'MISSING',
  dimension: 'MISSING',
  product_type: 'MISSING',
  dimension_unit: 'MISSING'
}
Failed to parse comparison for match 3362: {
  grade: 'MISSING',
  length: 'MISSING',
  material: 'MISSING',
  pressure: 'MISSING',
  standard: 'MISSING',
  dimension: 'MISSING',
  product_type: 'MISSING',
  dimension_unit: 'MISSING'
}
Failed to parse comparison for match 3363: {
  grade: 'MISSING',
  length: 'MISSING',
  material: 'MISSING',
  pressure: 'MISSING',
  standard: 'MISSING',
  dimension: 'MISSING',
  product_type: 'MISSING',
  dimension_unit: 'MISSING'
}
Failed to parse comparison for match 3364: {
  grade: 'MISSING',
  length: 'MISSING',
  material: 'MISSING',
  pressure: 'MISSING',
  standard: 'MISSING',
  dimension: 'MISSING',
  product_type: 'MISSING',
  dimension_unit: 'MISSING'
}
Failed to parse comparison for match 3365: {
  grade: 'MISSING',
  length: 'MISSING',
  material: 'MISSING',
  pressure: 'MISSING',
  standard: 'MISSING',
  dimension: 'MISSING',
  product_type: 'MISSING',
  dimension_unit: 'MISSING'
}
Failed to parse comparison for match 3366: {
  grade: 'MISSING',
  length: 'MISSING',
  material: 'MISSING',
  pressure: 'MISSING',
  standard: 'MISSING',
  dimension: 'MISSING',
  product_type: 'MISSING',
  dimension_unit: 'MISSING'
}
Failed to parse comparison for match 3367: {
  grade: 'MISSING',
  length: 'MISSING',
  material: 'MISSING',
  pressure: 'MISSING',
  standard: 'MISSING',
  dimension: 'MISSING',
  product_type: 'MISSING',
  dimension_unit: 'MISSING'
}
Failed to parse comparison for match 3368: {
  grade: 'MISSING',
  length: 'MISSING',
  material: 'MISSING',
  pressure: 'MISSING',
  standard: 'MISSING',
  dimension: 'MISSING',
  product_type: 'MISSING',
  dimension_unit: 'MISSING'
}
Failed to parse comparison for match 3369: {
  grade: 'MISSING',
  length: 'MISSING',
  material: 'MISSING',
  pressure: 'MISSING',
  standard: 'MISSING',
  dimension: 'MISSING',
  product_type: 'MISSING',
  dimension_unit: 'MISSING'
}
Failed to parse comparison for match 3370: {
  grade: 'MISSING',
  length: 'MISSING',
  material: 'MISSING',
  pressure: 'MISSING',
  standard: 'MISSING',
  dimension: 'MISSING',
  product_type: 'MISSING',
  dimension_unit: 'MISSING'
}
Failed to parse comparison for match 3371: {
  grade: 'MISSING',
  length: 'MISSING',
  material: 'MISSING',
  pressure: 'MISSING',
  standard: 'MISSING',
  dimension: 'MISSING',
  product_type: 'MISSING',
  dimension_unit: 'MISSING'
}
Failed to parse comparison for match 3372: {
  grade: 'MISSING',
  length: 'MISSING',
  material: 'MISSING',
  pressure: 'MISSING',
  standard: 'MISSING',
  dimension: 'MISSING',
  product_type: 'MISSING',
  dimension_unit: 'MISSING'
}
Failed to parse comparison for match 3373: {
  grade: 'MISSING',
  length: 'MISSING',
  material: 'MISSING',
  pressure: 'MISSING',
  standard: 'MISSING',
  dimension: 'MISSING',
  product_type: 'MISSING',
  dimension_unit: 'MISSING'
}
Failed to parse comparison for match 3374: {
  grade: 'MISSING',
  length: 'MISSING',
  material: 'MISSING',
  pressure: 'MISSING',
  standard: 'MISSING',
  dimension: 'MISSING',
  product_type: 'MISSING',
  dimension_unit: 'MISSING'
}
Failed to parse comparison for match 3375: {
  grade: 'MISSING',
  length: 'MISSING',
  material: 'MISSING',
  pressure: 'MISSING',
  standard: 'MISSING',
  dimension: 'MISSING',
  product_type: 'MISSING',
  dimension_unit: 'MISSING'
}
Failed to parse comparison for match 3376: {
  grade: 'MISSING',
  length: 'MISSING',
  material: 'MISSING',
  pressure: 'MISSING',
  standard: 'MISSING',
  dimension: 'MISSING',
  product_type: 'MISSING',
  dimension_unit: 'MISSING'
}
Failed to parse comparison for match 3377: {
  grade: 'MISSING',
  length: 'MISSING',
  material: 'MISSING',
  pressure: 'MISSING',
  standard: 'MISSING',
  dimension: 'MISSING',
  product_type: 'MISSING',
  dimension_unit: 'MISSING'
}
Failed to parse comparison for match 3378: {
  grade: 'MISSING',
  length: 'MISSING',
  material: 'MISSING',
  pressure: 'MISSING',
  standard: 'MISSING',
  dimension: 'MISSING',
  product_type: 'MISSING',
  dimension_unit: 'MISSING'
}
Failed to parse comparison for match 3379: {
  grade: 'MISSING',
  length: 'MISSING',
  material: 'MISSING',
  pressure: 'MISSING',
  standard: 'MISSING',
  dimension: 'MISSING',
  product_type: 'MISSING',
  dimension_unit: 'MISSING'
}
Failed to parse comparison for match 3380: {
  grade: 'MISSING',
  length: 'MISSING',
  material: 'MISSING',
  pressure: 'MISSING',
  standard: 'MISSING',
  dimension: 'MISSING',
  product_type: 'MISSING',
  dimension_unit: 'MISSING'
}
Failed to parse comparison for match 3381: {
  grade: 'MISSING',
  length: 'MISSING',
  material: 'MISSING',
  pressure: 'MISSING',
  standard: 'MISSING',
  dimension: 'MISSING',
  product_type: 'MISSING',
  dimension_unit: 'MISSING'
}
Failed to parse comparison for match 3382: {
  grade: 'MISSING',
  length: 'MISSING',
  material: 'MISSING',
  pressure: 'MISSING',
  standard: 'MISSING',
  dimension: 'MISSING',
  product_type: 'MISSING',
  dimension_unit: 'MISSING'
}
Failed to parse comparison for match 3383: {
  grade: 'MISSING',
  length: 'MISSING',
  material: 'MISSING',
  pressure: 'MISSING',
  standard: 'MISSING',
  dimension: 'MISSING',
  product_type: 'MISSING',
  dimension_unit: 'MISSING'
}
Failed to parse comparison for match 3384: {
  grade: 'MISSING',
  length: 'MISSING',
  material: 'MISSING',
  pressure: 'MISSING',
  standard: 'MISSING',
  dimension: 'MISSING',
  product_type: 'MISSING',
  dimension_unit: 'MISSING'
}
Failed to parse comparison for match 3385: {
  grade: 'MISSING',
  length: 'MISSING',
  material: 'MISSING',
  pressure: 'MISSING',
  standard: 'MISSING',
  dimension: 'MISSING',
  product_type: 'MISSING',
  dimension_unit: 'MISSING'
}
Failed to parse comparison for match 3386: {
  grade: 'MISSING',
  length: 'MISSING',
  material: 'MISSING',
  pressure: 'MISSING',
  standard: 'MISSING',
  dimension: 'MISSING',
  product_type: 'MISSING',
  dimension_unit: 'MISSING'
}
Failed to parse comparison for match 3387: {
  grade: 'MISSING',
  length: 'MISSING',
  material: 'MISSING',
  pressure: 'MISSING',
  standard: 'MISSING',
  dimension: 'MISSING',
  product_type: 'MISSING',
  dimension_unit: 'MISSING'
}
Failed to parse comparison for match 3388: {
  grade: 'MISSING',
  length: 'MISSING',
  material: 'MISSING',
  pressure: 'MISSING',
  standard: 'MISSING',
  dimension: 'MISSING',
  product_type: 'MISSING',
  dimension_unit: 'MISSING'
}
Failed to parse comparison for match 3389: {
  grade: 'MISSING',
  length: 'MISSING',
  material: 'MISSING',
  pressure: 'MISSING',
  standard: 'MISSING',
  dimension: 'MISSING',
  product_type: 'MISSING',
  dimension_unit: 'MISSING'
}
Failed to parse comparison for match 3390: {
  grade: 'MISSING',
  length: 'MISSING',
  material: 'MISSING',
  pressure: 'MISSING',
  standard: 'MISSING',
  dimension: 'MISSING',
  product_type: 'MISSING',
  dimension_unit: 'MISSING'
}
Failed to parse comparison for match 3391: {
  grade: 'MISSING',
  length: 'MISSING',
  material: 'MISSING',
  pressure: 'MISSING',
  standard: 'MISSING',
  dimension: 'MISSING',
  product_type: 'MISSING',
  dimension_unit: 'MISSING'
}
Failed to parse comparison for match 3392: {
  grade: 'MISSING',
  length: 'MISSING',
  material: 'MISSING',
  pressure: 'MISSING',
  standard: 'MISSING',
  dimension: 'MISSING',
  product_type: 'MISSING',
  dimension_unit: 'MISSING'
}
Failed to parse comparison for match 3393: {
  grade: 'MISSING',
  length: 'MISSING',
  material: 'MISSING',
  pressure: 'MISSING',
  standard: 'MISSING',
  dimension: 'MISSING',
  product_type: 'MISSING',
  dimension_unit: 'MISSING'
}
Failed to parse comparison for match 3394: {
  grade: 'MISSING',
  length: 'MISSING',
  material: 'MISSING',
  pressure: 'MISSING',
  standard: 'MISSING',
  dimension: 'MISSING',
  product_type: 'MISSING',
  dimension_unit: 'MISSING'
}
Failed to parse comparison for match 3395: {
  grade: 'MISSING',
  length: 'MISSING',
  material: 'MISSING',
  pressure: 'MISSING',
  standard: 'MISSING',
  dimension: 'MISSING',
  product_type: 'MISSING',
  dimension_unit: 'MISSING'
}
Failed to parse comparison for match 3396: {
  grade: 'MISSING',
  length: 'MISSING',
  material: 'MISSING',
  pressure: 'MISSING',
  standard: 'MISSING',
  dimension: 'MISSING',
  product_type: 'MISSING',
  dimension_unit: 'MISSING'
}
Failed to parse comparison for match 3397: {
  grade: 'MISSING',
  length: 'MISSING',
  material: 'MISSING',
  pressure: 'MISSING',
  standard: 'MISSING',
  dimension: 'MISSING',
  product_type: 'MISSING',
  dimension_unit: 'MISSING'
}
Failed to parse comparison for match 3398: {
  grade: 'MISSING',
  length: 'MISSING',
  material: 'MISSING',
  pressure: 'MISSING',
  standard: 'MISSING',
  dimension: 'MISSING',
  product_type: 'MISSING',
  dimension_unit: 'MISSING'
}
Failed to parse comparison for match 3399: {
  grade: 'MISSING',
  length: 'MISSING',
  material: 'MISSING',
  pressure: 'MISSING',
  standard: 'MISSING',
  dimension: 'MISSING',
  product_type: 'MISSING',
  dimension_unit: 'MISSING'
}
Failed to parse comparison for match 3400: {
  grade: 'MISSING',
  length: 'MISSING',
  material: 'MISSING',
  pressure: 'MISSING',
  standard: 'MISSING',
  dimension: 'MISSING',
  product_type: 'MISSING',
  dimension_unit: 'MISSING'
}
Failed to parse comparison for match 3401: {
  grade: 'MISSING',
  length: 'MISSING',
  material: 'MISSING',
  pressure: 'MISSING',
  standard: 'MISSING',
  dimension: 'MISSING',
  product_type: 'MISSING',
  dimension_unit: 'MISSING'
}
Failed to parse comparison for match 3402: {
  grade: 'MISSING',
  length: 'MISSING',
  material: 'MISSING',
  pressure: 'MISSING',
  standard: 'MISSING',
  dimension: 'MISSING',
  product_type: 'MISSING',
  dimension_unit: 'MISSING'
}
Failed to parse comparison for match 3403: {
  grade: 'MISSING',
  length: 'MISSING',
  material: 'MISSING',
  pressure: 'MISSING',
  standard: 'MISSING',
  dimension: 'MISSING',
  product_type: 'MISSING',
  dimension_unit: 'MISSING'
}
Failed to parse comparison for match 3404: {
  grade: 'MISSING',
  length: 'MISSING',
  material: 'MISSING',
  pressure: 'MISSING',
  standard: 'MISSING',
  dimension: 'MISSING',
  product_type: 'MISSING',
  dimension_unit: 'MISSING'
}
Failed to parse comparison for match 3405: {
  grade: 'MISSING',
  length: 'MISSING',
  material: 'MISSING',
  pressure: 'MISSING',
  standard: 'MISSING',
  dimension: 'MISSING',
  product_type: 'MISSING',
  dimension_unit: 'MISSING'
}
Failed to parse comparison for match 3406: {
  grade: 'MISSING',
  length: 'MISSING',
  material: 'MISSING',
  pressure: 'MISSING',
  standard: 'MISSING',
  dimension: 'MISSING',
  product_type: 'MISSING',
  dimension_unit: 'MISSING'
}
Failed to parse comparison for match 3407: {
  grade: 'MISSING',
  length: 'MISSING',
  material: 'MISSING',
  pressure: 'MISSING',
  standard: 'MISSING',
  dimension: 'MISSING',
  product_type: 'MISSING',
  dimension_unit: 'MISSING'
}
Failed to parse comparison for match 3408: {
  grade: 'MISSING',
  length: 'MISSING',
  material: 'MISSING',
  pressure: 'MISSING',
  standard: 'MISSING',
  dimension: 'MISSING',
  product_type: 'MISSING',
  dimension_unit: 'MISSING'
}
Failed to parse comparison for match 3409: {
  grade: 'MISSING',
  length: 'MISSING',
  material: 'MISSING',
  pressure: 'MISSING',
  standard: 'MISSING',
  dimension: 'MISSING',
  product_type: 'MISSING',
  dimension_unit: 'MISSING'
}
Failed to parse comparison for match 3410: {
  grade: 'MISSING',
  length: 'MISSING',
  material: 'MISSING',
  pressure: 'MISSING',
  standard: 'MISSING',
  dimension: 'MISSING',
  product_type: 'MISSING',
  dimension_unit: 'MISSING'
}
Failed to parse comparison for match 3411: {
  grade: 'MISSING',
  length: 'MISSING',
  material: 'MISSING',
  pressure: 'MISSING',
  standard: 'MISSING',
  dimension: 'MISSING',
  product_type: 'MISSING',
  dimension_unit: 'MISSING'
}
Failed to parse comparison for match 3412: {
  grade: 'MISSING',
  length: 'MISSING',
  material: 'MISSING',
  pressure: 'MISSING',
  standard: 'MISSING',
  dimension: 'MISSING',
  product_type: 'MISSING',
  dimension_unit: 'MISSING'
}
Failed to parse comparison for match 3413: {
  grade: 'MISSING',
  length: 'MISSING',
  material: 'MISSING',
  pressure: 'MISSING',
  standard: 'MISSING',
  dimension: 'MISSING',
  product_type: 'MISSING',
  dimension_unit: 'MISSING'
}
Failed to parse comparison for match 3414: {
  grade: 'MISSING',
  length: 'MISSING',
  material: 'MISSING',
  pressure: 'MISSING',
  standard: 'MISSING',
  dimension: 'MISSING',
  product_type: 'MISSING',
  dimension_unit: 'MISSING'
}
Failed to parse comparison for match 3415: {
  grade: 'MISSING',
  length: 'MISSING',
  material: 'MISSING',
  pressure: 'MISSING',
  standard: 'MISSING',
  dimension: 'MISSING',
  product_type: 'MISSING',
  dimension_unit: 'MISSING'
}
Failed to parse comparison for match 3416: {
  grade: 'MISSING',
  length: 'MISSING',
  material: 'MISSING',
  pressure: 'MISSING',
  standard: 'MISSING',
  dimension: 'MISSING',
  product_type: 'MISSING',
  dimension_unit: 'MISSING'
}
Failed to parse comparison for match 3417: {
  grade: 'MISSING',
  length: 'MISSING',
  material: 'MISSING',
  pressure: 'MISSING',
  standard: 'MISSING',
  dimension: 'MISSING',
  product_type: 'MISSING',
  dimension_unit: 'MISSING'
}
Failed to parse comparison for match 3418: {
  grade: 'MISSING',
  length: 'MISSING',
  material: 'MISSING',
  pressure: 'MISSING',
  standard: 'MISSING',
  dimension: 'MISSING',
  product_type: 'MISSING',
  dimension_unit: 'MISSING'
}
Failed to parse comparison for match 3419: {
  grade: 'MISSING',
  length: 'MISSING',
  material: 'MISSING',
  pressure: 'MISSING',
  standard: 'MISSING',
  dimension: 'MISSING',
  product_type: 'MISSING',
  dimension_unit: 'MISSING'
}
Failed to parse comparison for match 3420: {
  grade: 'MISSING',
  length: 'MISSING',
  material: 'MISSING',
  pressure: 'MISSING',
  standard: 'MISSING',
  dimension: 'MISSING',
  product_type: 'MISSING',
  dimension_unit: 'MISSING'
}
Failed to parse comparison for match 3421: {
  grade: 'MISSING',
  length: 'MISSING',
  material: 'MISSING',
  pressure: 'MISSING',
  standard: 'MISSING',
  dimension: 'MISSING',
  product_type: 'MISSING',
  dimension_unit: 'MISSING'
}
Failed to parse comparison for match 3422: {
  grade: 'MISSING',
  length: 'MISSING',
  material: 'MISSING',
  pressure: 'MISSING',
  standard: 'MISSING',
  dimension: 'MISSING',
  product_type: 'MISSING',
  dimension_unit: 'MISSING'
}
Failed to parse comparison for match 3423: {
  grade: 'MISSING',
  length: 'MISSING',
  material: 'MISSING',
  pressure: 'MISSING',
  standard: 'MISSING',
  dimension: 'MISSING',
  product_type: 'MISSING',
  dimension_unit: 'MISSING'
}
Failed to parse comparison for match 3424: {
  grade: 'MISSING',
  length: 'MISSING',
  material: 'MISSING',
  pressure: 'MISSING',
  standard: 'MISSING',
  dimension: 'MISSING',
  product_type: 'MISSING',
  dimension_unit: 'MISSING'
}
Failed to parse comparison for match 3425: {
  grade: 'MISSING',
  length: 'MISSING',
  material: 'MISSING',
  pressure: 'MISSING',
  standard: 'MISSING',
  dimension: 'MISSING',
  product_type: 'MISSING',
  dimension_unit: 'MISSING'
}
Failed to parse comparison for match 3426: {
  grade: 'MISSING',
  length: 'MISSING',
  material: 'MISSING',
  pressure: 'MISSING',
  standard: 'MISSING',
  dimension: 'MISSING',
  product_type: 'MISSING',
  dimension_unit: 'MISSING'
}
Failed to parse comparison for match 3427: {
  grade: 'MISSING',
  length: 'MISSING',
  material: 'MISSING',
  pressure: 'MISSING',
  standard: 'MISSING',
  dimension: 'MISSING',
  product_type: 'MISSING',
  dimension_unit: 'MISSING'
}
Failed to parse comparison for match 3428: {
  grade: 'MISSING',
  length: 'MISSING',
  material: 'MISSING',
  pressure: 'MISSING',
  standard: 'MISSING',
  dimension: 'MISSING',
  product_type: 'MISSING',
  dimension_unit: 'MISSING'
}
Failed to parse comparison for match 3429: {
  grade: 'MISSING',
  length: 'MISSING',
  material: 'MISSING',
  pressure: 'MISSING',
  standard: 'MISSING',
  dimension: 'MISSING',
  product_type: 'MISSING',
  dimension_unit: 'MISSING'
}
Failed to parse comparison for match 3430: {
  grade: 'MISSING',
  length: 'MISSING',
  material: 'MISSING',
  pressure: 'MISSING',
  standard: 'MISSING',
  dimension: 'MISSING',
  product_type: 'MISSING',
  dimension_unit: 'MISSING'
}
Failed to parse comparison for match 3431: {
  grade: 'MISSING',
  length: 'MISSING',
  material: 'MISSING',
  pressure: 'MISSING',
  standard: 'MISSING',
  dimension: 'MISSING',
  product_type: 'MISSING',
  dimension_unit: 'MISSING'
}
Failed to parse comparison for match 3432: {
  grade: 'MISSING',
  length: 'MISSING',
  material: 'MISSING',
  pressure: 'MISSING',
  standard: 'MISSING',
  dimension: 'MISSING',
  product_type: 'MISSING',
  dimension_unit: 'MISSING'
}
Failed to parse comparison for match 3433: {
  grade: 'MISSING',
  length: 'MISSING',
  material: 'MISSING',
  pressure: 'MISSING',
  standard: 'MISSING',
  dimension: 'MISSING',
  product_type: 'MISSING',
  dimension_unit: 'MISSING'
}
Failed to parse comparison for match 3434: {
  grade: 'MISSING',
  length: 'MISSING',
  material: 'MISSING',
  pressure: 'MISSING',
  standard: 'MISSING',
  dimension: 'MISSING',
  product_type: 'MISSING',
  dimension_unit: 'MISSING'
}
Failed to parse comparison for match 3435: {
  grade: 'MISSING',
  length: 'MISSING',
  material: 'MISSING',
  pressure: 'MISSING',
  standard: 'MISSING',
  dimension: 'MISSING',
  product_type: 'MISSING',
  dimension_unit: 'MISSING'
}
Failed to parse comparison for match 3436: {
  grade: 'MISSING',
  length: 'MISSING',
  material: 'MISSING',
  pressure: 'MISSING',
  standard: 'MISSING',
  dimension: 'MISSING',
  product_type: 'MISSING',
  dimension_unit: 'MISSING'
}
Failed to parse comparison for match 3437: {
  grade: 'MISSING',
  length: 'MISSING',
  material: 'MISSING',
  pressure: 'MISSING',
  standard: 'MISSING',
  dimension: 'MISSING',
  product_type: 'MISSING',
  dimension_unit: 'MISSING'
}
Failed to parse comparison for match 3438: {
  grade: 'MISSING',
  length: 'MISSING',
  material: 'MISSING',
  pressure: 'MISSING',
  standard: 'MISSING',
  dimension: 'MISSING',
  product_type: 'MISSING',
  dimension_unit: 'MISSING'
}
Failed to parse comparison for match 3439: {
  grade: 'MISSING',
  length: 'MISSING',
  material: 'MISSING',
  pressure: 'MISSING',
  standard: 'MISSING',
  dimension: 'MISSING',
  product_type: 'MISSING',
  dimension_unit: 'MISSING'
}
Failed to parse comparison for match 3440: {
  grade: 'MISSING',
  length: 'MISSING',
  material: 'MISSING',
  pressure: 'MISSING',
  standard: 'MISSING',
  dimension: 'MISSING',
  product_type: 'MISSING',
  dimension_unit: 'MISSING'
}
Failed to parse comparison for match 3441: {
  grade: 'MISSING',
  length: 'MISSING',
  material: 'MISSING',
  pressure: 'MISSING',
  standard: 'MISSING',
  dimension: 'MISSING',
  product_type: 'MISSING',
  dimension_unit: 'MISSING'
}
Failed to parse comparison for match 3442: {
  grade: 'MISSING',
  length: 'MISSING',
  material: 'MISSING',
  pressure: 'MISSING',
  standard: 'MISSING',
  dimension: 'MISSING',
  product_type: 'MISSING',
  dimension_unit: 'MISSING'
}
Failed to parse comparison for match 3443: {
  grade: 'MISSING',
  length: 'MISSING',
  material: 'MISSING',
  pressure: 'MISSING',
  standard: 'MISSING',
  dimension: 'MISSING',
  product_type: 'MISSING',
  dimension_unit: 'MISSING'
}
Failed to parse comparison for match 3444: {
  grade: 'MISSING',
  length: 'MISSING',
  material: 'MISSING',
  pressure: 'MISSING',
  standard: 'MISSING',
  dimension: 'MISSING',
  product_type: 'MISSING',
  dimension_unit: 'MISSING'
}
Failed to parse comparison for match 3445: {
  grade: 'MISSING',
  length: 'MISSING',
  material: 'MISSING',
  pressure: 'MISSING',
  standard: 'MISSING',
  dimension: 'MISSING',
  product_type: 'MISSING',
  dimension_unit: 'MISSING'
}
Failed to parse comparison for match 3446: {
  grade: 'MISSING',
  length: 'MISSING',
  material: 'MISSING',
  pressure: 'MISSING',
  standard: 'MISSING',
  dimension: 'MISSING',
  product_type: 'MISSING',
  dimension_unit: 'MISSING'
}
Failed to parse comparison for match 3447: {
  grade: 'MISSING',
  length: 'MISSING',
  material: 'MISSING',
  pressure: 'MISSING',
  standard: 'MISSING',
  dimension: 'MISSING',
  product_type: 'MISSING',
  dimension_unit: 'MISSING'
}
Failed to parse comparison for match 3448: {
  grade: 'MISSING',
  length: 'MISSING',
  material: 'MISSING',
  pressure: 'MISSING',
  standard: 'MISSING',
  dimension: 'MISSING',
  product_type: 'MISSING',
  dimension_unit: 'MISSING'
}
Failed to parse comparison for match 3449: {
  grade: 'MISSING',
  length: 'MISSING',
  material: 'MISSING',
  pressure: 'MISSING',
  standard: 'MISSING',
  dimension: 'MISSING',
  product_type: 'MISSING',
  dimension_unit: 'MISSING'
}
Failed to parse comparison for match 3450: {
  grade: 'MISSING',
  length: 'MISSING',
  material: 'MISSING',
  pressure: 'MISSING',
  standard: 'MISSING',
  dimension: 'MISSING',
  product_type: 'MISSING',
  dimension_unit: 'MISSING'
}
Failed to parse comparison for match 3451: {
  grade: 'MISSING',
  length: 'MISSING',
  material: 'MISSING',
  pressure: 'MISSING',
  standard: 'MISSING',
  dimension: 'MISSING',
  product_type: 'MISSING',
  dimension_unit: 'MISSING'
}
Failed to parse comparison for match 3452: {
  grade: 'MISSING',
  length: 'MISSING',
  material: 'MISSING',
  pressure: 'MISSING',
  standard: 'MISSING',
  dimension: 'MISSING',
  product_type: 'MISSING',
  dimension_unit: 'MISSING'
}
Failed to parse comparison for match 3453: {
  grade: 'MISSING',
  length: 'MISSING',
  material: 'MISSING',
  pressure: 'MISSING',
  standard: 'MISSING',
  dimension: 'MISSING',
  product_type: 'MISSING',
  dimension_unit: 'MISSING'
}
Failed to parse comparison for match 3454: {
  grade: 'MISSING',
  length: 'MISSING',
  material: 'MISSING',
  pressure: 'MISSING',
  standard: 'MISSING',
  dimension: 'MISSING',
  product_type: 'MISSING',
  dimension_unit: 'MISSING'
}
Failed to parse comparison for match 3455: {
  grade: 'MISSING',
  length: 'MISSING',
  material: 'MISSING',
  pressure: 'MISSING',
  standard: 'MISSING',
  dimension: 'MISSING',
  product_type: 'MISSING',
  dimension_unit: 'MISSING'
}
Failed to parse comparison for match 3456: {
  grade: 'MISSING',
  length: 'MISSING',
  material: 'MISSING',
  pressure: 'MISSING',
  standard: 'MISSING',
  dimension: 'MISSING',
  product_type: 'MISSING',
  dimension_unit: 'MISSING'
}
Failed to parse comparison for match 3457: {
  grade: 'MISSING',
  length: 'MISSING',
  material: 'MISSING',
  pressure: 'MISSING',
  standard: 'MISSING',
  dimension: 'MISSING',
  product_type: 'MISSING',
  dimension_unit: 'MISSING'
}
Failed to parse comparison for match 3458: {
  grade: 'MISSING',
  length: 'MISSING',
  material: 'MISSING',
  pressure: 'MISSING',
  standard: 'MISSING',
  dimension: 'MISSING',
  product_type: 'MISSING',
  dimension_unit: 'MISSING'
}
Failed to parse comparison for match 3459: {
  grade: 'MISSING',
  length: 'MISSING',
  material: 'MISSING',
  pressure: 'MISSING',
  standard: 'MISSING',
  dimension: 'MISSING',
  product_type: 'MISSING',
  dimension_unit: 'MISSING'
}
Failed to parse comparison for match 3460: {
  grade: 'MISSING',
  length: 'MISSING',
  material: 'MISSING',
  pressure: 'MISSING',
  standard: 'MISSING',
  dimension: 'MISSING',
  product_type: 'MISSING',
  dimension_unit: 'MISSING'
}
Failed to parse comparison for match 3461: {
  grade: 'MISSING',
  length: 'MISSING',
  material: 'MISSING',
  pressure: 'MISSING',
  standard: 'MISSING',
  dimension: 'MISSING',
  product_type: 'MISSING',
  dimension_unit: 'MISSING'
}
Failed to parse comparison for match 3462: {
  grade: 'MISSING',
  length: 'MISSING',
  material: 'MISSING',
  pressure: 'MISSING',
  standard: 'MISSING',
  dimension: 'MISSING',
  product_type: 'MISSING',
  dimension_unit: 'MISSING'
}
Failed to parse comparison for match 3463: {
  grade: 'MISSING',
  length: 'MISSING',
  material: 'MISSING',
  pressure: 'MISSING',
  standard: 'MISSING',
  dimension: 'MISSING',
  product_type: 'MISSING',
  dimension_unit: 'MISSING'
}
Failed to parse comparison for match 3464: {
  grade: 'MISSING',
  length: 'MISSING',
  material: 'MISSING',
  pressure: 'MISSING',
  standard: 'MISSING',
  dimension: 'MISSING',
  product_type: 'MISSING',
  dimension_unit: 'MISSING'
}
Failed to parse comparison for match 3465: {
  grade: 'MISSING',
  length: 'MISSING',
  material: 'MISSING',
  pressure: 'MISSING',
  standard: 'MISSING',
  dimension: 'MISSING',
  product_type: 'MISSING',
  dimension_unit: 'MISSING'
}
Failed to parse comparison for match 3466: {
  grade: 'MISSING',
  length: 'MISSING',
  material: 'MISSING',
  pressure: 'MISSING',
  standard: 'MISSING',
  dimension: 'MISSING',
  product_type: 'MISSING',
  dimension_unit: 'MISSING'
}
Failed to parse comparison for match 3467: {
  grade: 'MISSING',
  length: 'MISSING',
  material: 'MISSING',
  pressure: 'MISSING',
  standard: 'MISSING',
  dimension: 'MISSING',
  product_type: 'MISSING',
  dimension_unit: 'MISSING'
}
Failed to parse comparison for match 3468: {
  grade: 'MISSING',
  length: 'MISSING',
  material: 'MISSING',
  pressure: 'MISSING',
  standard: 'MISSING',
  dimension: 'MISSING',
  product_type: 'MISSING',
  dimension_unit: 'MISSING'
}
Failed to parse comparison for match 3469: {
  grade: 'MISSING',
  length: 'MISSING',
  material: 'MISSING',
  pressure: 'MISSING',
  standard: 'MISSING',
  dimension: 'MISSING',
  product_type: 'MISSING',
  dimension_unit: 'MISSING'
}
Failed to parse comparison for match 3470: {
  grade: 'MISSING',
  length: 'MISSING',
  material: 'MISSING',
  pressure: 'MISSING',
  standard: 'MISSING',
  dimension: 'MISSING',
  product_type: 'MISSING',
  dimension_unit: 'MISSING'
}
Failed to parse comparison for match 3471: {
  grade: 'MISSING',
  length: 'MISSING',
  material: 'MISSING',
  pressure: 'MISSING',
  standard: 'MISSING',
  dimension: 'MISSING',
  product_type: 'MISSING',
  dimension_unit: 'MISSING'
}
Failed to parse comparison for match 3472: {
  grade: 'MISSING',
  length: 'MISSING',
  material: 'MISSING',
  pressure: 'MISSING',
  standard: 'MISSING',
  dimension: 'MISSING',
  product_type: 'MISSING',
  dimension_unit: 'MISSING'
}
Failed to parse comparison for match 3473: {
  grade: 'MISSING',
  length: 'MISSING',
  material: 'MISSING',
  pressure: 'MISSING',
  standard: 'MISSING',
  dimension: 'MISSING',
  product_type: 'MISSING',
  dimension_unit: 'MISSING'
}
Failed to parse comparison for match 3474: {
  grade: 'MISSING',
  length: 'MISSING',
  material: 'MISSING',
  pressure: 'MISSING',
  standard: 'MISSING',
  dimension: 'MISSING',
  product_type: 'MISSING',
  dimension_unit: 'MISSING'
}
Failed to parse comparison for match 3475: {
  grade: 'MISSING',
  length: 'MISSING',
  material: 'MISSING',
  pressure: 'MISSING',
  standard: 'MISSING',
  dimension: 'MISSING',
  product_type: 'MISSING',
  dimension_unit: 'MISSING'
}
Failed to parse comparison for match 3476: {
  grade: 'MISSING',
  length: 'MISSING',
  material: 'MISSING',
  pressure: 'MISSING',
  standard: 'MISSING',
  dimension: 'MISSING',
  product_type: 'MISSING',
  dimension_unit: 'MISSING'
}
Failed to parse comparison for match 3477: {
  grade: 'MISSING',
  length: 'MISSING',
  material: 'MISSING',
  pressure: 'MISSING',
  standard: 'MISSING',
  dimension: 'MISSING',
  product_type: 'MISSING',
  dimension_unit: 'MISSING'
}
Failed to parse comparison for match 3478: {
  grade: 'MISSING',
  length: 'MISSING',
  material: 'MISSING',
  pressure: 'MISSING',
  standard: 'MISSING',
  dimension: 'MISSING',
  product_type: 'MISSING',
  dimension_unit: 'MISSING'
}
Failed to parse comparison for match 3479: {
  grade: 'MISSING',
  length: 'MISSING',
  material: 'MISSING',
  pressure: 'MISSING',
  standard: 'MISSING',
  dimension: 'MISSING',
  product_type: 'MISSING',
  dimension_unit: 'MISSING'
}
Failed to parse comparison for match 3480: {
  grade: 'MISSING',
  length: 'MISSING',
  material: 'MISSING',
  pressure: 'MISSING',
  standard: 'MISSING',
  dimension: 'MISSING',
  product_type: 'MISSING',
  dimension_unit: 'MISSING'
}
Failed to parse comparison for match 3481: {
  grade: 'MISSING',
  length: 'MISSING',
  material: 'MISSING',
  pressure: 'MISSING',
  standard: 'MISSING',
  dimension: 'MISSING',
  product_type: 'MISSING',
  dimension_unit: 'MISSING'
}
Failed to parse comparison for match 3482: {
  grade: 'MISSING',
  length: 'MISSING',
  material: 'MISSING',
  pressure: 'MISSING',
  standard: 'MISSING',
  dimension: 'MISSING',
  product_type: 'MISSING',
  dimension_unit: 'MISSING'
}
Failed to parse comparison for match 3483: {
  grade: 'MISSING',
  length: 'MISSING',
  material: 'MISSING',
  pressure: 'MISSING',
  standard: 'MISSING',
  dimension: 'MISSING',
  product_type: 'MISSING',
  dimension_unit: 'MISSING'
}
Failed to parse comparison for match 3484: {
  grade: 'MISSING',
  length: 'MISSING',
  material: 'MISSING',
  pressure: 'MISSING',
  standard: 'MISSING',
  dimension: 'MISSING',
  product_type: 'MISSING',
  dimension_unit: 'MISSING'
}
Failed to parse comparison for match 3485: {
  grade: 'MISSING',
  length: 'MISSING',
  material: 'MISSING',
  pressure: 'MISSING',
  standard: 'MISSING',
  dimension: 'MISSING',
  product_type: 'MISSING',
  dimension_unit: 'MISSING'
}
Failed to parse comparison for match 3486: {
  grade: 'MISSING',
  length: 'MISSING',
  material: 'MISSING',
  pressure: 'MISSING',
  standard: 'MISSING',
  dimension: 'MISSING',
  product_type: 'MISSING',
  dimension_unit: 'MISSING'
}
Failed to parse comparison for match 3487: {
  grade: 'MISSING',
  length: 'MISSING',
  material: 'MISSING',
  pressure: 'MISSING',
  standard: 'MISSING',
  dimension: 'MISSING',
  product_type: 'MISSING',
  dimension_unit: 'MISSING'
}
Failed to parse comparison for match 3488: {
  grade: 'MISSING',
  length: 'MISSING',
  material: 'MISSING',
  pressure: 'MISSING',
  standard: 'MISSING',
  dimension: 'MISSING',
  product_type: 'MISSING',
  dimension_unit: 'MISSING'
}
Failed to parse comparison for match 3489: {
  grade: 'MISSING',
  length: 'MISSING',
  material: 'MISSING',
  pressure: 'MISSING',
  standard: 'MISSING',
  dimension: 'MISSING',
  product_type: 'MISSING',
  dimension_unit: 'MISSING'
}
Failed to parse comparison for match 3490: {
  grade: 'MISSING',
  length: 'MISSING',
  material: 'MISSING',
  pressure: 'MISSING',
  standard: 'MISSING',
  dimension: 'MISSING',
  product_type: 'MISSING',
  dimension_unit: 'MISSING'
}
Failed to parse comparison for match 3491: {
  grade: 'MISSING',
  length: 'MISSING',
  material: 'MISSING',
  pressure: 'MISSING',
  standard: 'MISSING',
  dimension: 'MISSING',
  product_type: 'MISSING',
  dimension_unit: 'MISSING'
}
Failed to parse comparison for match 3492: {
  grade: 'MISSING',
  length: 'MISSING',
  material: 'MISSING',
  pressure: 'MISSING',
  standard: 'MISSING',
  dimension: 'MISSING',
  product_type: 'MISSING',
  dimension_unit: 'MISSING'
}
Failed to parse comparison for match 3493: {
  grade: 'MISSING',
  length: 'MISSING',
  material: 'MISSING',
  pressure: 'MISSING',
  standard: 'MISSING',
  dimension: 'MISSING',
  product_type: 'MISSING',
  dimension_unit: 'MISSING'
}
Failed to parse comparison for match 3494: {
  grade: 'MISSING',
  length: 'MISSING',
  material: 'MISSING',
  pressure: 'MISSING',
  standard: 'MISSING',
  dimension: 'MISSING',
  product_type: 'MISSING',
  dimension_unit: 'MISSING'
}
Failed to parse comparison for match 3495: {
  grade: 'MISSING',
  length: 'MISSING',
  material: 'MISSING',
  pressure: 'MISSING',
  standard: 'MISSING',
  dimension: 'MISSING',
  product_type: 'MISSING',
  dimension_unit: 'MISSING'
}
Failed to parse comparison for match 3496: {
  grade: 'MISSING',
  length: 'MISSING',
  material: 'MISSING',
  pressure: 'MISSING',
  standard: 'MISSING',
  dimension: 'MISSING',
  product_type: 'MISSING',
  dimension_unit: 'MISSING'
}
Failed to parse comparison for match 3497: {
  grade: 'MISSING',
  length: 'MISSING',
  material: 'MISSING',
  pressure: 'MISSING',
  standard: 'MISSING',
  dimension: 'MISSING',
  product_type: 'MISSING',
  dimension_unit: 'MISSING'
}
Failed to parse comparison for match 3498: {
  grade: 'MISSING',
  length: 'MISSING',
  material: 'MISSING',
  pressure: 'MISSING',
  standard: 'MISSING',
  dimension: 'MISSING',
  product_type: 'MISSING',
  dimension_unit: 'MISSING'
}
Failed to parse comparison for match 3499: {
  grade: 'MISSING',
  length: 'MISSING',
  material: 'MISSING',
  pressure: 'MISSING',
  standard: 'MISSING',
  dimension: 'MISSING',
  product_type: 'MISSING',
  dimension_unit: 'MISSING'
}
Failed to parse comparison for match 3500: {
  grade: 'MISSING',
  length: 'MISSING',
  material: 'MISSING',
  pressure: 'MISSING',
  standard: 'MISSING',
  dimension: 'MISSING',
  product_type: 'MISSING',
  dimension_unit: 'MISSING'
}
Failed to parse comparison for match 3501: {
  grade: 'MISSING',
  length: 'MISSING',
  material: 'MISSING',
  pressure: 'MISSING',
  standard: 'MISSING',
  dimension: 'MISSING',
  product_type: 'MISSING',
  dimension_unit: 'MISSING'
}
Failed to parse comparison for match 3502: {
  grade: 'MISSING',
  length: 'MISSING',
  material: 'MISSING',
  pressure: 'MISSING',
  standard: 'MISSING',
  dimension: 'MISSING',
  product_type: 'MISSING',
  dimension_unit: 'MISSING'
}
Failed to parse comparison for match 3503: {
  grade: 'MISSING',
  length: 'MISSING',
  material: 'MISSING',
  pressure: 'MISSING',
  standard: 'MISSING',
  dimension: 'MISSING',
  product_type: 'MISSING',
  dimension_unit: 'MISSING'
}
Failed to parse comparison for match 3504: {
  grade: 'MISSING',
  length: 'MISSING',
  material: 'MISSING',
  pressure: 'MISSING',
  standard: 'MISSING',
  dimension: 'MISSING',
  product_type: 'MISSING',
  dimension_unit: 'MISSING'
}
Failed to parse comparison for match 3505: {
  grade: 'MISSING',
  length: 'MISSING',
  material: 'MISSING',
  pressure: 'MISSING',
  standard: 'MISSING',
  dimension: 'MISSING',
  product_type: 'MISSING',
  dimension_unit: 'MISSING'
}
Failed to parse comparison for match 3506: {
  grade: 'MISSING',
  length: 'MISSING',
  material: 'MISSING',
  pressure: 'MISSING',
  standard: 'MISSING',
  dimension: 'MISSING',
  product_type: 'MISSING',
  dimension_unit: 'MISSING'
}
Failed to parse comparison for match 3507: {
  grade: 'MISSING',
  length: 'MISSING',
  material: 'MISSING',
  pressure: 'MISSING',
  standard: 'MISSING',
  dimension: 'MISSING',
  product_type: 'MISSING',
  dimension_unit: 'MISSING'
}
Failed to parse comparison for match 3508: {
  grade: 'MISSING',
  length: 'MISSING',
  material: 'MISSING',
  pressure: 'MISSING',
  standard: 'MISSING',
  dimension: 'MISSING',
  product_type: 'MISSING',
  dimension_unit: 'MISSING'
}
Failed to parse comparison for match 3509: {
  grade: 'MISSING',
  length: 'MISSING',
  material: 'MISSING',
  pressure: 'MISSING',
  standard: 'MISSING',
  dimension: 'MISSING',
  product_type: 'MISSING',
  dimension_unit: 'MISSING'
}
Failed to parse comparison for match 3510: {
  grade: 'MISSING',
  length: 'MISSING',
  material: 'MISSING',
  pressure: 'MISSING',
  standard: 'MISSING',
  dimension: 'MISSING',
  product_type: 'MISSING',
  dimension_unit: 'MISSING'
}
Failed to parse comparison for match 3511: {
  grade: 'MISSING',
  length: 'MISSING',
  material: 'MISSING',
  pressure: 'MISSING',
  standard: 'MISSING',
  dimension: 'MISSING',
  product_type: 'MISSING',
  dimension_unit: 'MISSING'
}
Failed to parse comparison for match 3512: {
  grade: 'MISSING',
  length: 'MISSING',
  material: 'MISSING',
  pressure: 'MISSING',
  standard: 'MISSING',
  dimension: 'MISSING',
  product_type: 'MISSING',
  dimension_unit: 'MISSING'
}
Failed to parse comparison for match 3513: {
  grade: 'MISSING',
  length: 'MISSING',
  material: 'MISSING',
  pressure: 'MISSING',
  standard: 'MISSING',
  dimension: 'MISSING',
  product_type: 'MISSING',
  dimension_unit: 'MISSING'
}
Failed to parse comparison for match 3514: {
  grade: 'MISSING',
  length: 'MISSING',
  material: 'MISSING',
  pressure: 'MISSING',
  standard: 'MISSING',
  dimension: 'MISSING',
  product_type: 'MISSING',
  dimension_unit: 'MISSING'
}
Failed to parse comparison for match 3515: {
  grade: 'MISSING',
  length: 'MISSING',
  material: 'MISSING',
  pressure: 'MISSING',
  standard: 'MISSING',
  dimension: 'MISSING',
  product_type: 'MISSING',
  dimension_unit: 'MISSING'
}
Failed to parse comparison for match 3516: {
  grade: 'MISSING',
  length: 'MISSING',
  material: 'MISSING',
  pressure: 'MISSING',
  standard: 'MISSING',
  dimension: 'MISSING',
  product_type: 'MISSING',
  dimension_unit: 'MISSING'
}
Failed to parse comparison for match 3517: {
  grade: 'MISSING',
  length: 'MISSING',
  material: 'MISSING',
  pressure: 'MISSING',
  standard: 'MISSING',
  dimension: 'MISSING',
  product_type: 'MISSING',
  dimension_unit: 'MISSING'
}
Failed to parse comparison for match 3518: {
  grade: 'MISSING',
  length: 'MISSING',
  material: 'MISSING',
  pressure: 'MISSING',
  standard: 'MISSING',
  dimension: 'MISSING',
  product_type: 'MISSING',
  dimension_unit: 'MISSING'
}
Failed to parse comparison for match 3519: {
  grade: 'MISSING',
  length: 'MISSING',
  material: 'MISSING',
  pressure: 'MISSING',
  standard: 'MISSING',
  dimension: 'MISSING',
  product_type: 'MISSING',
  dimension_unit: 'MISSING'
}
Failed to parse comparison for match 3520: {
  grade: 'MISSING',
  length: 'MISSING',
  material: 'MISSING',
  pressure: 'MISSING',
  standard: 'MISSING',
  dimension: 'MISSING',
  product_type: 'MISSING',
  dimension_unit: 'MISSING'
}
Failed to parse comparison for match 3521: {
  grade: 'MISSING',
  length: 'MISSING',
  material: 'MISSING',
  pressure: 'MISSING',
  standard: 'MISSING',
  dimension: 'MISSING',
  product_type: 'MISSING',
  dimension_unit: 'MISSING'
}
Failed to parse comparison for match 3522: {
  grade: 'MISSING',
  length: 'MISSING',
  material: 'MISSING',
  pressure: 'MISSING',
  standard: 'MISSING',
  dimension: 'MISSING',
  product_type: 'MISSING',
  dimension_unit: 'MISSING'
}
Failed to parse comparison for match 3523: {
  grade: 'MISSING',
  length: 'MISSING',
  material: 'MISSING',
  pressure: 'MISSING',
  standard: 'MISSING',
  dimension: 'MISSING',
  product_type: 'MISSING',
  dimension_unit: 'MISSING'
}
Failed to parse comparison for match 3524: {
  grade: 'MISSING',
  length: 'MISSING',
  material: 'MISSING',
  pressure: 'MISSING',
  standard: 'MISSING',
  dimension: 'MISSING',
  product_type: 'MISSING',
  dimension_unit: 'MISSING'
}
Failed to parse comparison for match 3525: {
  grade: 'MISSING',
  length: 'MISSING',
  material: 'MISSING',
  pressure: 'MISSING',
  standard: 'MISSING',
  dimension: 'MISSING',
  product_type: 'MISSING',
  dimension_unit: 'MISSING'
}
Failed to parse comparison for match 3526: {
  grade: 'MISSING',
  length: 'MISSING',
  material: 'MISSING',
  pressure: 'MISSING',
  standard: 'MISSING',
  dimension: 'MISSING',
  product_type: 'MISSING',
  dimension_unit: 'MISSING'
}
Failed to parse comparison for match 3527: {
  grade: 'MISSING',
  length: 'MISSING',
  material: 'MISSING',
  pressure: 'MISSING',
  standard: 'MISSING',
  dimension: 'MISSING',
  product_type: 'MISSING',
  dimension_unit: 'MISSING'
}
Failed to parse comparison for match 3528: {
  grade: 'MISSING',
  length: 'MISSING',
  material: 'MISSING',
  pressure: 'MISSING',
  standard: 'MISSING',
  dimension: 'MISSING',
  product_type: 'MISSING',
  dimension_unit: 'MISSING'
}
Failed to parse comparison for match 3529: {
  grade: 'MISSING',
  length: 'MISSING',
  material: 'MISSING',
  pressure: 'MISSING',
  standard: 'MISSING',
  dimension: 'MISSING',
  product_type: 'MISSING',
  dimension_unit: 'MISSING'
}
Failed to parse comparison for match 3530: {
  grade: 'MISSING',
  length: 'MISSING',
  material: 'MISSING',
  pressure: 'MISSING',
  standard: 'MISSING',
  dimension: 'MISSING',
  product_type: 'MISSING',
  dimension_unit: 'MISSING'
}
Failed to parse comparison for match 3531: {
  grade: 'MISSING',
  length: 'MISSING',
  material: 'MISSING',
  pressure: 'MISSING',
  standard: 'MISSING',
  dimension: 'MISSING',
  product_type: 'MISSING',
  dimension_unit: 'MISSING'
}
Failed to parse comparison for match 3532: {
  grade: 'MISSING',
  length: 'MISSING',
  material: 'MISSING',
  pressure: 'MISSING',
  standard: 'MISSING',
  dimension: 'MISSING',
  product_type: 'MISSING',
  dimension_unit: 'MISSING'
}
Failed to parse comparison for match 3533: {
  grade: 'MISSING',
  length: 'MISSING',
  material: 'MISSING',
  pressure: 'MISSING',
  standard: 'MISSING',
  dimension: 'MISSING',
  product_type: 'MISSING',
  dimension_unit: 'MISSING'
}
Failed to parse comparison for match 3534: {
  grade: 'MISSING',
  length: 'MISSING',
  material: 'MISSING',
  pressure: 'MISSING',
  standard: 'MISSING',
  dimension: 'MISSING',
  product_type: 'MISSING',
  dimension_unit: 'MISSING'
}
Failed to parse comparison for match 3535: {
  grade: 'MISSING',
  length: 'MISSING',
  material: 'MISSING',
  pressure: 'MISSING',
  standard: 'MISSING',
  dimension: 'MISSING',
  product_type: 'MISSING',
  dimension_unit: 'MISSING'
}
Failed to parse comparison for match 3536: {
  grade: 'MISSING',
  length: 'MISSING',
  material: 'MISSING',
  pressure: 'MISSING',
  standard: 'MISSING',
  dimension: 'MISSING',
  product_type: 'MISSING',
  dimension_unit: 'MISSING'
}
Failed to parse comparison for match 3537: {
  grade: 'MISSING',
  length: 'MISSING',
  material: 'MISSING',
  pressure: 'MISSING',
  standard: 'MISSING',
  dimension: 'MISSING',
  product_type: 'MISSING',
  dimension_unit: 'MISSING'
}
Failed to parse comparison for match 3538: {
  grade: 'MISSING',
  length: 'MISSING',
  material: 'MISSING',
  pressure: 'MISSING',
  standard: 'MISSING',
  dimension: 'MISSING',
  product_type: 'MISSING',
  dimension_unit: 'MISSING'
}
Failed to parse comparison for match 3539: {
  grade: 'MISSING',
  length: 'MISSING',
  material: 'MISSING',
  pressure: 'MISSING',
  standard: 'MISSING',
  dimension: 'MISSING',
  product_type: 'MISSING',
  dimension_unit: 'MISSING'
}
Failed to parse comparison for match 3540: {
  grade: 'MISSING',
  length: 'MISSING',
  material: 'MISSING',
  pressure: 'MISSING',
  standard: 'MISSING',
  dimension: 'MISSING',
  product_type: 'MISSING',
  dimension_unit: 'MISSING'
}
Failed to parse comparison for match 3541: {
  grade: 'MISSING',
  length: 'MISSING',
  material: 'MISSING',
  pressure: 'MISSING',
  standard: 'MISSING',
  dimension: 'MISSING',
  product_type: 'MISSING',
  dimension_unit: 'MISSING'
}
Failed to parse comparison for match 3542: {
  grade: 'MISSING',
  length: 'MISSING',
  material: 'MISSING',
  pressure: 'MISSING',
  standard: 'MISSING',
  dimension: 'MISSING',
  product_type: 'MISSING',
  dimension_unit: 'MISSING'
}
Failed to parse comparison for match 3543: {
  grade: 'MISSING',
  length: 'MISSING',
  material: 'MISSING',
  pressure: 'MISSING',
  standard: 'MISSING',
  dimension: 'MISSING',
  product_type: 'MISSING',
  dimension_unit: 'MISSING'
}
Failed to parse comparison for match 3544: {
  grade: 'MISSING',
  length: 'MISSING',
  material: 'MISSING',
  pressure: 'MISSING',
  standard: 'MISSING',
  dimension: 'MISSING',
  product_type: 'MISSING',
  dimension_unit: 'MISSING'
}
Failed to parse comparison for match 3545: {
  grade: 'MISSING',
  length: 'MISSING',
  material: 'MISSING',
  pressure: 'MISSING',
  standard: 'MISSING',
  dimension: 'MISSING',
  product_type: 'MISSING',
  dimension_unit: 'MISSING'
}
Failed to parse comparison for match 3546: {
  grade: 'MISSING',
  length: 'MISSING',
  material: 'MISSING',
  pressure: 'MISSING',
  standard: 'MISSING',
  dimension: 'MISSING',
  product_type: 'MISSING',
  dimension_unit: 'MISSING'
}
Failed to parse comparison for match 3547: {
  grade: 'MISSING',
  length: 'MISSING',
  material: 'MISSING',
  pressure: 'MISSING',
  standard: 'MISSING',
  dimension: 'MISSING',
  product_type: 'MISSING',
  dimension_unit: 'MISSING'
}
Failed to parse comparison for match 3548: {
  grade: 'MISSING',
  length: 'MISSING',
  material: 'MISSING',
  pressure: 'MISSING',
  standard: 'MISSING',
  dimension: 'MISSING',
  product_type: 'MISSING',
  dimension_unit: 'MISSING'
}
Failed to parse comparison for match 3549: {
  grade: 'MISSING',
  length: 'MISSING',
  material: 'MISSING',
  pressure: 'MISSING',
  standard: 'MISSING',
  dimension: 'MISSING',
  product_type: 'MISSING',
  dimension_unit: 'MISSING'
}
Failed to parse comparison for match 3550: {
  grade: 'MISSING',
  length: 'MISSING',
  material: 'MISSING',
  pressure: 'MISSING',
  standard: 'MISSING',
  dimension: 'MISSING',
  product_type: 'MISSING',
  dimension_unit: 'MISSING'
}
Failed to parse comparison for match 3551: {
  grade: 'MISSING',
  length: 'MISSING',
  material: 'MISSING',
  pressure: 'MISSING',
  standard: 'MISSING',
  dimension: 'MISSING',
  product_type: 'MISSING',
  dimension_unit: 'MISSING'
}
Failed to parse comparison for match 3552: {
  grade: 'MISSING',
  length: 'MISSING',
  material: 'MISSING',
  pressure: 'MISSING',
  standard: 'MISSING',
  dimension: 'MISSING',
  product_type: 'MISSING',
  dimension_unit: 'MISSING'
}
Failed to parse comparison for match 3553: {
  grade: 'MISSING',
  length: 'MISSING',
  material: 'MISSING',
  pressure: 'MISSING',
  standard: 'MISSING',
  dimension: 'MISSING',
  product_type: 'MISSING',
  dimension_unit: 'MISSING'
}
Failed to parse comparison for match 3554: {
  grade: 'MISSING',
  length: 'MISSING',
  material: 'MISSING',
  pressure: 'MISSING',
  standard: 'MISSING',
  dimension: 'MISSING',
  product_type: 'MISSING',
  dimension_unit: 'MISSING'
}
Failed to parse comparison for match 3555: {
  grade: 'MISSING',
  length: 'MISSING',
  material: 'MISSING',
  pressure: 'MISSING',
  standard: 'MISSING',
  dimension: 'MISSING',
  product_type: 'MISSING',
  dimension_unit: 'MISSING'
}
Failed to parse comparison for match 3556: {
  grade: 'MISSING',
  length: 'MISSING',
  material: 'MISSING',
  pressure: 'MISSING',
  standard: 'MISSING',
  dimension: 'MISSING',
  product_type: 'MISSING',
  dimension_unit: 'MISSING'
}
Failed to parse comparison for match 3557: {
  grade: 'MISSING',
  length: 'MISSING',
  material: 'MISSING',
  pressure: 'MISSING',
  standard: 'MISSING',
  dimension: 'MISSING',
  product_type: 'MISSING',
  dimension_unit: 'MISSING'
}
Failed to parse comparison for match 3558: {
  grade: 'MISSING',
  length: 'MISSING',
  material: 'MISSING',
  pressure: 'MISSING',
  standard: 'MISSING',
  dimension: 'MISSING',
  product_type: 'MISSING',
  dimension_unit: 'MISSING'
}
Failed to parse comparison for match 3559: {
  grade: 'MISSING',
  length: 'MISSING',
  material: 'MISSING',
  pressure: 'MISSING',
  standard: 'MISSING',
  dimension: 'MISSING',
  product_type: 'MISSING',
  dimension_unit: 'MISSING'
}
Failed to parse comparison for match 3560: {
  grade: 'MISSING',
  length: 'MISSING',
  material: 'MISSING',
  pressure: 'MISSING',
  standard: 'MISSING',
  dimension: 'MISSING',
  product_type: 'MISSING',
  dimension_unit: 'MISSING'
}
Failed to parse comparison for match 3561: {
  grade: 'MISSING',
  length: 'MISSING',
  material: 'MISSING',
  pressure: 'MISSING',
  standard: 'MISSING',
  dimension: 'MISSING',
  product_type: 'MISSING',
  dimension_unit: 'MISSING'
}
Failed to parse comparison for match 3562: {
  grade: 'MISSING',
  length: 'MISSING',
  material: 'MISSING',
  pressure: 'MISSING',
  standard: 'MISSING',
  dimension: 'MISSING',
  product_type: 'MISSING',
  dimension_unit: 'MISSING'
}
Failed to parse comparison for match 3563: {
  grade: 'MISSING',
  length: 'MISSING',
  material: 'MISSING',
  pressure: 'MISSING',
  standard: 'MISSING',
  dimension: 'MISSING',
  product_type: 'MISSING',
  dimension_unit: 'MISSING'
}
Failed to parse comparison for match 3564: {
  grade: 'MISSING',
  length: 'MISSING',
  material: 'MISSING',
  pressure: 'MISSING',
  standard: 'MISSING',
  dimension: 'MISSING',
  product_type: 'MISSING',
  dimension_unit: 'MISSING'
}
Failed to parse comparison for match 3565: {
  grade: 'MISSING',
  length: 'MISSING',
  material: 'MISSING',
  pressure: 'MISSING',
  standard: 'MISSING',
  dimension: 'MISSING',
  product_type: 'MISSING',
  dimension_unit: 'MISSING'
}
Failed to parse comparison for match 3566: {
  grade: 'MISSING',
  length: 'MISSING',
  material: 'MISSING',
  pressure: 'MISSING',
  standard: 'MISSING',
  dimension: 'MISSING',
  product_type: 'MISSING',
  dimension_unit: 'MISSING'
}
Failed to parse comparison for match 3567: {
  grade: 'MISSING',
  length: 'MISSING',
  material: 'MISSING',
  pressure: 'MISSING',
  standard: 'MISSING',
  dimension: 'MISSING',
  product_type: 'MISSING',
  dimension_unit: 'MISSING'
}
Failed to parse comparison for match 3568: {
  grade: 'MISSING',
  length: 'MISSING',
  material: 'MISSING',
  pressure: 'MISSING',
  standard: 'MISSING',
  dimension: 'MISSING',
  product_type: 'MISSING',
  dimension_unit: 'MISSING'
}
Failed to parse comparison for match 3569: {
  grade: 'MISSING',
  length: 'MISSING',
  material: 'MISSING',
  pressure: 'MISSING',
  standard: 'MISSING',
  dimension: 'MISSING',
  product_type: 'MISSING',
  dimension_unit: 'MISSING'
}
Failed to parse comparison for match 3570: {
  grade: 'MISSING',
  length: 'MISSING',
  material: 'MISSING',
  pressure: 'MISSING',
  standard: 'MISSING',
  dimension: 'MISSING',
  product_type: 'MISSING',
  dimension_unit: 'MISSING'
}
Failed to parse comparison for match 3571: {
  grade: 'MISSING',
  length: 'MISSING',
  material: 'MISSING',
  pressure: 'MISSING',
  standard: 'MISSING',
  dimension: 'MISSING',
  product_type: 'MISSING',
  dimension_unit: 'MISSING'
}
Failed to parse comparison for match 3572: {
  grade: 'MISSING',
  length: 'MISSING',
  material: 'MISSING',
  pressure: 'MISSING',
  standard: 'MISSING',
  dimension: 'MISSING',
  product_type: 'MISSING',
  dimension_unit: 'MISSING'
}
Failed to parse comparison for match 3573: {
  grade: 'MISSING',
  length: 'MISSING',
  material: 'MISSING',
  pressure: 'MISSING',
  standard: 'MISSING',
  dimension: 'MISSING',
  product_type: 'MISSING',
  dimension_unit: 'MISSING'
}
Failed to parse comparison for match 3574: {
  grade: 'MISSING',
  length: 'MISSING',
  material: 'MISSING',
  pressure: 'MISSING',
  standard: 'MISSING',
  dimension: 'MISSING',
  product_type: 'MISSING',
  dimension_unit: 'MISSING'
}
Failed to parse comparison for match 3575: {
  grade: 'MISSING',
  length: 'MISSING',
  material: 'MISSING',
  pressure: 'MISSING',
  standard: 'MISSING',
  dimension: 'MISSING',
  product_type: 'MISSING',
  dimension_unit: 'MISSING'
}
Failed to parse comparison for match 3576: {
  grade: 'MISSING',
  length: 'MISSING',
  material: 'MISSING',
  pressure: 'MISSING',
  standard: 'MISSING',
  dimension: 'MISSING',
  product_type: 'MISSING',
  dimension_unit: 'MISSING'
}
Failed to parse comparison for match 3577: {
  grade: 'MISSING',
  length: 'MISSING',
  material: 'MISSING',
  pressure: 'MISSING',
  standard: 'MISSING',
  dimension: 'MISSING',
  product_type: 'MISSING',
  dimension_unit: 'MISSING'
}
Failed to parse comparison for match 3578: {
  grade: 'MISSING',
  length: 'MISSING',
  material: 'MISSING',
  pressure: 'MISSING',
  standard: 'MISSING',
  dimension: 'MISSING',
  product_type: 'MISSING',
  dimension_unit: 'MISSING'
}
Failed to parse comparison for match 3579: {
  grade: 'MISSING',
  length: 'MISSING',
  material: 'MISSING',
  pressure: 'MISSING',
  standard: 'MISSING',
  dimension: 'MISSING',
  product_type: 'MISSING',
  dimension_unit: 'MISSING'
}
Failed to parse comparison for match 3580: {
  grade: 'MISSING',
  length: 'MISSING',
  material: 'MISSING',
  pressure: 'MISSING',
  standard: 'MISSING',
  dimension: 'MISSING',
  product_type: 'MISSING',
  dimension_unit: 'MISSING'
}
Failed to parse comparison for match 3581: {
  grade: 'MISSING',
  length: 'MISSING',
  material: 'MISSING',
  pressure: 'MISSING',
  standard: 'MISSING',
  dimension: 'MISSING',
  product_type: 'MISSING',
  dimension_unit: 'MISSING'
}
Failed to parse comparison for match 3582: {
  grade: 'MISSING',
  length: 'MISSING',
  material: 'MISSING',
  pressure: 'MISSING',
  standard: 'MISSING',
  dimension: 'MISSING',
  product_type: 'MISSING',
  dimension_unit: 'MISSING'
}
Failed to parse comparison for match 3583: {
  grade: 'MISSING',
  length: 'MISSING',
  material: 'MISSING',
  pressure: 'MISSING',
  standard: 'MISSING',
  dimension: 'MISSING',
  product_type: 'MISSING',
  dimension_unit: 'MISSING'
}
Failed to parse comparison for match 3584: {
  grade: 'MISSING',
  length: 'MISSING',
  material: 'MISSING',
  pressure: 'MISSING',
  standard: 'MISSING',
  dimension: 'MISSING',
  product_type: 'MISSING',
  dimension_unit: 'MISSING'
}
Failed to parse comparison for match 3585: {
  grade: 'MISSING',
  length: 'MISSING',
  material: 'MISSING',
  pressure: 'MISSING',
  standard: 'MISSING',
  dimension: 'MISSING',
  product_type: 'MISSING',
  dimension_unit: 'MISSING'
}
Failed to parse comparison for match 3586: {
  grade: 'MISSING',
  length: 'MISSING',
  material: 'MISSING',
  pressure: 'MISSING',
  standard: 'MISSING',
  dimension: 'MISSING',
  product_type: 'MISSING',
  dimension_unit: 'MISSING'
}
Failed to parse comparison for match 3587: {
  grade: 'MISSING',
  length: 'MISSING',
  material: 'MISSING',
  pressure: 'MISSING',
  standard: 'MISSING',
  dimension: 'MISSING',
  product_type: 'MISSING',
  dimension_unit: 'MISSING'
}
Failed to parse comparison for match 3588: {
  grade: 'MISSING',
  length: 'MISSING',
  material: 'MISSING',
  pressure: 'MISSING',
  standard: 'MISSING',
  dimension: 'MISSING',
  product_type: 'MISSING',
  dimension_unit: 'MISSING'
}
Failed to parse comparison for match 3589: {
  grade: 'MISSING',
  length: 'MISSING',
  material: 'MISSING',
  pressure: 'MISSING',
  standard: 'MISSING',
  dimension: 'MISSING',
  product_type: 'MISSING',
  dimension_unit: 'MISSING'
}
Failed to parse comparison for match 3590: {
  grade: 'MISSING',
  length: 'MISSING',
  material: 'MISSING',
  pressure: 'MISSING',
  standard: 'MISSING',
  dimension: 'MISSING',
  product_type: 'MISSING',
  dimension_unit: 'MISSING'
}
Failed to parse comparison for match 3591: {
  grade: 'MISSING',
  length: 'MISSING',
  material: 'MISSING',
  pressure: 'MISSING',
  standard: 'MISSING',
  dimension: 'MISSING',
  product_type: 'MISSING',
  dimension_unit: 'MISSING'
}
Failed to parse comparison for match 3592: {
  grade: 'MISSING',
  length: 'MISSING',
  material: 'MISSING',
  pressure: 'MISSING',
  standard: 'MISSING',
  dimension: 'MISSING',
  product_type: 'MISSING',
  dimension_unit: 'MISSING'
}
Failed to parse comparison for match 3593: {
  grade: 'MISSING',
  length: 'MISSING',
  material: 'MISSING',
  pressure: 'MISSING',
  standard: 'MISSING',
  dimension: 'MISSING',
  product_type: 'MISSING',
  dimension_unit: 'MISSING'
}
Failed to parse comparison for match 3594: {
  grade: 'MISSING',
  length: 'MISSING',
  material: 'MISSING',
  pressure: 'MISSING',
  standard: 'MISSING',
  dimension: 'MISSING',
  product_type: 'MISSING',
  dimension_unit: 'MISSING'
}
Failed to parse comparison for match 3595: {
  grade: 'MISSING',
  length: 'MISSING',
  material: 'MISSING',
  pressure: 'MISSING',
  standard: 'MISSING',
  dimension: 'MISSING',
  product_type: 'MISSING',
  dimension_unit: 'MISSING'
}
Failed to parse comparison for match 3596: {
  grade: 'MISSING',
  length: 'MISSING',
  material: 'MISSING',
  pressure: 'MISSING',
  standard: 'MISSING',
  dimension: 'MISSING',
  product_type: 'MISSING',
  dimension_unit: 'MISSING'
}
Failed to parse comparison for match 3597: {
  grade: 'MISSING',
  length: 'MISSING',
  material: 'MISSING',
  pressure: 'MISSING',
  standard: 'MISSING',
  dimension: 'MISSING',
  product_type: 'MISSING',
  dimension_unit: 'MISSING'
}
Failed to parse comparison for match 3598: {
  grade: 'MISSING',
  length: 'MISSING',
  material: 'MISSING',
  pressure: 'MISSING',
  standard: 'MISSING',
  dimension: 'MISSING',
  product_type: 'MISSING',
  dimension_unit: 'MISSING'
}
Failed to parse comparison for match 3599: {
  grade: 'MISSING',
  length: 'MISSING',
  material: 'MISSING',
  pressure: 'MISSING',
  standard: 'MISSING',
  dimension: 'MISSING',
  product_type: 'MISSING',
  dimension_unit: 'MISSING'
}
Failed to parse comparison for match 3600: {
  grade: 'MISSING',
  length: 'MISSING',
  material: 'MISSING',
  pressure: 'MISSING',
  standard: 'MISSING',
  dimension: 'MISSING',
  product_type: 'MISSING',
  dimension_unit: 'MISSING'
}
Failed to parse comparison for match 3601: {
  grade: 'MISSING',
  length: 'MISSING',
  material: 'MISSING',
  pressure: 'MISSING',
  standard: 'MISSING',
  dimension: 'MISSING',
  product_type: 'MISSING',
  dimension_unit: 'MISSING'
}
Failed to parse comparison for match 3602: {
  grade: 'MISSING',
  length: 'MISSING',
  material: 'MISSING',
  pressure: 'MISSING',
  standard: 'MISSING',
  dimension: 'MISSING',
  product_type: 'MISSING',
  dimension_unit: 'MISSING'
}
Failed to parse comparison for match 3603: {
  grade: 'MISSING',
  length: 'MISSING',
  material: 'MISSING',
  pressure: 'MISSING',
  standard: 'MISSING',
  dimension: 'MISSING',
  product_type: 'MISSING',
  dimension_unit: 'MISSING'
}
Failed to parse comparison for match 3604: {
  grade: 'MISSING',
  length: 'MISSING',
  material: 'MISSING',
  pressure: 'MISSING',
  standard: 'MISSING',
  dimension: 'MISSING',
  product_type: 'MISSING',
  dimension_unit: 'MISSING'
}
Failed to parse comparison for match 3605: {
  grade: 'MISSING',
  length: 'MISSING',
  material: 'MISSING',
  pressure: 'MISSING',
  standard: 'MISSING',
  dimension: 'MISSING',
  product_type: 'MISSING',
  dimension_unit: 'MISSING'
}
Failed to parse comparison for match 3606: {
  grade: 'MISSING',
  length: 'MISSING',
  material: 'MISSING',
  pressure: 'MISSING',
  standard: 'MISSING',
  dimension: 'MISSING',
  product_type: 'MISSING',
  dimension_unit: 'MISSING'
}
Failed to parse comparison for match 3607: {
  grade: 'MISSING',
  length: 'MISSING',
  material: 'MISSING',
  pressure: 'MISSING',
  standard: 'MISSING',
  dimension: 'MISSING',
  product_type: 'MISSING',
  dimension_unit: 'MISSING'
}
Failed to parse comparison for match 3608: {
  grade: 'MISSING',
  length: 'MISSING',
  material: 'MISSING',
  pressure: 'MISSING',
  standard: 'MISSING',
  dimension: 'MISSING',
  product_type: 'MISSING',
  dimension_unit: 'MISSING'
}
Failed to parse comparison for match 3609: {
  grade: 'MISSING',
  length: 'MISSING',
  material: 'MISSING',
  pressure: 'MISSING',
  standard: 'MISSING',
  dimension: 'MISSING',
  product_type: 'MISSING',
  dimension_unit: 'MISSING'
}
Failed to parse comparison for match 3610: {
  grade: 'MISSING',
  length: 'MISSING',
  material: 'MISSING',
  pressure: 'MISSING',
  standard: 'MISSING',
  dimension: 'MISSING',
  product_type: 'MISSING',
  dimension_unit: 'MISSING'
}
Failed to parse comparison for match 3611: {
  grade: 'MISSING',
  length: 'MISSING',
  material: 'MISSING',
  pressure: 'MISSING',
  standard: 'MISSING',
  dimension: 'MISSING',
  product_type: 'MISSING',
  dimension_unit: 'MISSING'
}
Failed to parse comparison for match 3612: {
  grade: 'MISSING',
  length: 'MISSING',
  material: 'MISSING',
  pressure: 'MISSING',
  standard: 'MISSING',
  dimension: 'MISSING',
  product_type: 'MISSING',
  dimension_unit: 'MISSING'
}
Failed to parse comparison for match 3613: {
  grade: 'MISSING',
  length: 'MISSING',
  material: 'MISSING',
  pressure: 'MISSING',
  standard: 'MISSING',
  dimension: 'MISSING',
  product_type: 'MISSING',
  dimension_unit: 'MISSING'
}
Failed to parse comparison for match 3614: {
  grade: 'MISSING',
  length: 'MISSING',
  material: 'MISSING',
  pressure: 'MISSING',
  standard: 'MISSING',
  dimension: 'MISSING',
  product_type: 'MISSING',
  dimension_unit: 'MISSING'
}
Failed to parse comparison for match 3615: {
  grade: 'MISSING',
  length: 'MISSING',
  material: 'MISSING',
  pressure: 'MISSING',
  standard: 'MISSING',
  dimension: 'MISSING',
  product_type: 'MISSING',
  dimension_unit: 'MISSING'
}
Failed to parse comparison for match 3616: {
  grade: 'MISSING',
  length: 'MISSING',
  material: 'MISSING',
  pressure: 'MISSING',
  standard: 'MISSING',
  dimension: 'MISSING',
  product_type: 'MISSING',
  dimension_unit: 'MISSING'
}
Failed to parse comparison for match 3617: {
  grade: 'MISSING',
  length: 'MISSING',
  material: 'MISSING',
  pressure: 'MISSING',
  standard: 'MISSING',
  dimension: 'MISSING',
  product_type: 'MISSING',
  dimension_unit: 'MISSING'
}
Failed to parse comparison for match 3618: {
  grade: 'MISSING',
  length: 'MISSING',
  material: 'MISSING',
  pressure: 'MISSING',
  standard: 'MISSING',
  dimension: 'MISSING',
  product_type: 'MISSING',
  dimension_unit: 'MISSING'
}
Failed to parse comparison for match 3619: {
  grade: 'MISSING',
  length: 'MISSING',
  material: 'MISSING',
  pressure: 'MISSING',
  standard: 'MISSING',
  dimension: 'MISSING',
  product_type: 'MISSING',
  dimension_unit: 'MISSING'
}
Failed to parse comparison for match 3620: {
  grade: 'MISSING',
  length: 'MISSING',
  material: 'MISSING',
  pressure: 'MISSING',
  standard: 'MISSING',
  dimension: 'MISSING',
  product_type: 'MISSING',
  dimension_unit: 'MISSING'
}
Failed to parse comparison for match 3621: {
  grade: 'MISSING',
  length: 'MISSING',
  material: 'MISSING',
  pressure: 'MISSING',
  standard: 'MISSING',
  dimension: 'MISSING',
  product_type: 'MISSING',
  dimension_unit: 'MISSING'
}
Failed to parse comparison for match 3622: {
  grade: 'MISSING',
  length: 'MISSING',
  material: 'MISSING',
  pressure: 'MISSING',
  standard: 'MISSING',
  dimension: 'MISSING',
  product_type: 'MISSING',
  dimension_unit: 'MISSING'
}
Failed to parse comparison for match 3623: {
  grade: 'MISSING',
  length: 'MISSING',
  material: 'MISSING',
  pressure: 'MISSING',
  standard: 'MISSING',
  dimension: 'MISSING',
  product_type: 'MISSING',
  dimension_unit: 'MISSING'
}
Failed to parse comparison for match 3624: {
  grade: 'MISSING',
  length: 'MISSING',
  material: 'MISSING',
  pressure: 'MISSING',
  standard: 'MISSING',
  dimension: 'MISSING',
  product_type: 'MISSING',
  dimension_unit: 'MISSING'
}
Failed to parse comparison for match 3625: {
  grade: 'MISSING',
  length: 'MISSING',
  material: 'MISSING',
  pressure: 'MISSING',
  standard: 'MISSING',
  dimension: 'MISSING',
  product_type: 'MISSING',
  dimension_unit: 'MISSING'
}
Failed to parse comparison for match 3626: {
  grade: 'MISSING',
  length: 'MISSING',
  material: 'MISSING',
  pressure: 'MISSING',
  standard: 'MISSING',
  dimension: 'MISSING',
  product_type: 'MISSING',
  dimension_unit: 'MISSING'
}
Failed to parse comparison for match 3627: {
  grade: 'MISSING',
  length: 'MISSING',
  material: 'MISSING',
  pressure: 'MISSING',
  standard: 'MISSING',
  dimension: 'MISSING',
  product_type: 'MISSING',
  dimension_unit: 'MISSING'
}
Failed to parse comparison for match 3628: {
  grade: 'MISSING',
  length: 'MISSING',
  material: 'MISSING',
  pressure: 'MISSING',
  standard: 'MISSING',
  dimension: 'MISSING',
  product_type: 'MISSING',
  dimension_unit: 'MISSING'
}
Failed to parse comparison for match 3629: {
  grade: 'MISSING',
  length: 'MISSING',
  material: 'MISSING',
  pressure: 'MISSING',
  standard: 'MISSING',
  dimension: 'MISSING',
  product_type: 'MISSING',
  dimension_unit: 'MISSING'
}
Failed to parse comparison for match 3630: {
  grade: 'MISSING',
  length: 'MISSING',
  material: 'MISSING',
  pressure: 'MISSING',
  standard: 'MISSING',
  dimension: 'MISSING',
  product_type: 'MISSING',
  dimension_unit: 'MISSING'
}
Failed to parse comparison for match 3631: {
  grade: 'MISSING',
  length: 'MISSING',
  material: 'MISSING',
  pressure: 'MISSING',
  standard: 'MISSING',
  dimension: 'MISSING',
  product_type: 'MISSING',
  dimension_unit: 'MISSING'
}
Failed to parse comparison for match 3632: {
  grade: 'MISSING',
  length: 'MISSING',
  material: 'MISSING',
  pressure: 'MISSING',
  standard: 'MISSING',
  dimension: 'MISSING',
  product_type: 'MISSING',
  dimension_unit: 'MISSING'
}
Failed to parse comparison for match 3633: {
  grade: 'MISSING',
  length: 'MISSING',
  material: 'MISSING',
  pressure: 'MISSING',
  standard: 'MISSING',
  dimension: 'MISSING',
  product_type: 'MISSING',
  dimension_unit: 'MISSING'
}
Failed to parse comparison for match 3634: {
  grade: 'MISSING',
  length: 'MISSING',
  material: 'MISSING',
  pressure: 'MISSING',
  standard: 'MISSING',
  dimension: 'MISSING',
  product_type: 'MISSING',
  dimension_unit: 'MISSING'
}
Failed to parse comparison for match 3635: {
  grade: 'MISSING',
  length: 'MISSING',
  material: 'MISSING',
  pressure: 'MISSING',
  standard: 'MISSING',
  dimension: 'MISSING',
  product_type: 'MISSING',
  dimension_unit: 'MISSING'
}
Failed to parse comparison for match 3636: {
  grade: 'MISSING',
  length: 'MISSING',
  material: 'MISSING',
  pressure: 'MISSING',
  standard: 'MISSING',
  dimension: 'MISSING',
  product_type: 'MISSING',
  dimension_unit: 'MISSING'
}
Failed to parse comparison for match 3637: {
  grade: 'MISSING',
  length: 'MISSING',
  material: 'MISSING',
  pressure: 'MISSING',
  standard: 'MISSING',
  dimension: 'MISSING',
  product_type: 'MISSING',
  dimension_unit: 'MISSING'
}
Failed to parse comparison for match 3638: {
  grade: 'MISSING',
  length: 'MISSING',
  material: 'MISSING',
  pressure: 'MISSING',
  standard: 'MISSING',
  dimension: 'MISSING',
  product_type: 'MISSING',
  dimension_unit: 'MISSING'
}
Failed to parse comparison for match 3639: {
  grade: 'MISSING',
  length: 'MISSING',
  material: 'MISSING',
  pressure: 'MISSING',
  standard: 'MISSING',
  dimension: 'MISSING',
  product_type: 'MISSING',
  dimension_unit: 'MISSING'
}
Failed to parse comparison for match 3640: {
  grade: 'MISSING',
  length: 'MISSING',
  material: 'MISSING',
  pressure: 'MISSING',
  standard: 'MISSING',
  dimension: 'MISSING',
  product_type: 'MISSING',
  dimension_unit: 'MISSING'
}
Failed to parse comparison for match 3641: {
  grade: 'MISSING',
  length: 'MISSING',
  material: 'MISSING',
  pressure: 'MISSING',
  standard: 'MISSING',
  dimension: 'MISSING',
  product_type: 'MISSING',
  dimension_unit: 'MISSING'
}
Failed to parse comparison for match 3642: {
  grade: 'MISSING',
  length: 'MISSING',
  material: 'MISSING',
  pressure: 'MISSING',
  standard: 'MISSING',
  dimension: 'MISSING',
  product_type: 'MISSING',
  dimension_unit: 'MISSING'
}
Failed to parse comparison for match 3643: {
  grade: 'MISSING',
  length: 'MISSING',
  material: 'MISSING',
  pressure: 'MISSING',
  standard: 'MISSING',
  dimension: 'MISSING',
  product_type: 'MISSING',
  dimension_unit: 'MISSING'
}
Failed to parse comparison for match 3644: {
  grade: 'MISSING',
  length: 'MISSING',
  material: 'MISSING',
  pressure: 'MISSING',
  standard: 'MISSING',
  dimension: 'MISSING',
  product_type: 'MISSING',
  dimension_unit: 'MISSING'
}
Failed to parse comparison for match 3645: {
  grade: 'MISSING',
  length: 'MISSING',
  material: 'MISSING',
  pressure: 'MISSING',
  standard: 'MISSING',
  dimension: 'MISSING',
  product_type: 'MISSING',
  dimension_unit: 'MISSING'
}
Failed to parse comparison for match 3646: {
  grade: 'MISSING',
  length: 'MISSING',
  material: 'MISSING',
  pressure: 'MISSING',
  standard: 'MISSING',
  dimension: 'MISSING',
  product_type: 'MISSING',
  dimension_unit: 'MISSING'
}
Failed to parse comparison for match 3647: {
  grade: 'MISSING',
  length: 'MISSING',
  material: 'MISSING',
  pressure: 'MISSING',
  standard: 'MISSING',
  dimension: 'MISSING',
  product_type: 'MISSING',
  dimension_unit: 'MISSING'
}
Failed to parse comparison for match 3648: {
  grade: 'MISSING',
  length: 'MISSING',
  material: 'MISSING',
  pressure: 'MISSING',
  standard: 'MISSING',
  dimension: 'MISSING',
  product_type: 'MISSING',
  dimension_unit: 'MISSING'
}
Failed to parse comparison for match 3649: {
  grade: 'MISSING',
  length: 'MISSING',
  material: 'MISSING',
  pressure: 'MISSING',
  standard: 'MISSING',
  dimension: 'MISSING',
  product_type: 'MISSING',
  dimension_unit: 'MISSING'
}
Failed to parse comparison for match 3650: {
  grade: 'MISSING',
  length: 'MISSING',
  material: 'MISSING',
  pressure: 'MISSING',
  standard: 'MISSING',
  dimension: 'MISSING',
  product_type: 'MISSING',
  dimension_unit: 'MISSING'
}
Failed to parse comparison for match 3651: {
  grade: 'MISSING',
  length: 'MISSING',
  material: 'MISSING',
  pressure: 'MISSING',
  standard: 'MISSING',
  dimension: 'MISSING',
  product_type: 'MISSING',
  dimension_unit: 'MISSING'
}
Failed to parse comparison for match 3652: {
  grade: 'MISSING',
  length: 'MISSING',
  material: 'MISSING',
  pressure: 'MISSING',
  standard: 'MISSING',
  dimension: 'MISSING',
  product_type: 'MISSING',
  dimension_unit: 'MISSING'
}
Failed to parse comparison for match 3653: {
  grade: 'MISSING',
  length: 'MISSING',
  material: 'MISSING',
  pressure: 'MISSING',
  standard: 'MISSING',
  dimension: 'MISSING',
  product_type: 'MISSING',
  dimension_unit: 'MISSING'
}
Failed to parse comparison for match 3654: {
  grade: 'MISSING',
  length: 'MISSING',
  material: 'MISSING',
  pressure: 'MISSING',
  standard: 'MISSING',
  dimension: 'MISSING',
  product_type: 'MISSING',
  dimension_unit: 'MISSING'
}
Failed to parse comparison for match 3655: {
  grade: 'MISSING',
  length: 'MISSING',
  material: 'MISSING',
  pressure: 'MISSING',
  standard: 'MISSING',
  dimension: 'MISSING',
  product_type: 'MISSING',
  dimension_unit: 'MISSING'
}
Failed to parse comparison for match 3656: {
  grade: 'MISSING',
  length: 'MISSING',
  material: 'MISSING',
  pressure: 'MISSING',
  standard: 'MISSING',
  dimension: 'MISSING',
  product_type: 'MISSING',
  dimension_unit: 'MISSING'
}
Failed to parse comparison for match 3657: {
  grade: 'MISSING',
  length: 'MISSING',
  material: 'MISSING',
  pressure: 'MISSING',
  standard: 'MISSING',
  dimension: 'MISSING',
  product_type: 'MISSING',
  dimension_unit: 'MISSING'
}
Failed to parse comparison for match 3658: {
  grade: 'MISSING',
  length: 'MISSING',
  material: 'MISSING',
  pressure: 'MISSING',
  standard: 'MISSING',
  dimension: 'MISSING',
  product_type: 'MISSING',
  dimension_unit: 'MISSING'
}
Failed to parse comparison for match 3659: {
  grade: 'MISSING',
  length: 'MISSING',
  material: 'MISSING',
  pressure: 'MISSING',
  standard: 'MISSING',
  dimension: 'MISSING',
  product_type: 'MISSING',
  dimension_unit: 'MISSING'
}
Failed to parse comparison for match 3660: {
  grade: 'MISSING',
  length: 'MISSING',
  material: 'MISSING',
  pressure: 'MISSING',
  standard: 'MISSING',
  dimension: 'MISSING',
  product_type: 'MISSING',
  dimension_unit: 'MISSING'
}
Failed to parse comparison for match 3661: {
  grade: 'MISSING',
  length: 'MISSING',
  material: 'MISSING',
  pressure: 'MISSING',
  standard: 'MISSING',
  dimension: 'MISSING',
  product_type: 'MISSING',
  dimension_unit: 'MISSING'
}
Failed to parse comparison for match 3662: {
  grade: 'MISSING',
  length: 'MISSING',
  material: 'MISSING',
  pressure: 'MISSING',
  standard: 'MISSING',
  dimension: 'MISSING',
  product_type: 'MISSING',
  dimension_unit: 'MISSING'
}
Failed to parse comparison for match 3663: {
  grade: 'MISSING',
  length: 'MISSING',
  material: 'MISSING',
  pressure: 'MISSING',
  standard: 'MISSING',
  dimension: 'MISSING',
  product_type: 'MISSING',
  dimension_unit: 'MISSING'
}
Failed to parse comparison for match 3664: {
  grade: 'MISSING',
  length: 'MISSING',
  material: 'MISSING',
  pressure: 'MISSING',
  standard: 'MISSING',
  dimension: 'MISSING',
  product_type: 'MISSING',
  dimension_unit: 'MISSING'
}
Failed to parse comparison for match 3665: {
  grade: 'MISSING',
  length: 'MISSING',
  material: 'MISSING',
  pressure: 'MISSING',
  standard: 'MISSING',
  dimension: 'MISSING',
  product_type: 'MISSING',
  dimension_unit: 'MISSING'
}
Failed to parse comparison for match 3666: {
  grade: 'MISSING',
  length: 'MISSING',
  material: 'MISSING',
  pressure: 'MISSING',
  standard: 'MISSING',
  dimension: 'MISSING',
  product_type: 'MISSING',
  dimension_unit: 'MISSING'
}
Failed to parse comparison for match 3667: {
  grade: 'MISSING',
  length: 'MISSING',
  material: 'MISSING',
  pressure: 'MISSING',
  standard: 'MISSING',
  dimension: 'MISSING',
  product_type: 'MISSING',
  dimension_unit: 'MISSING'
}
Failed to parse comparison for match 3668: {
  grade: 'MISSING',
  length: 'MISSING',
  material: 'MISSING',
  pressure: 'MISSING',
  standard: 'MISSING',
  dimension: 'MISSING',
  product_type: 'MISSING',
  dimension_unit: 'MISSING'
}
Failed to parse comparison for match 3669: {
  grade: 'MISSING',
  length: 'MISSING',
  material: 'MISSING',
  pressure: 'MISSING',
  standard: 'MISSING',
  dimension: 'MISSING',
  product_type: 'MISSING',
  dimension_unit: 'MISSING'
}
Failed to parse comparison for match 3670: {
  grade: 'MISSING',
  length: 'MISSING',
  material: 'MISSING',
  pressure: 'MISSING',
  standard: 'MISSING',
  dimension: 'MISSING',
  product_type: 'MISSING',
  dimension_unit: 'MISSING'
}
Failed to parse comparison for match 3671: {
  grade: 'MISSING',
  length: 'MISSING',
  material: 'MISSING',
  pressure: 'MISSING',
  standard: 'MISSING',
  dimension: 'MISSING',
  product_type: 'MISSING',
  dimension_unit: 'MISSING'
}
Failed to parse comparison for match 3672: {
  grade: 'MISSING',
  length: 'MISSING',
  material: 'MISSING',
  pressure: 'MISSING',
  standard: 'MISSING',
  dimension: 'MISSING',
  product_type: 'MISSING',
  dimension_unit: 'MISSING'
}
Failed to parse comparison for match 3673: {
  grade: 'MISSING',
  length: 'MISSING',
  material: 'MISSING',
  pressure: 'MISSING',
  standard: 'MISSING',
  dimension: 'MISSING',
  product_type: 'MISSING',
  dimension_unit: 'MISSING'
}
Failed to parse comparison for match 3674: {
  grade: 'MISSING',
  length: 'MISSING',
  material: 'MISSING',
  pressure: 'MISSING',
  standard: 'MISSING',
  dimension: 'MISSING',
  product_type: 'MISSING',
  dimension_unit: 'MISSING'
}
Failed to parse comparison for match 3675: {
  grade: 'MISSING',
  length: 'MISSING',
  material: 'MISSING',
  pressure: 'MISSING',
  standard: 'MISSING',
  dimension: 'MISSING',
  product_type: 'MISSING',
  dimension_unit: 'MISSING'
}
Failed to parse comparison for match 3676: {
  grade: 'MISSING',
  length: 'MISSING',
  material: 'MISSING',
  pressure: 'MISSING',
  standard: 'MISSING',
  dimension: 'MISSING',
  product_type: 'MISSING',
  dimension_unit: 'MISSING'
}
Failed to parse comparison for match 3677: {
  grade: 'MISSING',
  length: 'MISSING',
  material: 'MISSING',
  pressure: 'MISSING',
  standard: 'MISSING',
  dimension: 'MISSING',
  product_type: 'MISSING',
  dimension_unit: 'MISSING'
}
Failed to parse comparison for match 3678: {
  grade: 'MISSING',
  length: 'MISSING',
  material: 'MISSING',
  pressure: 'MISSING',
  standard: 'MISSING',
  dimension: 'MISSING',
  product_type: 'MISSING',
  dimension_unit: 'MISSING'
}
Failed to parse comparison for match 3679: {
  grade: 'MISSING',
  length: 'MISSING',
  material: 'MATCH',
  pressure: 'MISSING',
  standard: 'MISSING',
  dimension: 'MISSING',
  product_type: 'MISSING',
  dimension_unit: 'MISSING'
}
Failed to parse comparison for match 3680: {
  grade: 'MISSING',
  length: 'MISSING',
  material: 'MATCH',
  pressure: 'MISSING',
  standard: 'MISSING',
  dimension: 'MISSING',
  product_type: 'MISSING',
  dimension_unit: 'MISSING'
}
Failed to parse comparison for match 3681: {
  grade: 'MISSING',
  length: 'MISSING',
  material: 'MISSING',
  pressure: 'MISSING',
  standard: 'MISSING',
  dimension: 'MISSING',
  product_type: 'MISSING',
  dimension_unit: 'MISSING'
}
Failed to parse comparison for match 3682: {
  grade: 'MISSING',
  length: 'MISSING',
  material: 'MISSING',
  pressure: 'MISSING',
  standard: 'MISSING',
  dimension: 'MISSING',
  product_type: 'MISSING',
  dimension_unit: 'MISSING'
}
Failed to parse comparison for match 3683: {
  grade: 'MISSING',
  length: 'MISSING',
  material: 'MISSING',
  pressure: 'MISSING',
  standard: 'MISSING',
  dimension: 'MISSING',
  product_type: 'MISSING',
  dimension_unit: 'MISSING'
}
Failed to parse comparison for match 3684: {
  grade: 'MISSING',
  length: 'MISSING',
  material: 'MISSING',
  pressure: 'MISSING',
  standard: 'MISSING',
  dimension: 'MISSING',
  product_type: 'MISSING',
  dimension_unit: 'MISSING'
}
Failed to parse comparison for match 3685: {
  grade: 'MISSING',
  length: 'MISSING',
  material: 'MISSING',
  pressure: 'MISSING',
  standard: 'MISSING',
  dimension: 'MISSING',
  product_type: 'MISSING',
  dimension_unit: 'MISSING'
}
Failed to parse comparison for match 3686: {
  grade: 'MISSING',
  length: 'MISSING',
  material: 'MISSING',
  pressure: 'MISSING',
  standard: 'MISSING',
  dimension: 'MISSING',
  product_type: 'MISSING',
  dimension_unit: 'MISSING'
}
Failed to parse comparison for match 3687: {
  grade: 'MISSING',
  length: 'MISSING',
  material: 'MISSING',
  pressure: 'MISSING',
  standard: 'MISSING',
  dimension: 'MISSING',
  product_type: 'MISSING',
  dimension_unit: 'MISSING'
}
Failed to parse comparison for match 3688: {
  grade: 'MISSING',
  length: 'MISSING',
  material: 'MATCH',
  pressure: 'MISSING',
  standard: 'MISSING',
  dimension: 'MISSING',
  product_type: 'MISSING',
  dimension_unit: 'MISSING'
}
Failed to parse comparison for match 3689: {
  grade: 'MISSING',
  length: 'MISSING',
  material: 'MISSING',
  pressure: 'MISSING',
  standard: 'MISSING',
  dimension: 'MISSING',
  product_type: 'MISSING',
  dimension_unit: 'MISSING'
}
Failed to parse comparison for match 3690: {
  grade: 'MISSING',
  length: 'MISSING',
  material: 'MISSING',
  pressure: 'MISSING',
  standard: 'MISSING',
  dimension: 'MISSING',
  product_type: 'MISSING',
  dimension_unit: 'MISSING'
}
Failed to parse comparison for match 3691: {
  grade: 'MISSING',
  length: 'MISSING',
  material: 'MISSING',
  pressure: 'MISSING',
  standard: 'MISSING',
  dimension: 'MISSING',
  product_type: 'MISSING',
  dimension_unit: 'MISSING'
}
Failed to parse comparison for match 3692: {
  grade: 'MISSING',
  length: 'MISSING',
  material: 'MISSING',
  pressure: 'MISSING',
  standard: 'MISSING',
  dimension: 'MISSING',
  product_type: 'MISSING',
  dimension_unit: 'MISSING'
}
Failed to parse comparison for match 3693: {
  grade: 'MISSING',
  length: 'MISSING',
  material: 'MISSING',
  pressure: 'MISSING',
  standard: 'MISSING',
  dimension: 'MISSING',
  product_type: 'MISSING',
  dimension_unit: 'MISSING'
}
Failed to parse comparison for match 3694: {
  grade: 'MISSING',
  length: 'MISSING',
  material: 'MISSING',
  pressure: 'MISSING',
  standard: 'MISSING',
  dimension: 'MISSING',
  product_type: 'MISSING',
  dimension_unit: 'MISSING'
}
Failed to parse comparison for match 3695: {
  grade: 'MISSING',
  length: 'MISSING',
  material: 'MISSING',
  pressure: 'MISSING',
  standard: 'MISSING',
  dimension: 'MISSING',
  product_type: 'MISSING',
  dimension_unit: 'MISSING'
}
Failed to parse comparison for match 3696: {
  grade: 'MISSING',
  length: 'MISSING',
  material: 'MISSING',
  pressure: 'MISSING',
  standard: 'MISSING',
  dimension: 'MISSING',
  product_type: 'MISSING',
  dimension_unit: 'MISSING'
}
Failed to parse comparison for match 3697: {
  grade: 'MISSING',
  length: 'MISSING',
  material: 'MISSING',
  pressure: 'MISSING',
  standard: 'MISSING',
  dimension: 'MISSING',
  product_type: 'MISSING',
  dimension_unit: 'MISSING'
}
Failed to parse comparison for match 3698: {
  grade: 'MISSING',
  length: 'MISSING',
  material: 'MISSING',
  pressure: 'MISSING',
  standard: 'MISSING',
  dimension: 'MISSING',
  product_type: 'MISSING',
  dimension_unit: 'MISSING'
}
Failed to parse comparison for match 3699: {
  grade: 'MISSING',
  length: 'MISSING',
  material: 'MISSING',
  pressure: 'MISSING',
  standard: 'MISSING',
  dimension: 'MISSING',
  product_type: 'MISSING',
  dimension_unit: 'MISSING'
}
Failed to parse comparison for match 3700: {
  grade: 'MISSING',
  length: 'MISSING',
  material: 'MISSING',
  pressure: 'MISSING',
  standard: 'MISSING',
  dimension: 'MISSING',
  product_type: 'MISSING',
  dimension_unit: 'MISSING'
}
Failed to parse comparison for match 3701: {
  grade: 'MISSING',
  length: 'MISSING',
  material: 'MISSING',
  pressure: 'MISSING',
  standard: 'MISSING',
  dimension: 'MISSING',
  product_type: 'MISSING',
  dimension_unit: 'MISSING'
}
Failed to parse comparison for match 3702: {
  grade: 'MISSING',
  length: 'MISSING',
  material: 'MISSING',
  pressure: 'MISSING',
  standard: 'MISSING',
  dimension: 'MISSING',
  product_type: 'MISSING',
  dimension_unit: 'MISSING'
}
Failed to parse comparison for match 3703: {
  grade: 'MISSING',
  length: 'MISSING',
  material: 'MISSING',
  pressure: 'MISSING',
  standard: 'MISSING',
  dimension: 'MISSING',
  product_type: 'MISSING',
  dimension_unit: 'MISSING'
}
Failed to parse comparison for match 3704: {
  grade: 'MISSING',
  length: 'MISSING',
  material: 'MISSING',
  pressure: 'MISSING',
  standard: 'MISSING',
  dimension: 'MISSING',
  product_type: 'MISSING',
  dimension_unit: 'MISSING'
}
Failed to parse comparison for match 3705: {
  grade: 'MISSING',
  length: 'MISSING',
  material: 'MISSING',
  pressure: 'MISSING',
  standard: 'MISSING',
  dimension: 'MISSING',
  product_type: 'MISSING',
  dimension_unit: 'MISSING'
}
Failed to parse comparison for match 3706: {
  grade: 'MISSING',
  length: 'MISSING',
  material: 'MISSING',
  pressure: 'MISSING',
  standard: 'MISSING',
  dimension: 'MISSING',
  product_type: 'MISSING',
  dimension_unit: 'MISSING'
}
Failed to parse comparison for match 3707: {
  grade: 'MISSING',
  length: 'MISSING',
  material: 'MISSING',
  pressure: 'MISSING',
  standard: 'MISSING',
  dimension: 'MISSING',
  product_type: 'MISSING',
  dimension_unit: 'MISSING'
}
Failed to parse comparison for match 3708: {
  grade: 'MISSING',
  length: 'MISSING',
  material: 'MISSING',
  pressure: 'MISSING',
  standard: 'MISSING',
  dimension: 'MISSING',
  product_type: 'MISSING',
  dimension_unit: 'MISSING'
}
Failed to parse comparison for match 3709: {
  grade: 'MISSING',
  length: 'MISSING',
  material: 'MISSING',
  pressure: 'MISSING',
  standard: 'MISSING',
  dimension: 'MISSING',
  product_type: 'MISSING',
  dimension_unit: 'MISSING'
}
Failed to parse comparison for match 3710: {
  grade: 'MISSING',
  length: 'MISSING',
  material: 'MISSING',
  pressure: 'MISSING',
  standard: 'MISSING',
  dimension: 'MISSING',
  product_type: 'MISSING',
  dimension_unit: 'MISSING'
}
Failed to parse comparison for match 3711: {
  grade: 'MISSING',
  length: 'MISSING',
  material: 'MISSING',
  pressure: 'MISSING',
  standard: 'MISSING',
  dimension: 'MISSING',
  product_type: 'MISSING',
  dimension_unit: 'MISSING'
}
Failed to parse comparison for match 3712: {
  grade: 'MISSING',
  length: 'MISSING',
  material: 'MISSING',
  pressure: 'MISSING',
  standard: 'MISSING',
  dimension: 'MISSING',
  product_type: 'MISSING',
  dimension_unit: 'MISSING'
}
Failed to parse comparison for match 3713: {
  grade: 'MISSING',
  length: 'MISSING',
  material: 'MISSING',
  pressure: 'MISSING',
  standard: 'MISSING',
  dimension: 'MISSING',
  product_type: 'MISSING',
  dimension_unit: 'MISSING'
}
Failed to parse comparison for match 3714: {
  grade: 'MISSING',
  length: 'MISSING',
  material: 'MISSING',
  pressure: 'MISSING',
  standard: 'MISSING',
  dimension: 'MISSING',
  product_type: 'MISSING',
  dimension_unit: 'MISSING'
}
Failed to parse comparison for match 3715: {
  grade: 'MISSING',
  length: 'MISSING',
  material: 'MISSING',
  pressure: 'MISSING',
  standard: 'MISSING',
  dimension: 'MISSING',
  product_type: 'MISSING',
  dimension_unit: 'MISSING'
}
Failed to parse comparison for match 3716: {
  grade: 'MISSING',
  length: 'MISSING',
  material: 'MISSING',
  pressure: 'MISSING',
  standard: 'MISSING',
  dimension: 'MISSING',
  product_type: 'MISSING',
  dimension_unit: 'MISSING'
}
Failed to parse comparison for match 3717: {
  grade: 'MISSING',
  length: 'MISSING',
  material: 'MISSING',
  pressure: 'MISSING',
  standard: 'MISSING',
  dimension: 'MISSING',
  product_type: 'MISSING',
  dimension_unit: 'MISSING'
}
Failed to parse comparison for match 3718: {
  grade: 'MISSING',
  length: 'MISSING',
  material: 'MISSING',
  pressure: 'MISSING',
  standard: 'MISSING',
  dimension: 'MISSING',
  product_type: 'MISSING',
  dimension_unit: 'MISSING'
}
Failed to parse comparison for match 3719: {
  grade: 'MISSING',
  length: 'MISSING',
  material: 'MISSING',
  pressure: 'MISSING',
  standard: 'MISSING',
  dimension: 'MISSING',
  product_type: 'MISSING',
  dimension_unit: 'MISSING'
}
Failed to parse comparison for match 3720: {
  grade: 'MISSING',
  length: 'MISSING',
  material: 'MISSING',
  pressure: 'MISSING',
  standard: 'MISSING',
  dimension: 'MISSING',
  product_type: 'MISSING',
  dimension_unit: 'MISSING'
}
Failed to parse comparison for match 3721: {
  grade: 'MISSING',
  length: 'MISSING',
  material: 'MISSING',
  pressure: 'MISSING',
  standard: 'MISSING',
  dimension: 'MISSING',
  product_type: 'MISSING',
  dimension_unit: 'MISSING'
}
Failed to parse comparison for match 3722: {
  grade: 'MISSING',
  length: 'MISSING',
  material: 'MISSING',
  pressure: 'MISSING',
  standard: 'MISSING',
  dimension: 'MISSING',
  product_type: 'MISSING',
  dimension_unit: 'MISSING'
}
Failed to parse comparison for match 3723: {
  grade: 'MISSING',
  length: 'MISSING',
  material: 'MISSING',
  pressure: 'MISSING',
  standard: 'MISSING',
  dimension: 'MISSING',
  product_type: 'MISSING',
  dimension_unit: 'MISSING'
}
Failed to parse comparison for match 3724: {
  grade: 'MISSING',
  length: 'MISSING',
  material: 'MISSING',
  pressure: 'MISSING',
  standard: 'MISSING',
  dimension: 'MISSING',
  product_type: 'MISSING',
  dimension_unit: 'MISSING'
}
Failed to parse comparison for match 3725: {
  grade: 'MISSING',
  length: 'MISSING',
  material: 'MISSING',
  pressure: 'MISSING',
  standard: 'MISSING',
  dimension: 'MISSING',
  product_type: 'MISSING',
  dimension_unit: 'MISSING'
}
Failed to parse comparison for match 3726: {
  grade: 'MISSING',
  length: 'MISSING',
  material: 'MISSING',
  pressure: 'MISSING',
  standard: 'MISSING',
  dimension: 'MISSING',
  product_type: 'MISSING',
  dimension_unit: 'MISSING'
}
Failed to parse comparison for match 3727: {
  grade: 'MISSING',
  length: 'MISSING',
  material: 'MISSING',
  pressure: 'MISSING',
  standard: 'MISSING',
  dimension: 'MISSING',
  product_type: 'MISSING',
  dimension_unit: 'MISSING'
}
Failed to parse comparison for match 3728: {
  grade: 'MISSING',
  length: 'MISSING',
  material: 'MISSING',
  pressure: 'MISSING',
  standard: 'MISSING',
  dimension: 'MISSING',
  product_type: 'MISSING',
  dimension_unit: 'MISSING'
}
Failed to parse comparison for match 3729: {
  grade: 'MISSING',
  length: 'MISSING',
  material: 'MISSING',
  pressure: 'MISSING',
  standard: 'MISSING',
  dimension: 'MISSING',
  product_type: 'MISSING',
  dimension_unit: 'MISSING'
}
Failed to parse comparison for match 3730: {
  grade: 'MISSING',
  length: 'MISSING',
  material: 'MISSING',
  pressure: 'MISSING',
  standard: 'MISSING',
  dimension: 'MISSING',
  product_type: 'MISSING',
  dimension_unit: 'MISSING'
}
Failed to parse comparison for match 3731: {
  grade: 'MISSING',
  length: 'MISSING',
  material: 'MISSING',
  pressure: 'MISSING',
  standard: 'MISSING',
  dimension: 'MISSING',
  product_type: 'MISSING',
  dimension_unit: 'MISSING'
}
Failed to parse comparison for match 3732: {
  grade: 'MISSING',
  length: 'MISSING',
  material: 'MISSING',
  pressure: 'MISSING',
  standard: 'MISSING',
  dimension: 'MISSING',
  product_type: 'MISSING',
  dimension_unit: 'MISSING'
}
Failed to parse comparison for match 3733: {
  grade: 'MISSING',
  length: 'MISSING',
  material: 'MISSING',
  pressure: 'MISSING',
  standard: 'MISSING',
  dimension: 'MISSING',
  product_type: 'MISSING',
  dimension_unit: 'MISSING'
}
Failed to parse comparison for match 3734: {
  grade: 'MISSING',
  length: 'MISSING',
  material: 'MISSING',
  pressure: 'MISSING',
  standard: 'MISSING',
  dimension: 'MISSING',
  product_type: 'MISSING',
  dimension_unit: 'MISSING'
}
Failed to parse comparison for match 3735: {
  grade: 'MISSING',
  length: 'MISSING',
  material: 'MISSING',
  pressure: 'MISSING',
  standard: 'MISSING',
  dimension: 'MISSING',
  product_type: 'MISSING',
  dimension_unit: 'MISSING'
}
Failed to parse comparison for match 3736: {
  grade: 'MISSING',
  length: 'MISSING',
  material: 'MISSING',
  pressure: 'MISSING',
  standard: 'MISSING',
  dimension: 'MISSING',
  product_type: 'MISSING',
  dimension_unit: 'MISSING'
}
Failed to parse comparison for match 3737: {
  grade: 'MISSING',
  length: 'MISSING',
  material: 'MISSING',
  pressure: 'MISSING',
  standard: 'MISSING',
  dimension: 'MISSING',
  product_type: 'MISSING',
  dimension_unit: 'MISSING'
}
Failed to parse comparison for match 3738: {
  grade: 'MISSING',
  length: 'MISSING',
  material: 'MISSING',
  pressure: 'MISSING',
  standard: 'MISSING',
  dimension: 'MISSING',
  product_type: 'MISSING',
  dimension_unit: 'MISSING'
}
Failed to parse comparison for match 3739: {
  grade: 'MISSING',
  length: 'MISSING',
  material: 'MISSING',
  pressure: 'MISSING',
  standard: 'MISSING',
  dimension: 'MISSING',
  product_type: 'MISSING',
  dimension_unit: 'MISSING'
}
Failed to parse comparison for match 3740: {
  grade: 'MISSING',
  length: 'MISSING',
  material: 'MISSING',
  pressure: 'MISSING',
  standard: 'MISSING',
  dimension: 'MISSING',
  product_type: 'MISSING',
  dimension_unit: 'MISSING'
}
Failed to parse comparison for match 3741: {
  grade: 'MISSING',
  length: 'MISSING',
  material: 'MISSING',
  pressure: 'MISSING',
  standard: 'MISSING',
  dimension: 'MISSING',
  product_type: 'MISSING',
  dimension_unit: 'MISSING'
}
Failed to parse comparison for match 3742: {
  grade: 'MISSING',
  length: 'MISSING',
  material: 'MISSING',
  pressure: 'MISSING',
  standard: 'MISSING',
  dimension: 'MISSING',
  product_type: 'MISSING',
  dimension_unit: 'MISSING'
}
Failed to parse comparison for match 3743: {
  grade: 'MISSING',
  length: 'MISSING',
  material: 'MISSING',
  pressure: 'MISSING',
  standard: 'MISSING',
  dimension: 'MISSING',
  product_type: 'MISSING',
  dimension_unit: 'MISSING'
}
Failed to parse comparison for match 3744: {
  grade: 'MISSING',
  length: 'MISSING',
  material: 'MISSING',
  pressure: 'MISSING',
  standard: 'MISSING',
  dimension: 'MISSING',
  product_type: 'MISSING',
  dimension_unit: 'MISSING'
}
Failed to parse comparison for match 3745: {
  grade: 'MISSING',
  length: 'MISSING',
  material: 'MISSING',
  pressure: 'MISSING',
  standard: 'MISSING',
  dimension: 'MISSING',
  product_type: 'MISSING',
  dimension_unit: 'MISSING'
}
Failed to parse comparison for match 3746: {
  grade: 'MISSING',
  length: 'MISSING',
  material: 'MISSING',
  pressure: 'MISSING',
  standard: 'MISSING',
  dimension: 'MISSING',
  product_type: 'MISSING',
  dimension_unit: 'MISSING'
}
Failed to parse comparison for match 3747: {
  grade: 'MISSING',
  length: 'MISSING',
  material: 'MISSING',
  pressure: 'MISSING',
  standard: 'MISSING',
  dimension: 'MISSING',
  product_type: 'MISSING',
  dimension_unit: 'MISSING'
}
Failed to parse comparison for match 1902: {
  grade: 'MISMATCH',
  length: 'MATCH',
  material: 'MATCH',
  pressure: 'MISSING',
  standard: 'MISMATCH',
  dimension: 'MISMATCH',
  product_type: 'MATCH',
  dimension_unit: 'MISMATCH'
}
Failed to parse comparison for match 1903: {
  grade: 'MATCH',
  length: 'MATCH',
  material: 'MISMATCH',
  pressure: 'MISSING',
  standard: 'MATCH',
  dimension: 'MATCH',
  product_type: 'MATCH',
  dimension_unit: 'MATCH'
}
Failed to parse comparison for match 1904: {
  grade: 'MISMATCH',
  length: 'MATCH',
  material: 'MISMATCH',
  pressure: 'MISSING',
  standard: 'MISMATCH',
  dimension: 'MISMATCH',
  product_type: 'MATCH',
  dimension_unit: 'MISMATCH'
}
[32m[nodemon] restarting due to changes...[39m
[32m[nodemon] restarting due to changes...[39m
[32m[nodemon] starting `node src/server.js`[39m
node:internal/modules/cjs/loader:1573
  throw err;
  ^

Error: Cannot find module '@supabase/supabase-js'
Require stack:
- D:\HypeX\HypeX_V1\backend\src\config\db.js
- D:\HypeX\HypeX_V1\backend\src\routes\api.js
- D:\HypeX\HypeX_V1\backend\src\server.js
    at Module._resolveFilename (node:internal/modules/cjs/loader:1569:15)
    at wrapResolveFilename (node:internal/modules/cjs/loader:1123:27)
    at defaultResolveImplForCJSLoading (node:internal/modules/cjs/loader:1147:10)
    at resolveForCJSWithHooks (node:internal/modules/cjs/loader:1174:12)
    at Module._load (node:internal/modules/cjs/loader:1346:5)
    at wrapModuleLoad (node:internal/modules/cjs/loader:261:19)
    at Module.require (node:internal/modules/cjs/loader:1679:12)
    at require (node:internal/modules/helpers:196:16)
    at Object.<anonymous> (D:\HypeX\HypeX_V1\backend\src\config\db.js:5:26)
    at Module._compile (node:internal/modules/cjs/loader:1934:14) {
  code: 'MODULE_NOT_FOUND',
  requireStack: [
    'D:\\HypeX\\HypeX_V1\\backend\\src\\config\\db.js',
    'D:\\HypeX\\HypeX_V1\\backend\\src\\routes\\api.js',
    'D:\\HypeX\\HypeX_V1\\backend\\src\\server.js'
  ]
}

Node.js v26.8.1
[31m[nodemon] app crashed - waiting for file changes before starting...[39m
[32m[nodemon] restarting due to changes...[39m
[32m[nodemon] starting `node src/server.js`[39m
[32m[nodemon] restarting due to changes...[39m
[32m[nodemon] starting `node src/server.js`[39m
Node.js/Express Backend running on http://localhost:5000
Database sync connector ready.
Error connecting to Supabase: 
[32m[nodemon] restarting due to changes...[39m
[32m[nodemon] starting `node src/server.js`[39m
Node.js/Express Backend running on http://localhost:5000
Database sync connector ready.
Error connecting to Supabase: 
